Fecha,Fecha,Fecha,Base,Base,Base,Base,Base,Base,Moneda,Moneda,Amortización,Amortización,Flujo de fondos c/100 vn,Flujo de fondos c/100 vn,Flujo de fondos c/100 vn,Factores,Factores,Factores,Factores,Interés,Interés,Flujo de fondos total,Flujo de fondos total,Flujo de fondos total,Período,Período
Efectiva,Cup. #,Teórica,Emisor,Ticker,Legislación,Jurisdicción pago,VN,Denominación,Mon. pago,Mon. denom.,Amortización (vn),Valor residual,Interés,Amortización,Total,Referencias,Índ./TC,Aj. capital,Interés capit.,Tasa de int.,Interés (vn),Interés,Amortización,Total,Base,Días
2026-06-11T00:00:00.000Z,3,2026-06-11T00:00:00.000Z,Raghsa,RAC7O,Nueva York,Estados Unidos,48705263.00,COR USD Raghsa C7 (RAC7O),USD,USD,,100.00%,4.25,,4.25,,,,1.00,8.50%,4.25%,2069973.68,,2069973.68,360.00,180.00
2026-06-12T00:00:00.000Z,1,2026-06-12T00:00:00.000Z,Argentina,S12J6,Argentina,Argentina,4937002440704.00,GOB ARS ARG Lecap (S12J6),ARS,ARS,100.00%,,2.95,100.00,102.95,,,,1.00,2.10%,2.95%,145740312049.58,4937002440704.00,5082742752753.58,360.00,42.00
2026-06-12T00:00:00.000Z,2,2026-06-12T00:00:00.000Z,B. Supervielle,BPCQO,Argentina,Argentina,6934141.00,COR USD B. Supervielle CQ (BPCQO),USD,USD,100.00%,,2.99,100.00,102.99,,,,1.00,6.00%,2.99%,207454.30,6934141.00,7141595.30,365.00,182.00
2026-06-12T00:00:00.000Z,2,2026-06-12T00:00:00.000Z,Oleoductos del Valle,OLC5O,Argentina,Argentina,85000000.00,COR USD Oleoductos del Valle C5 (OLC5O),USD,USD,,100.00%,3.93,,3.93,,,,1.00,7.89%,3.93%,3344063.01,,3344063.01,365.00,182.00
2026-06-16T00:00:00.000Z,7,2026-06-13T00:00:00.000Z,Aluar,LMS9O,Argentina,Estados Unidos,50000000.00,COR USD Aluar S9 (LMS9O),USD,USD,100.00%,,1.58,100.00,101.58,,,,1.00,6.00%,1.58%,791666.67,50000000.00,50791666.67,360.00,95.00
2026-06-16T00:00:00.000Z,3,2026-06-16T00:00:00.000Z,Pampa Energia,MGCOO,Nueva York,Estados Unidos,700000000.00,COR USD Pampa Energia C23 (MGCOO),USD,USD,,100.00%,3.94,,3.94,,,,1.00,7.88%,3.94%,27562500.00,,27562500.00,360.00,180.00
2026-06-16T00:00:00.000Z,17,2026-06-15T00:00:00.000Z,YPF,YCANO,Nueva York,Estados Unidos,536612500.00,COR USD YPF 15-12-47,USD,USD,,100.00%,3.50,,3.50,,,,1.00,7.00%,3.50%,18781437.50,,18781437.50,360.00,180.00
2026-06-16T00:00:00.000Z,6,2026-06-13T00:00:00.000Z,YPF Luz,YFCIO,Argentina,Argentina,10199945.00,COR USD YPF Luz C17 (YFCIO),USD,USD,,100.00%,1.48,,1.48,,,,1.00,5.90%,1.48%,150449.19,,150449.19,360.00,90.00
2026-06-17T00:00:00.000Z,4,2026-06-17T00:00:00.000Z,Capex,CACBO,Argentina,Argentina,45097020.00,COR USD Capex C11 (CACBO),USD,USD,,100.00%,1.95,,1.95,,,,1.00,7.75%,1.95%,880936.31,,880936.31,365.00,92.00
2026-06-18T00:00:00.000Z,5,2026-06-18T00:00:00.000Z,Vitalcan,VA1AP,Argentina,Argentina,2535459.00,COR USD Vitalcan S1 CA (VA1AP),USD,USD,33.00%,34.00%,1.60,33.00,34.60,,,,1.00,9.50%,1.60%,40677.10,836701.47,877378.57,365.00,92.00
2026-06-19T00:00:00.000Z,3,2026-06-19T00:00:00.000Z,Hijos de Salvador Muñoz,MU31O,Argentina,Argentina,1382752.00,COR USD Hijos de Salvador Muñoz C3 S1 (MU31O),USD,USD,100.00%,,3.74,100.00,103.74,,,,1.00,7.50%,3.74%,51711.14,1382752.00,1434463.14,365.00,182.00
2026-06-19T00:00:00.000Z,3,2026-06-19T00:00:00.000Z,Hijos de Salvador Muñoz,MU32O,Argentina,Argentina,7929057.00,COR USD Hijos de Salvador Muñoz C3 S2 (MU32O),USD,USD,,100.00%,4.49,,4.49,,,,1.00,9.00%,4.49%,355830.01,,355830.01,365.00,182.00
2026-06-19T00:00:00.000Z,3,2026-06-19T00:00:00.000Z,Meranol,MRCYP,Argentina,Argentina,181875.00,COR USD Meranol C32 (MRCYP),USD,USD,,100.00%,4.74,,4.74,,,,1.00,9.50%,4.74%,8615.39,,8615.39,365.00,182.00
2026-06-22T00:00:00.000Z,8,2026-06-21T00:00:00.000Z,Aluar,LMS8O,Argentina,Estados Unidos,100000000.00,COR USD Aluar S8 (LMS8O),USD,USD,25.00%,75.00%,1.60,25.00,26.60,,,,1.00,6.25%,1.60%,1597222.22,25000000.00,26597222.22,360.00,92.00
2026-06-22T00:00:00.000Z,1,2026-06-22T00:00:00.000Z,Alz Nutrientes,AUS1L,Argentina,Argentina,900000.00,COR USD Alz Nutrientes S1 (AUS1L),USD,USD,,100.00%,4.36,,4.36,,,,1.00,8.75%,4.36%,39267.12,,39267.12,365.00,182.00
2026-06-22T00:00:00.000Z,1,2026-06-22T00:00:00.000Z,B. Galicia,BYCXO,Argentina,Argentina,71863952.00,COR USD B. Galicia C31 (BYCXO),USD,USD,,100.00%,2.74,,2.74,,,,1.00,5.50%,2.74%,1970844.27,,1970844.27,365.00,182.00
2026-06-22T00:00:00.000Z,3,2026-06-21T00:00:00.000Z,Hattrick Energy,HT11M,Argentina,Argentina,7000000.00,COR USD Hattrick Energy S1 C1 (HT11M),USD,USD,9.09%,81.82%,2.18,9.09,11.27,,,,1.00,9.50%,2.18%,152380.10,636300.00,788680.10,365.00,92.00
2026-06-22T00:00:00.000Z,1,2026-06-20T00:00:00.000Z,Hector A. Bertone,EH13M,Argentina,Argentina,903544.00,COR USD Hector A. Bertone S1 C3 (EH13M),USD,USD,,100.00%,2.52,,2.52,,,,1.00,10.00%,2.52%,22774.26,,22774.26,365.00,92.00
2026-06-22T00:00:00.000Z,8,2026-06-22T00:00:00.000Z,Irsa Prop,IRCFO,Nueva York,Estados Unidos,103292263.00,COR USD Irsa Prop C14 (IRCFO),USD,USD,17.50%,47.50%,2.84,17.50,20.34,,,,1.00,8.75%,2.84%,2937373.73,18076146.02,21013519.75,360.00,180.00
2026-06-22T00:00:00.000Z,3,2026-06-20T00:00:00.000Z,MSU Green Energy,EAC3O,Argentina,Argentina,21376563.00,COR USD MSU Green Energy C3 (EAC3O),USD,USD,,100.00%,4.24,,4.24,,,,1.00,8.50%,4.24%,906014.88,,906014.88,365.00,182.00
2026-06-23T00:00:00.000Z,3,2026-06-23T00:00:00.000Z,AA 2000,AERBO,Argentina,Argentina,28756612.00,COR USD AA 2000 C11 (AERBO),USD,USD,,100.00%,2.74,,2.74,,,,1.00,5.50%,2.74%,788640.24,,788640.24,365.00,182.00
2026-06-23T00:00:00.000Z,2,2026-06-23T00:00:00.000Z,B. Macro,BACGO,Nueva York,Estados Unidos,530000000.00,COR USD B. Macro CG (BACGO),USD,USD,,100.00%,4.00,,4.00,,,,1.00,8.00%,4.00%,21200000.00,,21200000.00,360.00,180.00
2026-06-23T00:00:00.000Z,1,2026-06-23T00:00:00.000Z,Promedon,PBS1M,Argentina,Argentina,4500000.00,COR USD Promedon S1 (PBS1M),USD,USD,,100.00%,4.69,,4.69,,,,1.00,9.40%,4.69%,210920.55,,210920.55,365.00,182.00
2026-06-25T00:00:00.000Z,1,2026-06-25T00:00:00.000Z,Diesel Lange,DGS1L,Argentina,Argentina,1200000.00,COR USD Diesel Lange S1 (DGS1L),USD,USD,,100.00%,1.49,,1.49,,,,1.00,5.90%,1.49%,17845.48,,17845.48,365.00,92.00
2026-06-29T00:00:00.000Z,9,2026-06-28T00:00:00.000Z,Generación Litoral,GOC4O,Argentina,Argentina,14949364.00,COR USD Generación Litoral C4 (GOC4O),USD,USD,,100.00%,0.96,,0.96,,,,1.00,11.00%,0.96%,144169.21,,144169.21,365.00,32.00
2026-06-29T00:00:00.000Z,1,2026-06-28T00:00:00.000Z,Rizobacter,RZBBO,Argentina,Argentina,5390966.00,COR USD Rizobacter S11 CB (RZBBO),USD,USD,20.00%,80.00%,0.57,20.00,20.57,,,,1.00,9.00%,0.57%,30573.42,1078193.20,1108766.62,365.00,23.00
2026-06-29T00:00:00.000Z,1,2026-06-28T00:00:00.000Z,Rizobacter,RZBCO,Argentina,Argentina,20214109.00,COR USD Rizobacter S11 CC (RZBCO),USD,USD,20.00%,80.00%,0.57,20.00,20.57,,,,1.00,9.00%,0.57%,114638.92,4042821.80,4157460.72,365.00,23.00
2026-06-29T00:00:00.000Z,8,2026-06-28T00:00:00.000Z,Rizobacter,RZ9BO,Argentina,Argentina,1624637.00,COR USD Rizobacter S9 CB (RZ9BO),USD,USD,100.00%,,1.87,100.00,101.87,,,,1.00,7.50%,1.87%,30378.49,1624637.00,1655015.49,365.00,91.00
2026-06-29T00:00:00.000Z,14,2026-06-27T00:00:00.000Z,YPF,YMC1O,Nueva York,Estados Unidos,398972000.00,COR USD YPF (YMC1O),USD,USD,,100.00%,4.25,,4.25,,,,1.00,8.50%,4.25%,16956310.00,,16956310.00,360.00,180.00
2026-06-30T00:00:00.000Z,1,2026-06-30T00:00:00.000Z,Argentina,T30J6,Argentina,Argentina,1959514430016.00,GOB ARS ARG Boncap (T30J6),ARS,ARS,100.00%,,44.90,100.00,144.90,,,,1.00,2.15%,44.90%,879743598499.98,1959514430016.00,2839258028515.98,360.00,523.00
2026-06-30T00:00:00.000Z,45,2026-06-30T00:00:00.000Z,Argentina,DICP,Argentina,Argentina,4243693957.00,GOB ARS ARG Boncer (DICP),ARS,ARS,5.00%,75.00%,1585.95,3400.41,4986.35,CER,,535.52,1.27,5.83%,2.96%,67302821449.73,144302790834.65,211605612284.39,360.00,180.00
2026-06-30T00:00:00.000Z,45,2026-06-30T00:00:00.000Z,Argentina,DIP0,Argentina,Argentina,125510513.00,GOB ARS ARG Boncer (DIP0),ARS,ARS,5.00%,75.00%,1585.95,3400.41,4986.35,CER,,535.52,1.27,5.83%,2.96%,1990532713.27,4267866035.70,6258398748.97,360.00,180.00
2026-06-30T00:00:00.000Z,1,2026-06-30T00:00:00.000Z,Argentina,TZX26,Argentina,Argentina,1393629887340.00,GOB ARS ARG Boncer (TZX26),ARS,ARS,100.00%,,,388.87,388.87,CER,,3.89,1.00,,,,5419408542899.06,5419408542899.06,360.00,869.00
2026-06-30T00:00:00.000Z,45,2026-06-30T00:00:00.000Z,Argentina,CUAP,Argentina,Argentina,23434050685.00,GOB ARS ARG (CUAP),ARS,ARS,,100.00%,1230.70,,1230.70,CER,,535.52,1.39,3.31%,2.30%,288402364978.42,,288402364978.42,360.00,180.00
2026-06-30T00:00:00.000Z,1,2026-06-30T00:00:00.000Z,Argentina,TZV26,Argentina,Argentina,4855190836.00,GOB USD-L ARG (TZV26),ARS,USD,100.00%,,,142900.00,142900.00,A3500,1429.00,,1.00,,,,6938067704644.00,6938067704644.00,360.00,842.00
2026-06-30T00:00:00.000Z,1,2026-06-30T00:00:00.000Z,Apache,AQ11L,Argentina,Argentina,3900000.00,COR USD Apache S1 C1 (AQ11L),USD,USD,,100.00%,1.68,,1.68,,,,1.00,6.75%,1.68%,65632.19,,65632.19,365.00,91.00
2026-06-30T00:00:00.000Z,4,2026-06-30T00:00:00.000Z,Argentina,AO27,Argentina,Argentina,2000370497.00,GOB USD ARG Bonar (AO27),USD,USD,,100.00%,0.52,,0.52,,,,1.00,6.00%,0.52%,10335247.57,,10335247.57,360.00,31.00
2026-06-30T00:00:00.000Z,3,2026-06-30T00:00:00.000Z,Argentina,AO28,Argentina,Argentina,1534369685.00,GOB USD ARG Bonar (AO28),USD,USD,,100.00%,0.52,,0.52,,,,1.00,6.00%,0.52%,7927576.71,,7927576.71,360.00,31.00
2026-06-30T00:00:00.000Z,20,2026-06-30T00:00:00.000Z,Mastellone,MTCGO,Nueva York,Estados Unidos,110866412.00,COR USD Mastellone CG (MTCGO),USD,USD,100.00%,,2.74,100.00,102.74,,,,1.00,10.95%,2.74%,3034968.03,110866412.00,113901380.03,360.00,90.00
2026-06-30T00:00:00.000Z,11,2026-06-30T00:00:00.000Z,YPF,YMCIO,Nueva York,Estados Unidos,747833257.00,COR USD YPF C17 (YMCIO),USD,USD,14.29%,85.71%,4.50,14.29,18.79,,,,1.00,9.00%,4.50%,33652496.57,106833320.29,140485816.86,360.00,180.00
2026-07-02T00:00:00.000Z,7,2026-07-02T00:00:00.000Z,Lipsa,LIC6O,Argentina,Argentina,12000000.00,COR USD Lipsa C6 (LIC6O),USD,USD,34.00%,,0.76,34.00,34.76,,,,1.00,9.00%,0.76%,91548.49,4080000.00,4171548.49,365.00,91.00
2026-07-02T00:00:00.000Z,4,2026-07-02T00:00:00.000Z,Telecom Argentina,TLCQO,Argentina,Argentina,50489739.00,COR USD Telecom C25 (TLCQO),USD,USD,,100.00%,1.87,,1.87,,,,1.00,7.50%,1.87%,944088.96,,944088.96,365.00,91.00
2026-07-06T00:00:00.000Z,2,2026-07-04T00:00:00.000Z,Compañía Mega,EMC1O,Argentina,Argentina,59556688.00,COR USD Compañía Mega C1 (EMC1O),USD,USD,,100.00%,3.72,,3.72,,,,1.00,7.50%,3.72%,2215019.29,,2215019.29,365.00,181.00
2026-07-08T00:00:00.000Z,4,2026-07-08T00:00:00.000Z,Havanna Holding,HVS1O,Argentina,Argentina,18534790.00,COR USD Havanna S1 (HVS1O),USD,USD,,100.00%,2.18,,2.18,,,,1.00,8.75%,2.18%,404337.71,,404337.71,365.00,91.00
2026-07-08T00:00:00.000Z,3,2026-07-08T00:00:00.000Z,YPF,YM41O,Argentina,Argentina,99005943.00,COR USD YPF C41 (YM41O),USD,USD,,100.00%,1.50,,1.50,,,,1.00,6.00%,1.50%,1481020.41,,1481020.41,365.00,91.00
2026-07-13T00:00:00.000Z,10,2026-07-12T00:00:00.000Z,Aluar,LMS7O,Argentina,Estados Unidos,137898136.00,COR USD Aluar S7 (LMS7O),USD,USD,8.33%,75.01%,1.47,8.33,9.80,,,,1.00,7.00%,1.47%,2033521.76,11486914.73,13520436.49,360.00,91.00
2026-07-13T00:00:00.000Z,11,2026-07-09T00:00:00.000Z,Argentina,GD29,Nueva York,Estados Unidos,2620524000.00,GOB USD ARG Birad (GD29),USD,USD,10.00%,60.00%,0.35,10.00,10.35,,,,1.00,1.00%,0.35%,9171834.00,262052400.00,271224234.00,360.00,180.00
2026-07-13T00:00:00.000Z,11,2026-07-09T00:00:00.000Z,Argentina,GD30,Nueva York,Estados Unidos,13587430959.00,GOB USD ARG Birad (GD30),USD,USD,8.00%,64.00%,0.27,8.00,8.27,,,,1.00,0.75%,0.27%,36686063.59,1086994476.72,1123680540.31,360.00,180.00
2026-07-13T00:00:00.000Z,11,2026-07-09T00:00:00.000Z,Argentina,GD35,Nueva York,Estados Unidos,20436350000.00,GOB USD ARG Birad (GD35),USD,USD,,100.00%,2.06,,2.06,,,,1.00,4.13%,2.06%,421499718.75,,421499718.75,360.00,180.00
2026-07-13T00:00:00.000Z,11,2026-07-09T00:00:00.000Z,Argentina,GD38,Nueva York,Estados Unidos,10063292000.00,GOB USD ARG Birad (GD38),USD,USD,,100.00%,2.50,,2.50,,,,1.00,5.00%,2.50%,251582300.00,,251582300.00,360.00,180.00
2026-07-13T00:00:00.000Z,11,2026-07-09T00:00:00.000Z,Argentina,GD41,Nueva York,Estados Unidos,10482111279.00,GOB USD ARG Birad (GD41),USD,USD,,100.00%,1.75,,1.75,,,,1.00,3.50%,1.75%,183436947.38,,183436947.38,360.00,180.00
2026-07-13T00:00:00.000Z,11,2026-07-09T00:00:00.000Z,Argentina,GD46,Nueva York,Estados Unidos,2091997124.00,GOB USD ARG Birad (GD46),USD,USD,2.27%,90.91%,1.92,2.27,4.19,,,,1.00,4.13%,1.92%,40205570.08,47545389.18,87750959.26,360.00,180.00
2026-07-13T00:00:00.000Z,11,2026-07-09T00:00:00.000Z,Argentina,AE38,Argentina,Argentina,12324977546.00,GOB USD ARG Bonar (AE38),USD,USD,,100.00%,2.50,,2.50,,,,1.00,5.00%,2.50%,308124438.65,,308124438.65,360.00,180.00
2026-07-13T00:00:00.000Z,11,2026-07-09T00:00:00.000Z,Argentina,AL29,Argentina,Argentina,1394901484.00,GOB USD ARG Bonar (AL29),USD,USD,10.00%,60.00%,0.35,10.00,10.35,,,,1.00,1.00%,0.35%,4882155.19,139490148.40,144372303.59,360.00,180.00
2026-07-13T00:00:00.000Z,11,2026-07-09T00:00:00.000Z,Argentina,AL30,Argentina,Argentina,13102738119.00,GOB USD ARG Bonar (AL30),USD,USD,8.00%,64.00%,0.27,8.00,8.27,,,,1.00,0.75%,0.27%,35377392.92,1048219049.52,1083596442.44,360.00,180.00
2026-07-13T00:00:00.000Z,11,2026-07-09T00:00:00.000Z,Argentina,AL35,Argentina,Argentina,20243999549.00,GOB USD ARG Bonar (AL35),USD,USD,,100.00%,2.06,,2.06,,,,1.00,4.13%,2.06%,417532490.70,,417532490.70,360.00,180.00
2026-07-13T00:00:00.000Z,11,2026-07-09T00:00:00.000Z,Argentina,AL41,Argentina,Argentina,1542233749.00,GOB USD ARG Bonar (AL41),USD,USD,,100.00%,1.75,,1.75,,,,1.00,3.50%,1.75%,26989090.61,,26989090.61,360.00,180.00
2026-07-13T00:00:00.000Z,2,2026-07-11T00:00:00.000Z,Cresud,CS48O,Argentina,Argentina,43656188.00,COR USD Cresud C48 (CS48O),USD,USD,,100.00%,3.97,,3.97,,,,1.00,8.00%,3.97%,1731894.80,,1731894.80,365.00,181.00
2026-07-13T00:00:00.000Z,2,2026-07-09T00:00:00.000Z,Finanlease,FAS1M,Argentina,Argentina,3000000.00,COR USD Finanlease S1 (FAS1M),USD,USD,,100.00%,1.55,,1.55,,,,1.00,9.00%,1.55%,46602.74,,46602.74,365.00,63.00
2026-07-13T00:00:00.000Z,7,2026-07-09T00:00:00.000Z,Inversora Juramento,JNC5O,Argentina,Argentina,20000000.00,COR USD Inversora Juramento C5 (JNC5O),USD,USD,,100.00%,1.50,,1.50,,,,1.00,6.00%,1.50%,299178.08,,299178.08,365.00,91.00
2026-07-13T00:00:00.000Z,5,2026-07-10T00:00:00.000Z,YPF,YMCYO,Argentina,Argentina,125000000.00,COR USD YPF C32 (YMCYO),USD,USD,,100.00%,1.62,,1.62,,,,1.00,6.50%,1.62%,2025684.93,,2025684.93,365.00,91.00
2026-07-14T00:00:00.000Z,2,2026-07-14T00:00:00.000Z,Profertil,PFC2O,Argentina,Argentina,54325110.00,COR USD Profertil C2 (PFC2O),USD,USD,,100.00%,3.60,,3.60,,,,1.00,7.25%,3.60%,1953099.33,,1953099.33,365.00,181.00
2026-07-14T00:00:00.000Z,6,2026-07-14T00:00:00.000Z,San Miguel,SNABO,Argentina,Argentina,1128461.00,COR USD San Miguel S10 CB (SNABO),USD,USD,,100.00%,3.97,,3.97,,,,1.00,8.00%,3.97%,44767.44,,44767.44,365.00,181.00
2026-07-14T00:00:00.000Z,5,2026-07-14T00:00:00.000Z,San Miguel,SNSBO,Argentina,Argentina,5864584.00,COR USD San Miguel S11 (SNSBO),USD,USD,,100.00%,3.97,,3.97,,,,1.00,8.00%,3.97%,232655.28,,232655.28,365.00,181.00
2026-07-14T00:00:00.000Z,3,2026-07-14T00:00:00.000Z,San Miguel,SNSDO,Argentina,Argentina,2924676.00,COR USD San Miguel S12 (SNSDO),USD,USD,,100.00%,3.97,,3.97,,,,1.00,8.00%,3.97%,116025.50,,116025.50,365.00,181.00
2026-07-14T00:00:00.000Z,2,2026-07-14T00:00:00.000Z,San Miguel,SNEBO,Argentina,Argentina,47759471.00,COR USD San Miguel S13 CB (SNEBO),USD,USD,,85.00%,3.37,,3.37,,,,1.00,8.00%,3.37%,1610475.53,,1610475.53,365.00,181.00
2026-07-15T00:00:00.000Z,4,2026-07-15T00:00:00.000Z,BST,BVCOO,Argentina,Argentina,10214576.00,COR USD BST C23 (BVCOO),USD,USD,100.00%,,1.99,100.00,101.99,,,,1.00,8.00%,1.99%,203731.82,10214576.00,10418307.82,365.00,91.00
2026-07-15T00:00:00.000Z,2,2026-07-15T00:00:00.000Z,BST,BVCRO,Argentina,Argentina,10891553.00,COR USD BST C26 (BVCRO),USD,USD,,100.00%,1.75,,1.75,,,,1.00,7.00%,1.75%,190079.98,,190079.98,365.00,91.00
2026-07-15T00:00:00.000Z,1,2026-07-15T00:00:00.000Z,Pan American Energy,PN43O,Nueva York,Estados Unidos,375000000.00,COR USD Pan American Energy C43 (PN43O),USD,USD,,100.00%,3.88,,3.88,,,,1.00,7.75%,3.88%,14531250.00,,14531250.00,360.00,180.00
2026-07-15T00:00:00.000Z,3,2026-07-15T00:00:00.000Z,Vista Energy Argentina,VSCWO,Argentina,Argentina,73256123.00,COR USD Vista Energy Argentina C30 (VSCWO),USD,USD,,100.00%,1.50,,1.50,,,,1.00,6.00%,1.50%,1095831.32,,1095831.32,365.00,91.00
2026-07-16T00:00:00.000Z,1,2026-07-16T00:00:00.000Z,John Deere,HJCKO,Argentina,Argentina,80000000.00,COR USD John Deere C19 (HJCKO),USD,USD,,100.00%,3.84,,3.84,,,,1.00,7.75%,3.84%,3074520.55,,3074520.55,365.00,181.00
2026-07-16T00:00:00.000Z,3,2026-07-16T00:00:00.000Z,Puente,PHC3O,Argentina,Argentina,10256122.00,COR USD Puente C3 (PHC3O),USD,USD,,100.00%,3.22,,3.22,,,,1.00,6.50%,3.22%,330584.32,,330584.32,365.00,181.00
2026-07-16T00:00:00.000Z,1,2026-07-16T00:00:00.000Z,Scania Credit Argentina,SBC2O,Argentina,Argentina,40979825.00,COR USD Scania Credit Argentina C2 (SBC2O),USD,USD,9.00%,91.00%,3.71,9.00,12.71,,,,1.00,7.49%,3.71%,1522080.52,3688184.25,5210264.77,365.00,181.00
2026-07-17T00:00:00.000Z,1,2026-07-17T00:00:00.000Z,Argentina,S17L6,Argentina,Argentina,2751778636690.00,GOB ARS ARG Lecap (S17L6),ARS,ARS,100.00%,,7.92,100.00,107.92,,,,1.00,2.16%,7.92%,217940868025.85,2751778636690.00,2969719504715.85,360.00,107.00
2026-07-17T00:00:00.000Z,5,2026-07-17T00:00:00.000Z,Cresud,CS44O,Argentina,Argentina,39765830.00,COR USD Cresud C44 (CS44O),USD,USD,,100.00%,2.98,,2.98,,,,1.00,6.00%,2.98%,1183169.63,,1183169.63,365.00,181.00
2026-07-17T00:00:00.000Z,3,2026-07-17T00:00:00.000Z,John Deere,HJCHO,Argentina,Argentina,50000000.00,COR USD John Deere C16 (HJCHO),USD,USD,,100.00%,3.43,,3.43,,,,1.00,7.00%,3.43%,1716438.36,,1716438.36,365.00,179.00
2026-07-17T00:00:00.000Z,3,2026-07-17T00:00:00.000Z,MSU,MSSEO,Argentina,Argentina,19575659.00,COR USD MSU S13 (MSSEO),USD,USD,100.00%,,6.50,100.00,106.50,,,,1.00,6.50%,6.50%,1272417.84,19575659.00,20848076.84,365.00,365.00
2026-07-17T00:00:00.000Z,4,2026-07-17T00:00:00.000Z,Otamerica Ebytem,OT41O,Argentina,Argentina,28306584.00,COR USD Oiltanking Ebytem S4 C1 (OT41O),USD,USD,,100.00%,1.75,,1.75,,,,1.00,7.00%,1.75%,494008.06,,494008.06,365.00,91.00
2026-07-17T00:00:00.000Z,4,2026-07-17T00:00:00.000Z,Otamerica Ebytem,OT42O,Argentina,Argentina,35231293.00,COR USD Oiltanking Ebytem S4 C2 (OT42O),USD,USD,,100.00%,1.99,,1.99,,,,1.00,8.00%,1.99%,702695.38,,702695.38,365.00,91.00
2026-07-17T00:00:00.000Z,5,2026-07-17T00:00:00.000Z,YPF,YMCUO,Nueva York,Estados Unidos,800000000.00,COR USD YPF C28 (YMCUO),USD,USD,10.00%,90.00%,4.75,10.00,14.75,,,,1.00,9.50%,4.75%,38000000.00,80000000.00,118000000.00,360.00,180.00
2026-07-17T00:00:00.000Z,1,2026-07-17T00:00:00.000Z,YPF,Y134O,Nueva York,Estados Unidos,,COR USD YPF C34 Adicionales (Y134O),USD,USD,,100.00%,4.13,,4.13,,,,1.00,8.25%,4.13%,,,,360.00,180.00
2026-07-17T00:00:00.000Z,3,2026-07-17T00:00:00.000Z,YPF,YM34O,Nueva York,Estados Unidos,1650000000.00,COR USD YPF C34 (YM34O),USD,USD,,100.00%,4.13,,4.13,,,,1.00,8.25%,4.13%,68062500.00,,68062500.00,360.00,180.00
2026-07-20T00:00:00.000Z,20,2026-07-19T00:00:00.000Z,B. Galicia,BYC2O,Nueva York,Estados Unidos,250000000.00,COR USD B. Galicia (BYC2O),USD,USD,100.00%,,3.98,100.00,103.98,,,,1.00,7.97%,3.98%,9957500.00,250000000.00,259957500.00,360.00,180.00
2026-07-20T00:00:00.000Z,1,2026-07-20T00:00:00.000Z,Cresud,CS51O,Argentina,Argentina,46778518.00,COR USD Cresud C51 (CS51O),USD,USD,,100.00%,2.85,,2.85,,,,1.00,5.75%,2.85%,1333828.56,,1333828.56,365.00,181.00
2026-07-20T00:00:00.000Z,2,2026-07-20T00:00:00.000Z,Futuros y Opciones,FO4AO,Argentina,Argentina,20921198.00,COR USD Futuros y Opciones S4 CA (FO4AO),USD,USD,,100.00%,1.97,,1.97,,,,1.00,7.90%,1.97%,412061.62,,412061.62,365.00,91.00
2026-07-20T00:00:00.000Z,1,2026-07-20T00:00:00.000Z,Telecom Argentina,TLCTO,Nueva York,Estados Unidos,600000000.00,COR USD Telecom Argentina C27 (TLCTO),USD,USD,,100.00%,4.25,,4.25,,,,1.00,8.50%,4.25%,25500000.00,,25500000.00,360.00,180.00
2026-07-20T00:00:00.000Z,4,2026-07-18T00:00:00.000Z,Telecom Argentina,TLCMO,Nueva York,Estados Unidos,817217000.00,COR USD Telecom C21 (TLCMO),USD,USD,,100.00%,4.75,,4.75,,,,1.00,9.50%,4.75%,38817807.50,,38817807.50,360.00,180.00
2026-07-21T00:00:00.000Z,3,2026-07-21T00:00:00.000Z,BST,BVCPO,Argentina,Argentina,21148774.00,COR USD BST C24 (BVCPO),USD,USD,,100.00%,1.99,,1.99,,,,1.00,8.00%,1.99%,421816.64,,421816.64,365.00,91.00
2026-07-21T00:00:00.000Z,2,2026-07-21T00:00:00.000Z,PCR,PQCTO,Argentina,Argentina,38916527.00,COR USD PCR CT (PQCTO),USD,USD,,100.00%,4.22,,4.22,,,,1.00,8.50%,4.22%,1640358.27,,1640358.27,365.00,181.00
2026-07-21T00:00:00.000Z,18,2026-07-21T00:00:00.000Z,YPF,YCAMO,Nueva York,Estados Unidos,643428000.00,COR USD YPF C53 (YCAMO),USD,USD,,100.00%,3.48,,3.48,,,,1.00,6.95%,3.48%,22359123.00,,22359123.00,360.00,180.00
2026-07-22T00:00:00.000Z,3,2026-07-22T00:00:00.000Z,Tecpetrol,TTCAO,Nueva York,Estados Unidos,400000000.00,COR USD Tecpetrol C10 (TTCAO),USD,USD,,100.00%,3.81,,3.81,,,,1.00,7.63%,3.81%,15250000.00,,15250000.00,360.00,180.00
2026-07-22T00:00:00.000Z,4,2026-07-22T00:00:00.000Z,YPF,YM38O,Argentina,Argentina,250000000.00,COR USD YPF C38 (YM38O),USD,USD,,100.00%,1.87,,1.87,,,,1.00,7.50%,1.87%,4674657.53,,4674657.53,365.00,91.00
2026-07-22T00:00:00.000Z,2,2026-07-22T00:00:00.000Z,YPF,YM39O,Argentina,Estados Unidos,224801688.00,COR USD YPF C39 (YM39O),USD,USD,,100.00%,4.34,,4.34,,,,1.00,8.75%,4.34%,9754237.63,,9754237.63,365.00,181.00
2026-07-23T00:00:00.000Z,3,2026-07-23T00:00:00.000Z,IRSA,IRCNO,Argentina,Argentina,15799810.00,COR USD IRSA C22 (IRCNO),USD,USD,,100.00%,2.85,,2.85,,,,1.00,5.75%,2.85%,450511.02,,450511.02,365.00,181.00
2026-07-23T00:00:00.000Z,3,2026-07-23T00:00:00.000Z,IRSA,IRCOO,Argentina,Argentina,51467822.00,COR USD IRSA C23 (IRCOO),USD,USD,,100.00%,3.60,,3.60,,,,1.00,7.25%,3.60%,1850373.96,,1850373.96,365.00,181.00
2026-07-23T00:00:00.000Z,1,2026-07-23T00:00:00.000Z,Loma Negra,LOC6O,Argentina,Argentina,60000000.00,COR USD Loma Negra C6 (LOC6O),USD,USD,,100.00%,3.22,,3.22,,,,1.00,6.50%,3.22%,1933972.60,,1933972.60,365.00,181.00
2026-07-23T00:00:00.000Z,4,2026-07-23T00:00:00.000Z,MSU,MSSFO,Argentina,Argentina,33500000.00,COR USD MSU S14 (MSSFO),USD,USD,,100.00%,3.72,,3.72,,,,1.00,7.50%,3.72%,1245924.66,,1245924.66,365.00,181.00
2026-07-24T00:00:00.000Z,2,2026-07-24T00:00:00.000Z,Loma Negra,LOC5O,Argentina,Argentina,112878134.00,COR USD Loma Negra C5 (LOC5O),USD,USD,,100.00%,3.97,,3.97,,,,1.00,8.00%,3.97%,4478014.74,,4478014.74,365.00,181.00
2026-07-24T00:00:00.000Z,7,2026-07-24T00:00:00.000Z,Otamerica Ebytem,OTS2O,Argentina,Argentina,46839334.00,COR USD Oiltanking Ebytem S2 (OTS2O),USD,USD,,100.00%,1.75,,1.75,,,,1.00,7.00%,1.75%,817442.62,,817442.62,365.00,91.00
2026-07-24T00:00:00.000Z,4,2026-07-24T00:00:00.000Z,Transportadora de Gas del Sur,TSC3O,Nueva York,Estados Unidos,490000000.00,COR USD Transportadora de Gas del Sur C3 (TSC3O),USD,USD,,100.00%,4.25,,4.25,,,,1.00,8.50%,4.25%,20825000.00,,20825000.00,360.00,180.00
2026-07-27T00:00:00.000Z,2,2026-07-25T00:00:00.000Z,John Deere,HJCJO,Argentina,Argentina,56168000.00,COR USD John Deere C18 (HJCJO),USD,USD,,100.00%,4.24,,4.24,,,,1.00,8.50%,4.24%,2380599.89,,2380599.89,365.00,182.00
2026-07-27T00:00:00.000Z,3,2026-07-27T00:00:00.000Z,Vitalcan,VAC3P,Argentina,Argentina,3000000.00,COR USD Vitalcan C3 (VAC3P),USD,USD,,100.00%,2.37,,2.37,,,,1.00,9.50%,2.37%,71054.79,,71054.79,365.00,91.00
2026-07-28T00:00:00.000Z,1,2026-07-28T00:00:00.000Z,B. Macro,BACHO,Nueva York,Estados Unidos,400000000.00,COR USD B. Macro CH (BACHO),USD,USD,,100.00%,4.00,,4.00,,,,1.00,8.00%,4.00%,16000000.00,,16000000.00,360.00,180.00
2026-07-28T00:00:00.000Z,2,2026-07-28T00:00:00.000Z,Edemsa,OZC6O,Nueva York,Estados Unidos,150000000.00,COR USD Edemsa C6 (OZC6O),USD,USD,,100.00%,4.88,,4.88,,,,1.00,9.75%,4.88%,7312500.00,,7312500.00,360.00,180.00
2026-07-28T00:00:00.000Z,10,2026-07-28T00:00:00.000Z,Generación Litoral,GOC4O,Argentina,Argentina,14949364.00,COR USD Generación Litoral C4 (GOC4O),USD,USD,,100.00%,0.87,,0.87,,,,1.00,11.00%,0.87%,130653.35,,130653.35,365.00,29.00
2026-07-28T00:00:00.000Z,1,2026-07-28T00:00:00.000Z,Ricardo Venturino,VES2L,Argentina,Argentina,7000000.00,COR USD Ricardo Venturino S2 (VES2L),USD,USD,,100.00%,1.49,,1.49,,,,1.00,5.97%,1.49%,104188.77,,104188.77,365.00,91.00
2026-07-29T00:00:00.000Z,2,2026-07-29T00:00:00.000Z,Mirgor,MIC4O,Argentina,Argentina,26497257.00,COR USD Mirgor C4 (MIC4O),USD,USD,,100.00%,2.06,,2.06,,,,1.00,8.25%,2.06%,545008.65,,545008.65,365.00,91.00
2026-07-29T00:00:00.000Z,5,2026-07-29T00:00:00.000Z,Tarjeta Naranja,T641O,Argentina,Argentina,32684639.00,COR USD Tarjeta Naranja C64 S1 (T641O),USD,USD,,100.00%,1.97,,1.97,,,,1.00,7.90%,1.97%,643753.07,,643753.07,365.00,91.00
2026-07-30T00:00:00.000Z,6,2026-07-30T00:00:00.000Z,360 Energy Solar,GYC4O,Argentina,Argentina,22278429.00,COR USD 360 Energy Solar C4 (GYC4O),USD,USD,,100.00%,1.99,,1.99,,,,1.00,8.00%,1.99%,444347.84,,444347.84,365.00,91.00
2026-07-30T00:00:00.000Z,2,2026-07-30T00:00:00.000Z,MSU Energy,RUCEO,Argentina,Argentina,59743617.00,COR USD MSU Energy C13 (RUCEO),USD,USD,,100.00%,1.87,,1.87,,,,1.00,7.50%,1.87%,1117123.80,,1117123.80,365.00,91.00
2026-07-30T00:00:00.000Z,2,2026-07-30T00:00:00.000Z,Pluspetrol,PLC3O,Argentina,Argentina,90722914.00,COR USD Pluspetrol C3 (PLC3O),USD,USD,,100.00%,3.60,,3.60,,,,1.00,7.25%,3.60%,3261675.18,,3261675.18,365.00,181.00
2026-07-31T00:00:00.000Z,1,2026-07-31T00:00:00.000Z,Argentina,S31L6,Argentina,Argentina,2917921649331.00,GOB ARS ARG Lecap (S31L6),ARS,ARS,100.00%,,17.68,100.00,117.68,,,,1.00,2.75%,17.68%,515801009952.24,2917921649331.00,3433722659283.24,360.00,180.00
2026-07-31T00:00:00.000Z,1,2026-07-31T00:00:00.000Z,Argentina,X31L6,Argentina,Argentina,1410156860650.00,GOB ARS ARG Lecer (X31L6),ARS,ARS,100.00%,,,113.67,113.67,CER,,1.14,1.00,,,,1602925303500.86,1602925303500.86,360.00,180.00
2026-07-31T00:00:00.000Z,1,2026-07-31T00:00:00.000Z,Argentina,D31L6,Argentina,Argentina,537747694.00,GOB USD-L ARG Lelink (D31L6),ARS,USD,100.00%,,,142900.00,142900.00,A3500,1429.00,,1.00,,,,768441454726.00,768441454726.00,360.00,62.00
2026-07-31T00:00:00.000Z,2,2026-07-31T00:00:00.000Z,Arcor,RC1CO,Nueva York,Estados Unidos,350000000.00,COR USD Arcor C1 (RC1CO),USD,USD,,100.00%,3.80,,3.80,,,,1.00,7.60%,3.80%,13300000.00,,13300000.00,360.00,180.00
2026-07-31T00:00:00.000Z,5,2026-07-31T00:00:00.000Z,Argentina,AO27,Argentina,Argentina,2000370497.00,GOB USD ARG Bonar (AO27),USD,USD,,100.00%,0.50,,0.50,,,,1.00,6.00%,0.50%,10001852.49,,10001852.49,360.00,30.00
2026-07-31T00:00:00.000Z,4,2026-07-31T00:00:00.000Z,Argentina,AO28,Argentina,Argentina,1534369685.00,GOB USD ARG Bonar (AO28),USD,USD,,100.00%,0.50,,0.50,,,,1.00,6.00%,0.50%,7671848.42,,7671848.43,360.00,30.00
2026-08-03T00:00:00.000Z,25,2026-08-01T00:00:00.000Z,AA 2000,AER1O,Nueva York,Estados Unidos,106029178.00,COR USD AA 2000 (AER1O),USD,USD,4.17%,8.33%,0.23,4.44,4.67,,,,1.07,6.88%,0.23%,240312.08,4712967.23,4953279.31,360.00,89.00
2026-08-03T00:00:00.000Z,19,2026-08-01T00:00:00.000Z,AA 2000,AER4O,Nueva York,Estados Unidos,62016667.00,COR USD AA 2000 (AER4O),USD,USD,4.44%,68.92%,1.72,4.44,6.16,,,,1.00,9.50%,1.72%,1068510.65,2753540.01,3822050.67,360.00,89.00
2026-08-03T00:00:00.000Z,38,2026-08-01T00:00:00.000Z,AA 2000,AERAO,Nueva York,Estados Unidos,40006000.00,COR USD AA 2000 (AERAO),USD,USD,3.13%,6.25%,0.16,3.13,3.28,,,,1.00,6.88%,0.16%,63746.54,1250187.50,1313934.04,360.00,89.00
2026-08-03T00:00:00.000Z,19,2026-08-01T00:00:00.000Z,AA 2000,ARC1O,Nueva York,Estados Unidos,272949631.00,COR USD AA 2000 (ARC1O),USD,USD,0.89%,97.58%,2.07,0.89,2.96,,,,1.00,8.50%,2.07%,5648039.59,2441534.45,8089574.04,360.00,89.00
2026-08-03T00:00:00.000Z,5,2026-08-01T00:00:00.000Z,Otamerica Ebytem,OTS3O,Argentina,Argentina,35529895.00,COR USD Oiltanking Ebytem S3 (OTS3O),USD,USD,,100.00%,1.76,,1.76,,,,1.00,7.00%,1.76%,626883.63,,626883.63,365.00,92.00
2026-08-04T00:00:00.000Z,6,2026-08-04T00:00:00.000Z,Ledesma,LDCGO,Argentina,Argentina,31092846.00,COR USD Ledesma C15 (LDCGO),USD,USD,,100.00%,1.76,,1.76,,,,1.00,7.00%,1.76%,548597.06,,548597.06,365.00,92.00
2026-08-05T00:00:00.000Z,4,2026-08-05T00:00:00.000Z,Edenor,DNC5O,Argentina,Argentina,81920187.00,COR USD Edenor C5 (DNC5O),USD,USD,,100.00%,4.71,,4.71,,,,1.00,9.50%,4.71%,3859226.34,,3859226.34,365.00,181.00
2026-08-06T00:00:00.000Z,1,2026-08-06T00:00:00.000Z,B. Comafi,AFCJO,Argentina,Argentina,39996813.00,COR USD B. Comafi C18 (AFCJO),USD,USD,,100.00%,2.36,,2.36,,,,1.00,4.75%,2.36%,942116.71,,942116.71,365.00,181.00
2026-08-06T00:00:00.000Z,1,2026-08-06T00:00:00.000Z,B. Comafi,AFCKO,Argentina,Argentina,7035509.00,COR USD B. Comafi C19 (AFCKO),USD,USD,,100.00%,3.47,,3.47,,,,1.00,7.00%,3.47%,244218.90,,244218.90,365.00,181.00
2026-08-06T00:00:00.000Z,1,2026-08-06T00:00:00.000Z,B. Comafi,AFCLO,Argentina,Estados Unidos,30544114.00,COR USD B. Comafi C20 (AFCLO),USD,USD,,100.00%,2.60,,2.60,,,,1.00,5.25%,2.60%,795193.00,,795193.00,365.00,181.00
2026-08-06T00:00:00.000Z,1,2026-08-06T00:00:00.000Z,BST,BVCUO,Argentina,Argentina,8204906.00,COR USD BST C28 (BVCUO),USD,USD,,100.00%,1.13,,1.13,,,,1.00,4.50%,1.13%,93063.87,,93063.87,365.00,92.00
2026-08-06T00:00:00.000Z,2,2026-08-06T00:00:00.000Z,Pampa Energia,MGCQO,Argentina,Estados Unidos,104633623.00,COR USD Pampa Energía C25 (MGCQO),USD,USD,,100.00%,3.60,,3.60,,,,1.00,7.25%,3.60%,3761793.75,,3761793.75,365.00,181.00
2026-08-07T00:00:00.000Z,5,2026-08-07T00:00:00.000Z,YPF,YM37O,Argentina,Argentina,139501701.00,COR USD YPF C37 (YM37O),USD,USD,,100.00%,1.76,,1.76,,,,1.00,7.00%,1.76%,2461345.08,,2461345.08,365.00,92.00
2026-08-10T00:00:00.000Z,1,2026-08-09T00:00:00.000Z,CNH,CICBO,Argentina,Argentina,46506336.00,COR USD CNH C11 (CICBO),USD,USD,,100.00%,3.72,,3.72,,,,1.00,7.50%,3.72%,1729653.46,,1729653.46,365.00,181.00
2026-08-10T00:00:00.000Z,6,2026-08-10T00:00:00.000Z,Fiplasto,FPC1O,Argentina,Argentina,1366225.00,COR USD Fiplasto C1 (FPC1O),USD,USD,,100.00%,1.51,,1.51,,,,1.00,6.00%,1.51%,20661.81,,20661.81,365.00,92.00
2026-08-11T00:00:00.000Z,3,2026-08-11T00:00:00.000Z,Mirgor,MIC3O,Argentina,Argentina,20000000.00,COR USD Mirgor C3 (MIC3O),USD,USD,,100.00%,2.14,,2.14,,,,1.00,8.50%,2.14%,428493.15,,428493.15,365.00,92.00
2026-08-11T00:00:00.000Z,3,2026-08-11T00:00:00.000Z,Pan American Energy,PN38O,Argentina,Estados Unidos,120000000.00,COR USD Pan American Energy C38 (PN38O),USD,USD,,100.00%,3.22,,3.22,,,,1.00,6.50%,3.22%,3867945.21,,3867945.21,365.00,181.00
2026-08-13T00:00:00.000Z,1,2026-08-13T00:00:00.000Z,Agronorte,ORS1L,Argentina,Argentina,7500000.00,COR USD Agronorte S1 (ORS1L),USD,USD,,100.00%,1.50,,1.50,,,,1.00,5.95%,1.50%,112479.45,,112479.45,365.00,92.00
2026-08-14T00:00:00.000Z,1,2026-08-14T00:00:00.000Z,Argentina,S14G6,Argentina,Argentina,4447233893478.00,GOB ARS ARG Lecap (S14G6),ARS,ARS,100.00%,,8.03,100.00,108.03,,,,1.00,2.00%,8.03%,357068409307.35,4447233893478.00,4804302302785.35,360.00,117.00
2026-08-18T00:00:00.000Z,2,2026-08-18T00:00:00.000Z,Grupo ST,STCFO,Argentina,Argentina,11783694.00,COR USD Grupo ST C14 (STCFO),USD,USD,,100.00%,2.08,,2.08,,,,1.00,8.25%,2.08%,245036.27,,245036.27,365.00,92.00
2026-08-18T00:00:00.000Z,3,2026-08-17T00:00:00.000Z,PCR,PQCSO,Argentina,Argentina,65000000.00,COR USD PCR CS (PQCSO),USD,USD,,100.00%,3.97,,3.97,,,,1.00,8.00%,3.97%,2578630.14,,2578630.14,365.00,181.00
2026-08-19T00:00:00.000Z,2,2026-08-19T00:00:00.000Z,B. Comafi,AFCHO,Argentina,Argentina,25383018.00,COR USD B. Comafi C16 (AFCHO),USD,USD,100.00%,,3.35,100.00,103.35,,,,1.00,6.75%,3.35%,849635.68,25383018.00,26232653.68,365.00,181.00
2026-08-19T00:00:00.000Z,5,2026-08-19T00:00:00.000Z,Chaye,CY2BP,Argentina,Argentina,1300000.00,COR USD Chaye S2 CB (CY2BP),USD,USD,,50.00%,1.04,,1.04,,,,1.00,8.25%,1.04%,13516.44,,13516.44,365.00,92.00
2026-08-19T00:00:00.000Z,1,2026-08-19T00:00:00.000Z,Minas Argentinas,MJC1O,Argentina,Argentina,3605071.00,COR USD Minas Argentinas C1 (MJC1O),USD,USD,,100.00%,3.97,,3.97,,,,1.00,8.00%,3.97%,143017.61,,143017.61,365.00,181.00
2026-08-20T00:00:00.000Z,3,2026-08-20T00:00:00.000Z,Credicuotas Consumo,DHSJO,Argentina,Argentina,12324189.00,COR USD Credicuotas Consumo S18 (DHSJO),USD,USD,100.00%,,1.76,100.00,101.76,,,,1.00,7.00%,1.76%,217445.96,12324189.00,12541634.96,365.00,92.00
2026-08-20T00:00:00.000Z,3,2026-08-20T00:00:00.000Z,YPF Luz,YFCMO,Argentina,Argentina,53827026.00,COR USD YPF Luz C21 (YFCMO),USD,USD,,100.00%,1.63,,1.63,,,,1.00,6.50%,1.63%,874689.17,,874689.17,360.00,90.00
2026-08-21T00:00:00.000Z,3,2026-08-21T00:00:00.000Z,Camuzzi Gas Pampeana,ZZC1O,Argentina,Argentina,70000000.00,COR USD Camuzzi Gas Pampeana C1 (ZZC1O),USD,USD,,100.00%,3.94,,3.94,,,,1.00,7.95%,3.94%,2759630.14,,2759630.14,365.00,181.00
2026-08-24T00:00:00.000Z,2,2026-08-22T00:00:00.000Z,BBVA Argentina,BF37O,Argentina,Argentina,43355132.00,COR USD BBVA Argentina C37 (BF37O),USD,USD,100.00%,,3.01,100.00,103.01,,,,1.00,6.00%,3.01%,1304217.40,43355132.00,44659349.40,365.00,183.00
2026-08-24T00:00:00.000Z,4,2026-08-22T00:00:00.000Z,B. de Córdoba,COC2O,Argentina,Argentina,13294312.00,COR USD B. de Córdoba C2 (COC2O),USD,USD,100.00%,,1.74,100.00,101.74,,,,1.00,6.75%,1.74%,231102.49,13294312.00,13525414.49,365.00,94.00
2026-08-24T00:00:00.000Z,2,2026-08-22T00:00:00.000Z,B. Hipotecario,HBCAO,Argentina,Argentina,30781623.00,COR USD B. Hipotecario C10 (HBCAO),USD,USD,100.00%,,3.51,100.00,103.51,,,,1.00,7.00%,3.51%,1080308.47,30781623.00,31861931.47,365.00,183.00
2026-08-24T00:00:00.000Z,1,2026-08-23T00:00:00.000Z,B. Hipotecario,HBCFO,Argentina,Argentina,28717734.00,COR USD B. Hipotecario C14 (HBCFO),USD,USD,,100.00%,2.48,,2.48,,,,1.00,5.00%,2.48%,712042.45,,712042.45,365.00,181.00
2026-08-24T00:00:00.000Z,1,2026-08-22T00:00:00.000Z,B. ICBC,ICC6O,Argentina,Argentina,45080301.00,COR USD B. ICBC C6 (ICC6O),USD,USD,,100.00%,0.95,,0.95,,,,1.00,3.70%,0.95%,429559.69,,429559.69,365.00,94.00
2026-08-24T00:00:00.000Z,5,2026-08-22T00:00:00.000Z,Cresud,CS45O,Argentina,Estados Unidos,10199068.00,COR USD Cresud C45 (CS45O),USD,USD,100.00%,,2.01,100.00,102.01,,,,1.00,6.00%,2.01%,204540.21,10199068.00,10403608.21,365.00,122.00
2026-08-24T00:00:00.000Z,3,2026-08-24T00:00:00.000Z,Edesa,DEC2O,Argentina,Argentina,22492616.00,COR USD Edesa C2 (DEC2O),USD,USD,,100.00%,4.22,,4.22,,,,1.00,8.50%,4.22%,948079.17,,948079.17,365.00,181.00
2026-08-24T00:00:00.000Z,1,2026-08-23T00:00:00.000Z,Oleoductos del Valle,OLC7O,Argentina,Argentina,110000000.00,COR USD Oleoductos del Valle C7 (OLC7O),USD,USD,,100.00%,3.42,,3.42,,,,1.00,6.90%,3.42%,3763808.22,,3763808.22,365.00,181.00
2026-08-24T00:00:00.000Z,1,2026-08-22T00:00:00.000Z,Tarjeta Naranja,T672O,Argentina,Argentina,115084281.00,COR USD Tarjeta Naranja C67 S2 (T672O),USD,USD,,100.00%,1.26,,1.26,,,,1.00,5.00%,1.26%,1450377.24,,1450377.24,365.00,92.00
2026-08-24T00:00:00.000Z,5,2026-08-22T00:00:00.000Z,YPF Luz,YFCKO,Argentina,Argentina,49018232.00,COR USD YPF Luz C19 (YFCKO),USD,USD,,100.00%,1.31,,1.31,,,,1.00,5.25%,1.31%,643364.30,,643364.30,360.00,90.00
2026-08-24T00:00:00.000Z,5,2026-08-22T00:00:00.000Z,YPF Luz,YFCLO,Argentina,Argentina,50981768.00,COR USD YPF Luz C20 (YFCLO),USD,USD,,100.00%,1.69,,1.69,,,,1.00,6.75%,1.69%,860317.34,,860317.34,360.00,90.00
2026-08-25T00:00:00.000Z,6,2026-08-25T00:00:00.000Z,Capex,CAC5O,Nueva York,Estados Unidos,188801600.00,COR USD Capex C5 (CAC5O),USD,USD,12.50%,50.00%,2.89,12.50,15.39,,,,1.00,9.25%,2.89%,5457546.25,23600200.00,29057746.25,360.00,180.00
2026-08-25T00:00:00.000Z,2,2026-08-25T00:00:00.000Z,Central Puerto,NPCCO,Argentina,Estados Unidos,89067309.00,COR USD Central Puerto CC (NPCCO),USD,USD,,100.00%,3.97,,3.97,,,,1.00,8.00%,3.97%,3533409.96,,3533409.96,365.00,181.00
2026-08-25T00:00:00.000Z,1,2026-08-25T00:00:00.000Z,Tango Energy Argentina,PECNO,Argentina,Argentina,61752582.00,COR USD Tango Energy Argentina C22 (PECNO),USD,USD,,100.00%,3.00,,3.00,,,,1.00,3.00%,3.00%,1852577.46,,1852577.46,365.00,365.00
2026-08-25T00:00:00.000Z,1,2026-08-25T00:00:00.000Z,Tango Energy Argentina,PECOO,Argentina,Argentina,3390726.00,COR USD Tango Energy Argentina C23 (PECOO),USD,USD,,100.00%,2.00,,2.00,,,,1.00,2.00%,2.00%,67814.52,,67814.52,365.00,365.00
2026-08-26T00:00:00.000Z,2,2026-08-26T00:00:00.000Z,B. Supervielle,BPCSO,Argentina,Argentina,16340401.00,COR USD B. Supervielle CS (BPCSO),USD,USD,100.00%,,3.35,100.00,103.35,,,,1.00,6.75%,3.35%,546955.75,16340401.00,16887356.75,365.00,181.00
2026-08-26T00:00:00.000Z,2,2026-08-26T00:00:00.000Z,B. Supervielle,BPCTO,Argentina,Argentina,5013156.00,COR USD B. Supervielle CT (BPCTO),USD,USD,,100.00%,3.97,,3.97,,,,1.00,8.00%,3.97%,198878.08,,198878.08,365.00,181.00
2026-08-26T00:00:00.000Z,1,2026-08-26T00:00:00.000Z,Luz de Tres Picos,LUC5O,Argentina,Argentina,49624241.00,COR USD Luz de Tres Picos C5 (LUC5O),USD,USD,,100.00%,3.97,,3.97,,,,1.00,8.00%,3.97%,1968654.82,,1968654.82,365.00,181.00
2026-08-26T00:00:00.000Z,3,2026-08-26T00:00:00.000Z,Madero Harbour,HA11M,Argentina,Argentina,4030000.00,COR USD Madero Harbour S1 C1 (HA11M),USD,USD,,100.00%,2.52,,2.52,,,,1.00,10.00%,2.52%,101578.08,,101578.08,365.00,92.00
2026-08-27T00:00:00.000Z,1,2026-08-27T00:00:00.000Z,BBVA Argentina,BF40O,Argentina,Argentina,36503161.00,COR USD BBVA Argentina C40 (BF40O),USD,USD,,100.00%,2.48,,2.48,,,,1.00,5.00%,2.48%,905078.38,,905078.38,365.00,181.00
2026-08-27T00:00:00.000Z,2,2026-08-27T00:00:00.000Z,Pan American Energy,PN41O,Argentina,Argentina,85939129.00,COR USD Pan American Energy C41 (PN41O),USD,USD,,100.00%,3.72,,3.72,,,,1.00,7.50%,3.72%,3196229.25,,3196229.25,365.00,181.00
2026-08-27T00:00:00.000Z,6,2026-08-27T00:00:00.000Z,YPF,YM35O,Argentina,Argentina,139894182.00,COR USD YPF C35 (YM35O),USD,USD,,100.00%,1.58,,1.58,,,,1.00,6.25%,1.58%,2203812.46,,2203812.46,365.00,92.00
2026-08-27T00:00:00.000Z,8,2026-08-27T00:00:00.000Z,YPF Luz,YFCGO,Argentina,Argentina,11287656.00,COR USD YPF Luz C15 (YFCGO),USD,USD,,100.00%,1.50,,1.50,,,,1.00,6.00%,1.50%,169314.84,,169314.84,360.00,90.00
2026-08-28T00:00:00.000Z,1,2026-08-28T00:00:00.000Z,Credicuotas Consumo,DHSMO,Argentina,Argentina,35924945.00,COR USD Credicuotas Consumo S21 (DHSMO),USD,USD,,100.00%,1.76,,1.76,,,,1.00,7.00%,1.76%,633853.82,,633853.82,365.00,92.00
2026-08-28T00:00:00.000Z,11,2026-08-28T00:00:00.000Z,Generación Litoral,GOC4O,Argentina,Argentina,14949364.00,COR USD Generación Litoral C4 (GOC4O),USD,USD,,100.00%,0.93,,0.93,,,,1.00,11.00%,0.93%,139663.92,,139663.92,365.00,31.00
2026-08-28T00:00:00.000Z,5,2026-08-28T00:00:00.000Z,IRSA,IRCJO,Argentina,Argentina,21408926.00,COR USD IRSA C18 (IRCJO),USD,USD,,100.00%,3.47,,3.47,,,,1.00,7.00%,3.47%,743153.68,,743153.68,365.00,181.00
2026-08-28T00:00:00.000Z,1,2026-08-28T00:00:00.000Z,Mirgor,MIC6O,Argentina,Argentina,22382970.00,COR USD Mirgor C6 (MIC6O),USD,USD,,100.00%,2.02,,2.02,,,,1.00,8.00%,2.02%,451338.79,,451338.79,365.00,92.00
2026-08-28T00:00:00.000Z,3,2026-08-28T00:00:00.000Z,Petroleos Sudamericanos,PUC2O,Argentina,Argentina,9158045.00,COR USD Petroleos Sudamericanos C2 (PUC2O),USD,USD,,100.00%,4.34,,4.34,,,,1.00,8.75%,4.34%,397371.34,,397371.34,365.00,181.00
2026-08-28T00:00:00.000Z,7,2026-08-28T00:00:00.000Z,Rizobacter,RZABO,Argentina,Argentina,3315602.00,COR USD Rizobacter S10 CB (RZABO),USD,USD,,100.00%,2.02,,2.02,,,,1.00,8.00%,2.02%,66857.07,,66857.07,365.00,92.00
2026-08-28T00:00:00.000Z,4,2026-08-28T00:00:00.000Z,YPF,YM40O,Argentina,Argentina,51383412.00,COR USD YPF C40 (YM40O),USD,USD,,100.00%,1.89,,1.89,,,,1.00,7.50%,1.89%,971357.65,,971357.65,365.00,92.00
2026-08-31T00:00:00.000Z,1,2026-08-31T00:00:00.000Z,Argentina,S31G6,Argentina,Argentina,2220011479572.00,GOB ARS ARG Lecap (S31G6),ARS,ARS,100.00%,,27.06,100.00,127.06,,,,1.00,2.50%,27.06%,600823906831.37,2220011479572.00,2820835386403.37,360.00,291.00
2026-08-31T00:00:00.000Z,1,2026-08-31T00:00:00.000Z,Argentina,M31G6,Argentina,Argentina,5506827804760.00,GOB ARS ARG Tamar (M31G6),ARS,ARS,100.00%,,29.74,100.00,129.74,Tamar,,,1.00,32.66%,29.74%,1637455247745.39,5506827804760.00,7144283052505.39,360.00,291.00
2026-08-31T00:00:00.000Z,1,2026-08-31T00:00:00.000Z,Argentina,D31G6,Argentina,Argentina,1133862466.00,GOB USD-L ARG Lelink (D31G6),ARS,USD,100.00%,,,,,A3500,,,1.00,,,,,,360.00,78.00
2026-08-31T00:00:00.000Z,6,2026-08-30T00:00:00.000Z,AES Argentina,AEC2O,Nueva York,Estados Unidos,121990601.00,COR USD AES C2 (AEC2O),USD,USD,25.00%,50.00%,3.56,25.00,28.56,,,,1.00,9.50%,3.56%,4345915.16,30497650.25,34843565.41,360.00,180.00
2026-08-31T00:00:00.000Z,6,2026-08-31T00:00:00.000Z,Argentina,AO27,Argentina,Argentina,2000370497.00,GOB USD ARG Bonar (AO27),USD,USD,,100.00%,0.50,,0.50,,,,1.00,6.00%,0.50%,10001852.49,,10001852.49,360.00,30.00
2026-08-31T00:00:00.000Z,5,2026-08-31T00:00:00.000Z,Argentina,AO28,Argentina,Argentina,1534369685.00,GOB USD ARG Bonar (AO28),USD,USD,,100.00%,0.50,,0.50,,,,1.00,6.00%,0.50%,7671848.42,,7671848.43,360.00,30.00
2026-08-31T00:00:00.000Z,2,2026-08-31T00:00:00.000Z,B. Galicia,BYCVO,Argentina,Argentina,110914898.00,COR USD B. Galicia C29 (BYCVO),USD,USD,100.00%,,3.39,100.00,103.39,,,,1.00,6.25%,3.39%,3760470.86,110914898.00,114675368.86,365.00,198.00
2026-08-31T00:00:00.000Z,2,2026-08-29T00:00:00.000Z,CMF,BCCKO,Argentina,Argentina,21795000.00,COR USD CMF C19 (BCCKO),USD,USD,100.00%,,3.26,100.00,103.26,,,,1.00,6.50%,3.26%,710278.15,21795000.00,22505278.15,365.00,183.00
2026-08-31T00:00:00.000Z,1,2026-08-29T00:00:00.000Z,Del Fabro,DFS1L,Argentina,Argentina,5000000.00,COR USD Del Fabro S1 (DFS1L),USD,USD,,100.00%,1.70,,1.70,,,,1.00,6.74%,1.70%,84942.47,,84942.47,365.00,92.00
2026-08-31T00:00:00.000Z,1,2026-08-29T00:00:00.000Z,Diransa,DIC2L,Argentina,Argentina,3000000.00,COR USD Diransa C2 (DIC2L),USD,USD,,100.00%,1.51,,1.51,,,,1.00,5.99%,1.51%,45294.25,,45294.25,365.00,92.00
2026-08-31T00:00:00.000Z,3,2026-08-31T00:00:00.000Z,Tarjeta Naranja,T662O,Argentina,Argentina,90094898.00,COR USD Tarjeta Naranja C66 S2 (T662O),USD,USD,100.00%,,1.73,100.00,101.73,,,,1.00,6.50%,1.73%,1556296.80,90094898.00,91651194.80,365.00,97.00
2026-08-31T00:00:00.000Z,1,2026-08-29T00:00:00.000Z,Telecom Argentina,TLCVO,Argentina,Argentina,26410490.00,COR USD Telecom Argentina C29 (TLCVO),USD,USD,,100.00%,0.88,,0.88,,,,1.00,3.50%,0.88%,232991.17,,232991.17,365.00,92.00
2026-09-01T00:00:00.000Z,1,2026-09-01T00:00:00.000Z,Mercado Pago,SXC4O,Argentina,Argentina,43995493.00,COR USD Mercado Pago C4 (SXC4O),USD,USD,100.00%,,,100.00,100.00,,,,1.00,,,,43995493.00,43995493.00,360.00,103.00
2026-09-02T00:00:00.000Z,2,2026-09-02T00:00:00.000Z,Cresud,CS49O,Argentina,Argentina,31306845.00,COR USD Cresud C49 (CS49O),USD,USD,,100.00%,3.65,,3.65,,,,1.00,7.25%,3.65%,1144200.86,,1144200.86,365.00,184.00
2026-09-02T00:00:00.000Z,3,2026-09-02T00:00:00.000Z,Plaza Logistica,ZPC2O,Argentina,Argentina,7000000.00,COR USD Plaza Logistica C2 (ZPC2O),USD,USD,,100.00%,1.89,,1.89,,,,1.00,7.50%,1.89%,132328.77,,132328.77,365.00,92.00
2026-09-03T00:00:00.000Z,1,2026-09-03T00:00:00.000Z,Fortecar,FCS1M,Argentina,Argentina,4200000.00,COR USD Fortecar S1 (FCS1M),USD,USD,,100.00%,2.02,,2.02,,,,1.00,8.00%,2.02%,84690.41,,84690.41,365.00,92.00
2026-09-03T00:00:00.000Z,2,2026-09-03T00:00:00.000Z,Plaza Logistica,ZPC3O,Argentina,Argentina,21786372.00,COR USD Plaza Logística C3 (ZPC3O),USD,USD,,100.00%,2.14,,2.14,,,,1.00,8.50%,2.14%,466765.56,,466765.56,365.00,92.00
2026-09-04T00:00:00.000Z,6,2026-09-04T00:00:00.000Z,Plaza Logistica,PZCGO,Argentina,Argentina,9587538.00,COR USD Plaza Logistica C15 (PZCGO),USD,USD,,100.00%,1.75,,1.75,,,,1.00,7.00%,1.75%,167781.92,,167781.92,360.00,90.00
2026-09-07T00:00:00.000Z,3,2026-09-05T00:00:00.000Z,360 Energy Solar,GYC5O,Argentina,Argentina,15000000.00,COR USD 360 Energy Solar C5 (GYC5O),USD,USD,,100.00%,2.21,,2.21,,,,1.00,8.75%,2.21%,330821.92,,330821.92,365.00,92.00
2026-09-07T00:00:00.000Z,2,2026-09-05T00:00:00.000Z,B. de Valores,VBC2O,Argentina,Argentina,15000000.00,COR USD B. de Valores C2 (VBC2O),USD,USD,100.00%,,3.95,100.00,103.95,,,,1.00,7.75%,3.95%,592397.26,15000000.00,15592397.26,365.00,186.00
2026-09-07T00:00:00.000Z,3,2026-09-05T00:00:00.000Z,Genneia,GN48O,Argentina,Argentina,27760264.00,COR USD Genneia C48 (GN48O),USD,USD,,100.00%,3.28,,3.28,,,,1.00,6.50%,3.28%,909623.99,,909623.99,365.00,184.00
2026-09-07T00:00:00.000Z,3,2026-09-05T00:00:00.000Z,Scania Credit Argentina,SBC1O,Argentina,Argentina,40000000.00,COR USD Scania Credit Argentina C1 (SBC1O),USD,USD,14.00%,58.00%,1.59,14.00,15.59,,,,1.00,8.75%,1.59%,635178.08,5600000.00,6235178.08,365.00,92.00
2026-09-07T00:00:00.000Z,1,2026-09-05T00:00:00.000Z,Telecom Argentina,TLCUO,Argentina,Argentina,81329886.00,COR USD Telecom Argentina C28 (TLCUO),USD,USD,,100.00%,3.28,,3.28,,,,1.00,6.50%,3.28%,2664946.40,,2664946.40,365.00,184.00
2026-09-07T00:00:00.000Z,5,2026-09-06T00:00:00.000Z,Vista Energy Argentina,VSCOO,Argentina,Estados Unidos,92202616.00,COR USD Vista Energy Argentina C23 (VSCOO),USD,USD,,100.00%,3.28,,3.28,,,,1.00,6.50%,3.28%,3021214.49,,3021214.49,365.00,184.00
2026-09-07T00:00:00.000Z,3,2026-09-07T00:00:00.000Z,Vista Energy Argentina,VSCUO,Argentina,Estados Unidos,92413570.00,COR USD Vista Energy Argentina C28 (VSCUO),USD,USD,,100.00%,3.78,,3.78,,,,1.00,7.50%,3.78%,3493992.51,,3493992.51,365.00,184.00
2026-09-08T00:00:00.000Z,9,2026-09-08T00:00:00.000Z,Genneia,GN43O,Argentina,Argentina,20697951.00,COR USD Genneia C43 (GN43O),USD,USD,,100.00%,1.58,,1.58,,,,1.00,6.25%,1.58%,326063.61,,326063.61,365.00,92.00
2026-09-08T00:00:00.000Z,5,2026-09-08T00:00:00.000Z,Laboratorios Richmond,LRS5O,Argentina,Argentina,1491900.00,COR USD Laboratorios Richmond S5 (LRS5O),USD,USD,,100.00%,5.04,,5.04,,,,1.00,10.00%,5.04%,75208.11,,75208.11,365.00,184.00
2026-09-09T00:00:00.000Z,2,2026-09-09T00:00:00.000Z,CGC,CP40O,Argentina,Argentina,55197497.00,COR USD CGC C40 (CP40O),USD,USD,,100.00%,2.39,,2.39,,,,1.00,9.50%,2.39%,1321715.41,,1321715.41,365.00,92.00
2026-09-09T00:00:00.000Z,3,2026-09-09T00:00:00.000Z,Finanlease,FAS1M,Argentina,Argentina,3000000.00,COR USD Finanlease S1 (FAS1M),USD,USD,10.00%,90.00%,1.43,10.00,11.43,,,,1.00,9.00%,1.43%,42904.11,300000.00,342904.11,365.00,58.00
2026-09-10T00:00:00.000Z,6,2026-09-10T00:00:00.000Z,CGC,CP37O,Argentina,Argentina,16480165.00,COR USD CGC C37 (CP37O),USD,USD,,100.00%,1.76,,1.76,,,,1.00,7.00%,1.76%,290773.32,,290773.32,365.00,92.00
2026-09-10T00:00:00.000Z,1,2026-09-10T00:00:00.000Z,Cresud,CS50O,Argentina,Argentina,70381079.00,COR USD Cresud S34 C50 (CS50O),USD,USD,,100.00%,5.44,,5.44,,,,1.00,7.25%,5.44%,3830466.12,,3830466.12,365.00,274.00
2026-09-10T00:00:00.000Z,3,2026-09-10T00:00:00.000Z,Laboratorios Richmond,LR7BO,Argentina,Argentina,2495750.00,COR USD Laboratorios Richmond S7 CB (LR7BO),USD,USD,,100.00%,2.27,,2.27,,,,1.00,9.00%,2.27%,56615.92,,56615.92,365.00,92.00
2026-09-10T00:00:00.000Z,4,2026-09-10T00:00:00.000Z,Pampa Energia,MGCMO,Nueva York,Estados Unidos,410000000.00,COR USD Pampa Energia C21 (MGCMO),USD,USD,,100.00%,3.98,,3.98,,,,1.00,7.95%,3.98%,16297500.00,,16297500.00,360.00,180.00
2026-09-10T00:00:00.000Z,3,2026-09-10T00:00:00.000Z,Pecom Servicios Energia,MCC1O,Argentina,Argentina,29887257.00,COR USD Pecom Servicios Energia C1 (MCC1O),USD,USD,,100.00%,3.98,,3.98,,,,1.00,7.90%,3.98%,1190249.77,,1190249.77,365.00,184.00
2026-09-11T00:00:00.000Z,3,2026-09-11T00:00:00.000Z,B. de Valores,VBC1O,Argentina,Argentina,30000000.00,COR USD B. de Valores C1 (VBC1O),USD,USD,,100.00%,3.78,,3.78,,,,1.00,7.50%,3.78%,1134246.58,,1134246.58,365.00,184.00
2026-09-11T00:00:00.000Z,2,2026-09-11T00:00:00.000Z,YPF,YM1XO,Nueva York,Estados Unidos,,COR USD YPF C31 (YM1XO),USD,USD,,100.00%,4.38,,4.38,,,,1.00,8.75%,4.38%,,,,360.00,180.00
2026-09-11T00:00:00.000Z,4,2026-09-11T00:00:00.000Z,YPF,YMCXO,Nueva York,Estados Unidos,1040649400.00,COR USD YPF C31 (YMCXO),USD,USD,,100.00%,4.38,,4.38,,,,1.00,8.75%,4.38%,45528411.25,,45528411.25,360.00,180.00
2026-09-14T00:00:00.000Z,7,2026-09-13T00:00:00.000Z,YPF Luz,YFCIO,Argentina,Argentina,10199945.00,COR USD YPF Luz C17 (YFCIO),USD,USD,,100.00%,1.48,,1.48,,,,1.00,5.90%,1.48%,150449.19,,150449.19,360.00,90.00
2026-09-15T00:00:00.000Z,1,2026-09-15T00:00:00.000Z,Argentina,S15S6,Argentina,Argentina,5156401468382.00,GOB ARS ARG Lecap (S15S6),ARS,ARS,100.00%,,7.21,100.00,107.21,,,,1.00,1.99%,7.21%,371776545870.34,5156401468382.00,5528178014252.34,360.00,106.00
2026-09-15T00:00:00.000Z,1,2026-09-15T00:00:00.000Z,YPF Luz,YFCOO,Argentina,Argentina,45021217.00,COR USD YPF Luz C23 (YFCOO),USD,USD,,100.00%,5.06,,5.06,,,,1.00,6.75%,5.06%,2279199.11,,2279199.11,360.00,270.00
2026-09-17T00:00:00.000Z,5,2026-09-17T00:00:00.000Z,Capex,CACBO,Argentina,Argentina,45097020.00,COR USD Capex C11 (CACBO),USD,USD,,100.00%,1.95,,1.95,,,,1.00,7.75%,1.95%,880936.31,,880936.31,365.00,92.00
2026-09-17T00:00:00.000Z,1,2026-09-17T00:00:00.000Z,Meranol,MR38P,Argentina,Argentina,350000.00,COR USD Meranol C38 (MR38P),USD,USD,,100.00%,4.79,,4.79,,,,1.00,9.50%,4.79%,16761.64,,16761.64,365.00,184.00
2026-09-18T00:00:00.000Z,2,2026-09-18T00:00:00.000Z,Meranol,MRCVP,Argentina,Argentina,118000.00,COR USD Meranol C29 (MRCVP),USD,USD,100.00%,,9.50,100.00,109.50,,,,1.00,9.50%,9.50%,11210.00,118000.00,129210.00,365.00,365.00
2026-09-18T00:00:00.000Z,6,2026-09-18T00:00:00.000Z,Vitalcan,VA1AP,Argentina,Argentina,2535459.00,COR USD Vitalcan S1 CA (VA1AP),USD,USD,34.00%,,0.81,34.00,34.81,,,,1.00,9.50%,0.81%,20642.11,862056.06,882698.17,365.00,92.00
2026-09-21T00:00:00.000Z,9,2026-09-21T00:00:00.000Z,Aluar,LMS8O,Argentina,Estados Unidos,100000000.00,COR USD Aluar S8 (LMS8O),USD,USD,25.00%,50.00%,1.20,25.00,26.20,,,,1.00,6.25%,1.20%,1197916.67,25000000.00,26197916.67,360.00,92.00
2026-09-21T00:00:00.000Z,4,2026-09-21T00:00:00.000Z,Hattrick Energy,HT11M,Argentina,Argentina,7000000.00,COR USD Hattrick Energy S1 C1 (HT11M),USD,USD,9.09%,72.73%,1.96,9.09,11.05,,,,1.00,9.50%,1.96%,137143.77,636300.00,773443.77,365.00,92.00
2026-09-21T00:00:00.000Z,2,2026-09-20T00:00:00.000Z,Hector A. Bertone,EH13M,Argentina,Argentina,903544.00,COR USD Hector A. Bertone S1 C3 (EH13M),USD,USD,,100.00%,2.52,,2.52,,,,1.00,10.00%,2.52%,22774.26,,22774.26,365.00,92.00
2026-09-25T00:00:00.000Z,2,2026-09-25T00:00:00.000Z,Diesel Lange,DGS1L,Argentina,Argentina,1200000.00,COR USD Diesel Lange S1 (DGS1L),USD,USD,,100.00%,1.49,,1.49,,,,1.00,5.90%,1.49%,17845.48,,17845.48,365.00,92.00
2026-09-28T00:00:00.000Z,12,2026-09-28T00:00:00.000Z,Generación Litoral,GOC4O,Argentina,Argentina,14949364.00,COR USD Generación Litoral C4 (GOC4O),USD,USD,,100.00%,0.93,,0.93,,,,1.00,11.00%,0.93%,139663.92,,139663.92,365.00,31.00
2026-09-28T00:00:00.000Z,4,2026-09-27T00:00:00.000Z,Pan American Energy,PN34O,Argentina,Argentina,23055471.00,COR USD Pan American Energy C34 (PN34O),USD,USD,,100.00%,2.51,,2.51,,,,1.00,4.97%,2.51%,577637.46,,577637.46,365.00,184.00
2026-09-28T00:00:00.000Z,4,2026-09-27T00:00:00.000Z,Pan American Energy,PN35O,Argentina,Argentina,176944529.00,COR USD Pan American Energy C35 (PN35O),USD,USD,,100.00%,3.53,,3.53,,,,1.00,7.00%,3.53%,6243960.37,,6243960.37,365.00,184.00
2026-09-29T00:00:00.000Z,2,2026-09-29T00:00:00.000Z,B. Mariva,WBS1O,Argentina,Argentina,24101832.00,COR USD B. Mariva S1 (WBS1O),USD,USD,100.00%,,3.78,100.00,103.78,,,,1.00,7.50%,3.78%,911247.35,24101832.00,25013079.35,365.00,184.00
2026-09-30T00:00:00.000Z,45,2026-09-30T00:00:00.000Z,Argentina,PAP0,Argentina,Argentina,11245518.00,GOB ARS ARG Boncer (PAP0),ARS,ARS,,100.00%,473.94,,473.94,CER,,535.52,1.00,1.77%,0.89%,53296866.32,,53296866.32,360.00,180.00
2026-09-30T00:00:00.000Z,45,2026-09-30T00:00:00.000Z,Argentina,PARP,Argentina,Argentina,2858331172.00,GOB ARS ARG Boncer (PARP),ARS,ARS,,100.00%,473.94,,473.94,CER,,535.52,1.00,1.77%,0.89%,13546738741.60,,13546738741.60,360.00,180.00
2026-09-30T00:00:00.000Z,1,2026-09-30T00:00:00.000Z,Argentina,S30S6,Argentina,Argentina,4779220927749.00,GOB ARS ARG Lecap (S30S6),ARS,ARS,100.00%,,17.54,100.00,117.54,,,,1.00,2.53%,17.54%,838084181890.06,4779220927749.00,5617305109639.07,360.00,194.00
2026-09-30T00:00:00.000Z,1,2026-09-30T00:00:00.000Z,Argentina,X30S6,Argentina,Argentina,1117884153820.00,GOB ARS ARG Lecer (X30S6),ARS,ARS,100.00%,,,108.99,108.99,CER,,1.09,1.00,,,,1218381939248.42,1218381939248.42,360.00,194.00
2026-09-30T00:00:00.000Z,1,2026-09-30T00:00:00.000Z,Argentina,D30S6,Argentina,Argentina,1270940154.00,GOB USD-L ARG Lelink (D30S6),ARS,USD,100.00%,,,142900.00,142900.00,A3500,1429.00,,1.00,,,,1816173480066.00,1816173480066.00,360.00,194.00
2026-09-30T00:00:00.000Z,2,2026-09-30T00:00:00.000Z,Apache,AQ11L,Argentina,Argentina,3900000.00,COR USD Apache S1 C1 (AQ11L),USD,USD,,100.00%,1.70,,1.70,,,,1.00,6.75%,1.70%,66353.42,,66353.42,365.00,92.00
2026-09-30T00:00:00.000Z,7,2026-09-30T00:00:00.000Z,Argentina,AO27,Argentina,Argentina,2000370497.00,GOB USD ARG Bonar (AO27),USD,USD,,100.00%,0.50,,0.50,,,,1.00,6.00%,0.50%,10001852.49,,10001852.49,360.00,30.00
2026-09-30T00:00:00.000Z,6,2026-09-30T00:00:00.000Z,Argentina,AO28,Argentina,Argentina,1534369685.00,GOB USD ARG Bonar (AO28),USD,USD,,100.00%,0.50,,0.50,,,,1.00,6.00%,0.50%,7671848.42,,7671848.43,360.00,30.00
2026-09-30T00:00:00.000Z,35,2026-09-30T00:00:00.000Z,Argentina,PAY0,Nueva York,Estados Unidos,35014186.00,GOB USD ARG (PAY0),USD,USD,,100.00%,1.88,,1.88,,,,1.00,3.75%,1.88%,656515.99,,656515.99,360.00,180.00
2026-09-30T00:00:00.000Z,3,2026-09-30T00:00:00.000Z,IRSA,IRCPO,Nueva York,Estados Unidos,480454198.00,COR USD IRSA C24 (IRCPO),USD,USD,,100.00%,4.00,,4.00,,,,1.00,8.00%,4.00%,19218167.92,,19218167.92,360.00,180.00
2026-09-30T00:00:00.000Z,12,2026-09-30T00:00:00.000Z,YPF,YMCJO,Nueva York,Estados Unidos,575649021.00,COR USD YPF C18 (YMCJO),USD,USD,,100.00%,3.50,,3.50,,,,1.00,7.00%,3.50%,20147715.74,,20147715.74,360.00,180.00
2026-10-01T00:00:00.000Z,1,2026-10-01T00:00:00.000Z,Pampa Energia,MGCTO,Argentina,Argentina,200000000.00,COR USD Pampa Energia C27 (MGCTO),USD,USD,,100.00%,2.75,,2.75,,,,1.00,5.49%,2.75%,5505041.10,,5505041.10,365.00,183.00
2026-10-02T00:00:00.000Z,5,2026-10-02T00:00:00.000Z,Telecom Argentina,TLCQO,Argentina,Argentina,50489739.00,COR USD Telecom C25 (TLCQO),USD,USD,,100.00%,1.89,,1.89,,,,1.00,7.50%,1.89%,954463.56,,954463.56,365.00,92.00
2026-10-02T00:00:00.000Z,2,2026-10-03T00:00:00.000Z,YPF Luz,YFCNO,Argentina,Argentina,79946259.00,COR USD YPF Luz C22 (YFCNO),USD,USD,100.00%,,3.00,100.00,103.00,,,,1.00,6.00%,3.00%,2398387.77,79946259.00,82344646.77,360.00,180.00
2026-10-05T00:00:00.000Z,1,2026-10-05T00:00:00.000Z,Credicuotas Consumo,DHSKO,Argentina,Argentina,23646877.00,COR USD Credicuotas Consumo S19 (DHSKO),USD,USD,100.00%,,4.31,100.00,104.31,,,,1.00,6.50%,4.31%,1019083.22,23646877.00,24665960.22,365.00,242.00
2026-10-05T00:00:00.000Z,2,2026-10-03T00:00:00.000Z,Inversora Juramento,JNC6O,Argentina,Argentina,30000000.00,COR USD Inversora Juramento C6 (JNC6O),USD,USD,,100.00%,4.51,,4.51,,,,1.00,9.00%,4.51%,1353698.63,,1353698.63,365.00,183.00
2026-10-05T00:00:00.000Z,4,2026-10-04T00:00:00.000Z,Pampa Energia,MGCNO,Argentina,Argentina,83977835.00,COR USD Pampa Energia C22 (MGCNO),USD,USD,,100.00%,2.88,,2.88,,,,1.00,5.75%,2.88%,2420977.45,,2420977.45,365.00,183.00
2026-10-06T00:00:00.000Z,2,2026-10-06T00:00:00.000Z,Arcor,RC2CO,Argentina,Argentina,100000000.00,COR USD Arcor C2 (RC2CO),USD,USD,100.00%,,2.96,100.00,102.96,,,,1.00,5.90%,2.96%,2958082.19,100000000.00,102958082.19,365.00,183.00
2026-10-06T00:00:00.000Z,1,2026-10-06T00:00:00.000Z,Tropfen,OFS1L,Argentina,Argentina,1000000.00,COR USD Tropfen S1 (OFS1L),USD,USD,,100.00%,3.48,,3.48,,,,1.00,6.95%,3.48%,34845.21,,34845.21,365.00,183.00
2026-10-08T00:00:00.000Z,5,2026-10-08T00:00:00.000Z,Havanna Holding,HVS1O,Argentina,Argentina,18534790.00,COR USD Havanna S1 (HVS1O),USD,USD,,100.00%,2.21,,2.21,,,,1.00,8.75%,2.21%,408780.98,,408780.98,365.00,92.00
2026-10-08T00:00:00.000Z,1,2026-10-08T00:00:00.000Z,Vista Energy Argentina,VSCXO,Nueva York,Estados Unidos,500000000.00,COR USD Vista Energy Argentina C31 (VSCXO),USD,USD,,100.00%,3.94,,3.94,,,,1.00,7.88%,3.94%,19687500.00,,19687500.00,360.00,180.00
2026-10-08T00:00:00.000Z,4,2026-10-08T00:00:00.000Z,YPF,YM41O,Argentina,Argentina,99005943.00,COR USD YPF C41 (YM41O),USD,USD,,100.00%,1.51,,1.51,,,,1.00,6.00%,1.51%,1497295.36,,1497295.36,365.00,92.00
2026-10-09T00:00:00.000Z,1,2026-10-09T00:00:00.000Z,Akron,AXS1M,Argentina,Argentina,2000000.00,COR USD Akron S1 (AXS1M),USD,USD,,100.00%,4.26,,4.26,,,,1.00,8.50%,4.26%,85232.88,,85232.88,365.00,183.00
2026-10-09T00:00:00.000Z,8,2026-10-09T00:00:00.000Z,Inversora Juramento,JNC5O,Argentina,Argentina,20000000.00,COR USD Inversora Juramento C5 (JNC5O),USD,USD,100.00%,,1.51,100.00,101.51,,,,1.00,6.00%,1.51%,302465.75,20000000.00,20302465.75,365.00,92.00
2026-10-13T00:00:00.000Z,11,2026-10-12T00:00:00.000Z,Aluar,LMS7O,Argentina,Estados Unidos,137898136.00,COR USD Aluar S7 (LMS7O),USD,USD,8.33%,66.68%,1.34,8.33,9.67,,,,1.00,7.00%,1.34%,1850380.01,11486914.73,13337294.74,360.00,92.00
2026-10-13T00:00:00.000Z,4,2026-10-10T00:00:00.000Z,B. Galicia,BYCHO,Nueva York,Estados Unidos,325000000.00,COR USD B. Galicia C16 (BYCHO),USD,USD,,100.00%,3.88,,3.88,,,,1.00,7.75%,3.88%,12593750.00,,12593750.00,360.00,180.00
2026-10-13T00:00:00.000Z,4,2026-10-10T00:00:00.000Z,CGC,CP36O,Argentina,Argentina,40060771.00,COR USD CGC C36 (CP36O),USD,USD,,100.00%,3.26,,3.26,,,,1.00,6.50%,3.26%,1305542.11,,1305542.11,365.00,183.00
2026-10-13T00:00:00.000Z,4,2026-10-10T00:00:00.000Z,Vista Energy Argentina,VSCRO,Argentina,Estados Unidos,150000000.00,COR USD Vista Energy Argentina C26 (VSCRO),USD,USD,,100.00%,3.84,,3.84,,,,1.00,7.65%,3.84%,5753219.18,,5753219.18,365.00,183.00
2026-10-13T00:00:00.000Z,6,2026-10-10T00:00:00.000Z,YPF,YMCYO,Argentina,Argentina,125000000.00,COR USD YPF C32 (YMCYO),USD,USD,,100.00%,1.64,,1.64,,,,1.00,6.50%,1.64%,2047945.21,,2047945.21,365.00,92.00
2026-10-13T00:00:00.000Z,4,2026-10-10T00:00:00.000Z,YPF,YMCZO,Argentina,Estados Unidos,25000000.00,COR USD YPF C33 (YMCZO),USD,USD,,100.00%,3.51,,3.51,,,,1.00,7.00%,3.51%,877397.26,,877397.26,365.00,183.00
2026-10-15T00:00:00.000Z,3,2026-10-15T00:00:00.000Z,BST,BVCRO,Argentina,Argentina,10891553.00,COR USD BST C26 (BVCRO),USD,USD,,100.00%,1.76,,1.76,,,,1.00,7.00%,1.76%,192168.77,,192168.77,365.00,92.00
2026-10-15T00:00:00.000Z,4,2026-10-15T00:00:00.000Z,Vista Energy Argentina,VSCWO,Argentina,Argentina,73256123.00,COR USD Vista Energy Argentina C30 (VSCWO),USD,USD,,100.00%,1.51,,1.51,,,,1.00,6.00%,1.51%,1107873.42,,1107873.42,365.00,92.00
2026-10-16T00:00:00.000Z,3,2026-10-16T00:00:00.000Z,MSU,MSSGO,Argentina,Argentina,34876339.00,COR USD MSU S15 (MSSGO),USD,USD,,100.00%,4.26,,4.26,,,,1.00,8.50%,4.26%,1486305.35,,1486305.35,365.00,183.00
2026-10-16T00:00:00.000Z,2,2026-10-16T00:00:00.000Z,Scania Credit Argentina,SBC2O,Argentina,Argentina,40979825.00,COR USD Scania Credit Argentina C2 (SBC2O),USD,USD,9.00%,82.00%,1.72,9.00,10.72,,,,1.00,7.49%,1.72%,704025.31,3688184.25,4392209.56,365.00,92.00
2026-10-16T00:00:00.000Z,2,2026-10-16T00:00:00.000Z,Tecpetrol,TTCBO,Argentina,Argentina,114452024.00,COR USD Tecpetrol C11 (TTCBO),USD,USD,,100.00%,3.26,,3.26,,,,1.00,6.50%,3.26%,3729881.71,,3729881.71,365.00,183.00
2026-10-16T00:00:00.000Z,4,2026-10-16T00:00:00.000Z,YPF Luz,YFCJO,Nueva York,Estados Unidos,420000000.00,COR USD YPF Luz C18 (YFCJO),USD,USD,,100.00%,3.94,,3.94,,,,1.00,7.88%,3.94%,16537500.00,,16537500.00,360.00,180.00
2026-10-19T00:00:00.000Z,20,2026-10-17T00:00:00.000Z,Argentina,TO26,Argentina,Argentina,96569713740.00,GOB ARS ARG Bote (TO26),ARS,ARS,100.00%,,7.75,100.00,107.75,,,,1.00,15.50%,7.75%,7484152814.85,96569713740.00,104053866554.85,360.00,180.00
2026-10-19T00:00:00.000Z,1,2026-10-17T00:00:00.000Z,B. Comafi,AFCMO,Argentina,Argentina,20346573.00,COR USD B. Comafi C21 (AFCMO),USD,USD,,100.00%,1.63,,1.63,,,,1.00,3.25%,1.63%,331537.65,,331537.65,365.00,183.00
2026-10-19T00:00:00.000Z,4,2026-10-17T00:00:00.000Z,Genneia,GN47O,Argentina,Argentina,48349695.00,COR USD Genneia C47 (GN47O),USD,USD,,100.00%,3.01,,3.01,,,,1.00,6.00%,3.01%,1454464.80,,1454464.80,365.00,183.00
2026-10-19T00:00:00.000Z,5,2026-10-17T00:00:00.000Z,Otamerica Ebytem,OT41O,Argentina,Argentina,28306584.00,COR USD Oiltanking Ebytem S4 C1 (OT41O),USD,USD,,100.00%,1.76,,1.76,,,,1.00,7.00%,1.76%,499436.71,,499436.71,365.00,92.00
2026-10-19T00:00:00.000Z,5,2026-10-17T00:00:00.000Z,Otamerica Ebytem,OT42O,Argentina,Argentina,35231293.00,COR USD Oiltanking Ebytem S4 C2 (OT42O),USD,USD,,100.00%,2.02,,2.02,,,,1.00,8.00%,2.02%,710417.31,,710417.31,365.00,92.00
2026-10-19T00:00:00.000Z,2,2026-10-17T00:00:00.000Z,Pan American Energy,PN42O,Argentina,Argentina,56135832.00,COR USD Pan American Energy C42 (PN42O),USD,USD,,100.00%,3.01,,3.01,,,,1.00,6.00%,3.01%,1688688.86,,1688688.86,365.00,183.00
2026-10-20T00:00:00.000Z,3,2026-10-20T00:00:00.000Z,Futuros y Opciones,FO4AO,Argentina,Argentina,20921198.00,COR USD Futuros y Opciones S4 CA (FO4AO),USD,USD,,100.00%,1.99,,1.99,,,,1.00,7.90%,1.99%,416589.77,,416589.77,365.00,92.00
2026-10-21T00:00:00.000Z,4,2026-10-21T00:00:00.000Z,BST,BVCPO,Argentina,Argentina,21148774.00,COR USD BST C24 (BVCPO),USD,USD,100.00%,,2.02,100.00,102.02,,,,1.00,8.00%,2.02%,426451.99,21148774.00,21575225.99,365.00,92.00
2026-10-21T00:00:00.000Z,4,2026-10-21T00:00:00.000Z,John Deere,HJCFO,Argentina,Argentina,28658217.00,COR USD John Deere C14 (HJCFO),USD,USD,100.00%,,2.51,100.00,102.51,,,,1.00,5.00%,2.51%,718418.32,28658217.00,29376635.32,365.00,183.00
2026-10-21T00:00:00.000Z,4,2026-10-21T00:00:00.000Z,John Deere,HJCGO,Argentina,Argentina,16405232.00,COR USD John Deere C15 (HJCGO),USD,USD,,100.00%,3.26,,3.26,,,,1.00,6.50%,3.26%,534630.78,,534630.78,365.00,183.00
2026-10-22T00:00:00.000Z,4,2026-10-22T00:00:00.000Z,PCR,PQCRO,Argentina,Argentina,46018072.00,COR USD PCR CR (PQCRO),USD,USD,,100.00%,3.38,,3.38,,,,1.00,6.75%,3.38%,1557365.03,,1557365.03,365.00,183.00
2026-10-22T00:00:00.000Z,5,2026-10-22T00:00:00.000Z,YPF,YM38O,Argentina,Argentina,250000000.00,COR USD YPF C38 (YM38O),USD,USD,,100.00%,1.89,,1.89,,,,1.00,7.50%,1.89%,4726027.40,,4726027.40,365.00,92.00
2026-10-23T00:00:00.000Z,2,2026-10-23T00:00:00.000Z,Otamerica Ebytem,OTS5O,Argentina,Argentina,50000000.00,COR USD Oiltanking Ebytem S5 (OTS5O),USD,USD,100.00%,,3.35,100.00,103.35,,,,1.00,6.69%,3.35%,1677082.19,50000000.00,51677082.19,365.00,183.00
2026-10-26T00:00:00.000Z,1,2026-10-24T00:00:00.000Z,B. Comafi,AFCOO,Argentina,Estados Unidos,13016076.00,COR USD B. Comafi C23 (AFCOO),USD,USD,,100.00%,1.75,,1.75,,,,1.00,3.50%,1.75%,228405.39,,228405.39,365.00,183.00
2026-10-26T00:00:00.000Z,4,2026-10-24T00:00:00.000Z,Edenor,DNC7O,Nueva York,Estados Unidos,300000000.00,COR USD Edenor C7 (DNC7O),USD,USD,,100.00%,4.88,,4.88,,,,1.00,9.75%,4.88%,14625000.00,,14625000.00,360.00,180.00
2026-10-26T00:00:00.000Z,8,2026-10-24T00:00:00.000Z,Otamerica Ebytem,OTS2O,Argentina,Argentina,46839334.00,COR USD Oiltanking Ebytem S2 (OTS2O),USD,USD,,100.00%,1.76,,1.76,,,,1.00,7.00%,1.76%,826425.51,,826425.51,365.00,92.00
2026-10-26T00:00:00.000Z,7,2026-10-24T00:00:00.000Z,Raghsa,RAC5O,Nueva York,Estados Unidos,56777276.00,COR USD Raghsa C5 (RAC5O),USD,USD,,100.00%,4.13,,4.13,,,,1.00,8.25%,4.13%,2342062.63,,2342062.63,360.00,180.00
2026-10-26T00:00:00.000Z,4,2026-10-24T00:00:00.000Z,Tecpetrol,TTC8O,Argentina,Argentina,67430342.00,COR USD Tecpetrol C8 (TTC8O),USD,USD,,100.00%,2.51,,2.51,,,,1.00,5.00%,2.51%,1690377.07,,1690377.07,365.00,183.00
2026-10-26T00:00:00.000Z,4,2026-10-24T00:00:00.000Z,Tecpetrol,TTC9O,Argentina,Argentina,80541942.00,COR USD Tecpetrol C9 (TTC9O),USD,USD,,100.00%,3.41,,3.41,,,,1.00,6.80%,3.41%,2745928.57,,2745928.57,365.00,183.00
2026-10-27T00:00:00.000Z,1,2026-10-27T00:00:00.000Z,Hijos de Salvador Muñoz,MUC4O,Argentina,Argentina,10000000.00,COR USD Hijos de Salvador Muñoz C4 (MUC4O),USD,USD,,100.00%,3.86,,3.86,,,,1.00,7.70%,3.86%,386054.79,,386054.79,365.00,183.00
2026-10-27T00:00:00.000Z,3,2026-10-27T00:00:00.000Z,Pluspetrol,PLC1O,Argentina,Argentina,74164370.00,COR USD Pluspetrol C1 (PLC1O),USD,USD,,100.00%,3.01,,3.01,,,,1.00,6.00%,3.01%,2231026.80,,2231026.80,365.00,183.00
2026-10-27T00:00:00.000Z,3,2026-10-27T00:00:00.000Z,Pluspetrol,PLC2O,Argentina,Argentina,123020337.00,COR USD Pluspetrol C2 (PLC2O),USD,USD,,100.00%,3.76,,3.76,,,,1.00,7.50%,3.76%,4625901.71,,4625901.71,365.00,183.00
2026-10-27T00:00:00.000Z,4,2026-10-27T00:00:00.000Z,Vitalcan,VAC3P,Argentina,Argentina,3000000.00,COR USD Vitalcan C3 (VAC3P),USD,USD,,100.00%,2.39,,2.39,,,,1.00,9.50%,2.39%,71835.62,,71835.62,365.00,92.00
2026-10-28T00:00:00.000Z,1,2026-10-28T00:00:00.000Z,Edenor,DNCAO,Nueva York,Estados Unidos,550000000.00,COR USD Edenor C10 S1 (DNCAO),USD,USD,,100.00%,4.75,,4.75,,,,1.00,9.50%,4.75%,26125000.00,,26125000.00,360.00,180.00
2026-10-28T00:00:00.000Z,13,2026-10-28T00:00:00.000Z,Generación Litoral,GOC4O,Argentina,Argentina,14949364.00,COR USD Generación Litoral C4 (GOC4O),USD,USD,,100.00%,0.90,,0.90,,,,1.00,11.00%,0.90%,135158.63,,135158.63,365.00,30.00
2026-10-28T00:00:00.000Z,2,2026-10-28T00:00:00.000Z,Ricardo Venturino,VES2L,Argentina,Argentina,7000000.00,COR USD Ricardo Venturino S2 (VES2L),USD,USD,,100.00%,1.50,,1.50,,,,1.00,5.97%,1.50%,105333.70,,105333.70,365.00,92.00
2026-10-29T00:00:00.000Z,3,2026-10-29T00:00:00.000Z,Mirgor,MIC4O,Argentina,Argentina,26497257.00,COR USD Mirgor C4 (MIC4O),USD,USD,,100.00%,2.08,,2.08,,,,1.00,8.25%,2.08%,550997.76,,550997.76,365.00,92.00
2026-10-29T00:00:00.000Z,1,2026-10-29T00:00:00.000Z,Otamerica Ebytem,OTS6O,Argentina,Argentina,50000000.00,COR USD Otamerica Ebytem S6 (OTS6O),USD,USD,,100.00%,5.04,,5.04,,,,1.00,6.74%,5.04%,2520575.34,,2520575.34,365.00,273.00
2026-10-29T00:00:00.000Z,6,2026-10-29T00:00:00.000Z,Tarjeta Naranja,T641O,Argentina,Argentina,32684639.00,COR USD Tarjeta Naranja C64 S1 (T641O),USD,USD,,100.00%,1.99,,1.99,,,,1.00,7.90%,1.99%,650827.28,,650827.28,365.00,92.00
2026-10-30T00:00:00.000Z,1,2026-10-30T00:00:00.000Z,Argentina,TZXO6,Argentina,Argentina,3571218397355.00,GOB ARS ARG Boncer (TZXO6),ARS,ARS,100.00%,,,162.29,162.29,CER,,1.62,1.00,,,,5795730337067.43,5795730337067.43,360.00,720.00
2026-10-30T00:00:00.000Z,1,2026-10-30T00:00:00.000Z,Argentina,S30O6,Argentina,Argentina,7970786028328.00,GOB ARS ARG Lecap (S30O6),ARS,ARS,100.00%,,35.28,100.00,135.28,,,,1.00,2.55%,35.28%,2811933895073.55,7970786028328.00,10782719923401.55,360.00,360.00
2026-10-30T00:00:00.000Z,7,2026-10-30T00:00:00.000Z,360 Energy Solar,GYC4O,Argentina,Argentina,22278429.00,COR USD 360 Energy Solar C4 (GYC4O),USD,USD,,100.00%,2.02,,2.02,,,,1.00,8.00%,2.02%,449230.79,,449230.79,365.00,92.00
2026-10-30T00:00:00.000Z,8,2026-10-30T00:00:00.000Z,Argentina,AO27,Argentina,Argentina,2000370497.00,GOB USD ARG Bonar (AO27),USD,USD,,100.00%,0.50,,0.50,,,,1.00,6.00%,0.50%,10001852.49,,10001852.49,360.00,30.00
2026-10-30T00:00:00.000Z,7,2026-10-30T00:00:00.000Z,Argentina,AO28,Argentina,Argentina,1534369685.00,GOB USD ARG Bonar (AO28),USD,USD,,100.00%,0.50,,0.50,,,,1.00,6.00%,0.50%,7671848.42,,7671848.43,360.00,30.00
2026-10-30T00:00:00.000Z,1,2026-10-30T00:00:00.000Z,Central Puerto,NPCDO,Argentina,Argentina,130120007.00,COR USD Central Puerto CD (NPCDO),USD,USD,,100.00%,3.01,,3.01,,,,1.00,6.00%,3.01%,3914295.01,,3914295.01,365.00,183.00
2026-10-30T00:00:00.000Z,4,2026-10-30T00:00:00.000Z,Crown Point,CWC6O,Argentina,Argentina,22000000.00,COR USD Crown Point C6 (CWC6O),USD,USD,33.33%,66.67%,4.76,33.33,38.09,,,,1.00,9.50%,4.76%,1047863.01,7332600.00,8380463.01,365.00,183.00
2026-10-30T00:00:00.000Z,3,2026-10-30T00:00:00.000Z,MSU Energy,RUCEO,Argentina,Argentina,59743617.00,COR USD MSU Energy C13 (RUCEO),USD,USD,,100.00%,1.89,,1.89,,,,1.00,7.50%,1.89%,1129399.88,,1129399.88,365.00,92.00
2026-10-30T00:00:00.000Z,11,2026-10-30T00:00:00.000Z,Pan American Energy,PNDCO,Nueva York,Estados Unidos,300000000.00,COR USD Pan American Energy C12 (PNDCO),USD,USD,20.00%,20.00%,1.83,20.00,21.83,,,,1.00,9.13%,1.83%,5475000.00,60000000.00,65475000.00,360.00,180.00
2026-10-30T00:00:00.000Z,5,2026-10-30T00:00:00.000Z,Pan American Energy,PNXCO,Nueva York,Estados Unidos,400000000.00,COR USD Pan American Energy C31 (PNXCO),USD,USD,,100.00%,4.25,,4.25,,,,1.00,8.50%,4.25%,17000000.00,,17000000.00,360.00,180.00
2026-11-02T00:00:00.000Z,26,2026-11-01T00:00:00.000Z,AA 2000,AER1O,Nueva York,Estados Unidos,106029178.00,COR USD AA 2000 (AER1O),USD,USD,4.17%,4.17%,0.15,4.44,4.60,,,,1.07,6.88%,0.15%,160208.00,4712967.23,4873175.23,360.00,89.00
2026-11-02T00:00:00.000Z,20,2026-11-01T00:00:00.000Z,AA 2000,AER4O,Nueva York,Estados Unidos,62016667.00,COR USD AA 2000 (AER4O),USD,USD,4.44%,64.48%,1.62,4.44,6.06,,,,1.00,9.50%,1.62%,1003840.70,2753540.01,3757380.72,360.00,89.00
2026-11-02T00:00:00.000Z,39,2026-11-01T00:00:00.000Z,AA 2000,AERAO,Nueva York,Estados Unidos,40006000.00,COR USD AA 2000 (AERAO),USD,USD,3.13%,3.13%,0.11,3.13,3.23,,,,1.00,6.88%,0.11%,42497.69,1250187.50,1292685.19,360.00,89.00
2026-11-02T00:00:00.000Z,20,2026-11-01T00:00:00.000Z,AA 2000,ARC1O,Nueva York,Estados Unidos,272949631.00,COR USD AA 2000 (ARC1O),USD,USD,,97.58%,2.05,,2.05,,,,1.00,8.50%,2.05%,5596733.46,,5596733.46,360.00,89.00
2026-11-02T00:00:00.000Z,6,2026-11-01T00:00:00.000Z,Otamerica Ebytem,OTS3O,Argentina,Argentina,35529895.00,COR USD Oiltanking Ebytem S3 (OTS3O),USD,USD,,100.00%,1.76,,1.76,,,,1.00,7.00%,1.76%,626883.63,,626883.63,365.00,92.00
2026-11-02T00:00:00.000Z,56,2026-11-02T00:00:00.000Z,YPF,YPC4O,Nueva York,Estados Unidos,14818000.00,COR USD YPF SA (YPC4O),USD,USD,,100.00%,5.00,,5.00,,,,1.00,10.00%,5.00%,740900.00,,740900.00,360.00,180.00
2026-11-03T00:00:00.000Z,2,2026-11-03T00:00:00.000Z,Tecpetrol,TTCDO,Nueva York,Estados Unidos,750000000.00,COR USD Tecpetrol C12 (TTCDO),USD,USD,,100.00%,3.81,,3.81,,,,1.00,7.63%,3.81%,28593750.00,,28593750.00,360.00,180.00
2026-11-03T00:00:00.000Z,5,2026-11-03T00:00:00.000Z,Vista Energy Argentina,VSCPO,Argentina,Estados Unidos,46561789.00,COR USD Vista Energy Argentina C24 (VSCPO),USD,USD,,100.00%,4.03,,4.03,,,,1.00,8.00%,4.03%,1877779.55,,1877779.55,365.00,184.00
2026-11-04T00:00:00.000Z,20,2026-11-04T00:00:00.000Z,B. Macro,BACAO,Nueva York,Estados Unidos,121454400.00,COR USD B. Macro CA (BACAO),USD,USD,100.00%,,3.32,100.00,103.32,,,,1.00,6.64%,3.32%,4034107.90,121454400.00,125488507.90,360.00,180.00
2026-11-04T00:00:00.000Z,7,2026-11-04T00:00:00.000Z,Ledesma,LDCGO,Argentina,Argentina,31092846.00,COR USD Ledesma C15 (LDCGO),USD,USD,,100.00%,1.76,,1.76,,,,1.00,7.00%,1.76%,548597.06,,548597.06,365.00,92.00
2026-11-04T00:00:00.000Z,13,2026-11-04T00:00:00.000Z,Raghsa,RAC4O,Nueva York,Estados Unidos,9636737.00,COR USD Raghsa C4 (RAC4O),USD,USD,,100.00%,4.25,,4.25,,,,1.00,8.50%,4.25%,409561.32,,409561.32,360.00,180.00
2026-11-05T00:00:00.000Z,1,2026-11-05T00:00:00.000Z,B. Supervielle,BPCVO,Argentina,Argentina,20142407.00,COR USD B. Supervielle CV (BPCVO),USD,USD,,100.00%,1.64,,1.64,,,,1.00,3.25%,1.64%,330004.37,,330004.37,365.00,184.00
2026-11-09T00:00:00.000Z,12,2026-11-09T00:00:00.000Z,Argentina,TX26,Argentina,Argentina,222131126534.00,GOB ARS ARG Boncer (TX26),ARS,ARS,20.00%,,6.91,691.31,698.22,CER,,34.57,1.00,2.00%,0.20%,15356058055.97,1535605805597.13,1550961863653.11,360.00,180.00
2026-11-09T00:00:00.000Z,12,2026-11-09T00:00:00.000Z,Argentina,TX28,Argentina,Argentina,75904842660.00,GOB ARS ARG Boncer (TX28),ARS,ARS,10.00%,40.00%,19.44,345.65,365.10,CER,,34.57,1.00,2.25%,0.56%,14758163377.42,262367365799.57,277125529176.99,360.00,180.00
2026-11-09T00:00:00.000Z,3,2026-11-09T00:00:00.000Z,Arcor,RCCRO,Argentina,Argentina,68415046.00,COR USD Arcor C26 (RCCRO),USD,USD,,100.00%,3.37,,3.37,,,,1.00,6.75%,3.37%,2302681.75,,2302681.75,365.00,182.00
2026-11-09T00:00:00.000Z,1,2026-11-08T00:00:00.000Z,BBVA Argentina,BF44O,Argentina,Argentina,48018887.00,COR USD BBVA Argentina C44 (BF44O),USD,USD,,100.00%,2.52,,2.52,,,,1.00,5.00%,2.52%,1210339.07,,1210339.07,365.00,184.00
2026-11-09T00:00:00.000Z,1,2026-11-08T00:00:00.000Z,BBVA Argentina,BF45O,Argentina,Argentina,25072002.00,COR USD BBVA Argentina C45 (BF45O),USD,USD,,100.00%,1.64,,1.64,,,,1.00,3.25%,1.64%,410768.69,,410768.69,365.00,184.00
2026-11-09T00:00:00.000Z,2,2026-11-07T00:00:00.000Z,B. Comafi,AFCIO,Argentina,Argentina,38006268.00,COR USD B. Comafi C17 (AFCIO),USD,USD,100.00%,,3.31,100.00,103.31,,,,1.00,6.50%,3.31%,1258892.55,38006268.00,39265160.55,365.00,186.00
2026-11-09T00:00:00.000Z,2,2026-11-06T00:00:00.000Z,BST,BVCUO,Argentina,Argentina,8204906.00,COR USD BST C28 (BVCUO),USD,USD,,100.00%,1.17,,1.17,,,,1.00,4.50%,1.17%,96098.56,,96098.56,365.00,95.00
2026-11-09T00:00:00.000Z,4,2026-11-09T00:00:00.000Z,Finanlease,FAS1M,Argentina,Argentina,3000000.00,COR USD Finanlease S1 (FAS1M),USD,USD,10.00%,80.00%,1.35,10.00,11.35,,,,1.00,9.00%,1.35%,40610.96,300000.00,340610.96,365.00,61.00
2026-11-09T00:00:00.000Z,1,2026-11-08T00:00:00.000Z,Profertil,PFC3O,Argentina,Argentina,70000000.00,COR USD Profertil C3 (PFC3O),USD,USD,,100.00%,2.90,,2.90,,,,1.00,5.75%,2.90%,2029041.10,,2029041.10,365.00,184.00
2026-11-09T00:00:00.000Z,6,2026-11-07T00:00:00.000Z,YPF,YM37O,Argentina,Argentina,139501701.00,COR USD YPF C37 (YM37O),USD,USD,,100.00%,1.76,,1.76,,,,1.00,7.00%,1.76%,2461345.08,,2461345.08,365.00,92.00
2026-11-10T00:00:00.000Z,7,2026-11-10T00:00:00.000Z,Fiplasto,FPC1O,Argentina,Argentina,1366225.00,COR USD Fiplasto C1 (FPC1O),USD,USD,,100.00%,1.51,,1.51,,,,1.00,6.00%,1.51%,20661.81,,20661.81,365.00,92.00
2026-11-11T00:00:00.000Z,1,2026-11-11T00:00:00.000Z,BNA,NZC2O,Argentina,Argentina,30445485.00,COR USD BNA C2 (NZC2O),USD,USD,,100.00%,2.77,,2.77,,,,1.00,5.50%,2.77%,844132.35,,844132.35,365.00,184.00
2026-11-11T00:00:00.000Z,1,2026-11-11T00:00:00.000Z,Farmacity,FYC1O,Argentina,Argentina,15000000.00,COR USD Farmacity C1 (FYC1O),USD,USD,,100.00%,3.78,,3.78,,,,1.00,7.50%,3.78%,567123.29,,567123.29,365.00,184.00
2026-11-11T00:00:00.000Z,4,2026-11-11T00:00:00.000Z,Minera Exar,XMC1O,Argentina,Argentina,50000000.00,COR USD Minera Exar C1 (XMC1O),USD,USD,,100.00%,4.03,,4.03,,,,1.00,8.00%,4.03%,2016438.36,,2016438.36,365.00,184.00
2026-11-11T00:00:00.000Z,4,2026-11-11T00:00:00.000Z,Mirgor,MIC3O,Argentina,Argentina,20000000.00,COR USD Mirgor C3 (MIC3O),USD,USD,100.00%,,2.14,100.00,102.14,,,,1.00,8.50%,2.14%,428493.15,20000000.00,20428493.15,365.00,92.00
2026-11-11T00:00:00.000Z,1,2026-11-11T00:00:00.000Z,Pecom Servicios Energia,MCC3O,Argentina,Argentina,196759808.00,COR USD Pecom Servicios Energia C3 (MCC3O),USD,USD,,100.00%,3.78,,3.78,,,,1.00,7.50%,3.78%,7439137.95,,7439137.95,365.00,184.00
2026-11-12T00:00:00.000Z,4,2026-11-12T00:00:00.000Z,CNH,CIC7O,Argentina,Argentina,17014797.00,COR USD CNH C7 (CIC7O),USD,USD,100.00%,,3.02,100.00,103.02,,,,1.00,6.00%,3.02%,514639.34,17014797.00,17529436.34,365.00,184.00
2026-11-12T00:00:00.000Z,4,2026-11-12T00:00:00.000Z,CNH,CIC8O,Argentina,Argentina,11056884.00,COR USD CNH C8 (CIC80),USD,USD,,100.00%,3.78,,3.78,,,,1.00,7.50%,3.78%,418041.09,,418041.09,365.00,184.00
2026-11-12T00:00:00.000Z,1,2026-11-12T00:00:00.000Z,Puente,PHC4O,Argentina,Argentina,20394733.00,COR USD Puente C4 (PHC4O),USD,USD,,100.00%,3.28,,3.28,,,,1.00,6.50%,3.28%,668276.73,,668276.73,365.00,184.00
2026-11-13T00:00:00.000Z,2,2026-11-13T00:00:00.000Z,Agronorte,ORS1L,Argentina,Argentina,7500000.00,COR USD Agronorte S1 (ORS1L),USD,USD,,100.00%,1.50,,1.50,,,,1.00,5.95%,1.50%,112479.45,,112479.45,365.00,92.00
2026-11-13T00:00:00.000Z,2,2026-11-13T00:00:00.000Z,B. Patagonia,BGC4O,Argentina,Argentina,47221934.00,COR USD B. Patagonia C4 (BGC4O),USD,USD,100.00%,,3.15,100.00,103.15,,,,1.00,6.25%,3.15%,1487814.36,47221934.00,48709748.36,365.00,184.00
2026-11-13T00:00:00.000Z,4,2026-11-13T00:00:00.000Z,Pan American Energy,PN36O,Argentina,Argentina,78100553.00,COR USD Pan American Energy C36 (PN36O),USD,USD,,100.00%,3.65,,3.65,,,,1.00,7.25%,3.65%,2854414.73,,2854414.73,365.00,184.00
2026-11-13T00:00:00.000Z,4,2026-11-13T00:00:00.000Z,Pan American Energy,PN37O,Argentina,Argentina,74172648.00,COR USD Pan American Energy C37 (PN37O),USD,USD,,100.00%,3.15,,3.15,,,,1.00,6.25%,3.15%,2336946.44,,2336946.44,365.00,184.00
2026-11-16T00:00:00.000Z,4,2026-11-15T00:00:00.000Z,Cresud,CS47O,Argentina,Argentina,64417023.00,COR USD Cresud C47 (CS47O),USD,USD,,100.00%,3.53,,3.53,,,,1.00,7.00%,3.53%,2273126.73,,2273126.73,365.00,184.00
2026-11-16T00:00:00.000Z,1,2026-11-14T00:00:00.000Z,Pampa Energia,MG1RO,Nueva York,Estados Unidos,500000000.00,COR USD Pampa Energia C26 Adicionales (MG1RO),USD,USD,,100.00%,3.88,,3.88,,,,1.00,7.75%,3.88%,19375000.00,,19375000.00,360.00,180.00
2026-11-16T00:00:00.000Z,2,2026-11-14T00:00:00.000Z,Pampa Energia,MGCRO,Nueva York,Estados Unidos,450000000.00,COR USD Pampa Energia C26 (MGCRO),USD,USD,,100.00%,3.88,,3.88,,,,1.00,7.75%,3.88%,17437500.00,,17437500.00,360.00,180.00
2026-11-18T00:00:00.000Z,3,2026-11-18T00:00:00.000Z,Grupo ST,STCFO,Argentina,Argentina,11783694.00,COR USD Grupo ST C14 (STCFO),USD,USD,,100.00%,2.08,,2.08,,,,1.00,8.25%,2.08%,245036.27,,245036.27,365.00,92.00
2026-11-18T00:00:00.000Z,2,2026-11-18T00:00:00.000Z,Pluspetrol,PLC5O,Nueva York,Estados Unidos,500000000.00,COR USD Pluspetrol C5 (PLC5O),USD,USD,,100.00%,4.06,,4.06,,,,1.00,8.13%,4.06%,20312500.00,,20312500.00,360.00,180.00
2026-11-19T00:00:00.000Z,6,2026-11-19T00:00:00.000Z,Chaye,CY2BP,Argentina,Argentina,1300000.00,COR USD Chaye S2 CB (CY2BP),USD,USD,25.00%,25.00%,1.04,25.00,26.04,,,,1.00,8.25%,1.04%,13516.44,325000.00,338516.44,365.00,92.00
2026-11-20T00:00:00.000Z,2,2026-11-20T00:00:00.000Z,B. Hipotecario,HBCDO,Argentina,Argentina,34407562.00,COR USD B. Hipotecario C12 (HBCDO),USD,USD,100.00%,,3.02,100.00,103.02,,,,1.00,6.00%,3.02%,1040710.92,34407562.00,35448272.92,365.00,184.00
2026-11-20T00:00:00.000Z,2,2026-11-20T00:00:00.000Z,Transportadora de Gas del Sur,TSC4O,Nueva York,Estados Unidos,500000000.00,COR USD Transportadora de Gas del Sur C4 (TSC4O),USD,USD,,100.00%,3.88,,3.88,,,,1.00,7.75%,3.88%,19375000.00,,19375000.00,360.00,180.00
2026-11-20T00:00:00.000Z,6,2026-11-22T00:00:00.000Z,YPF Luz,YFCKO,Argentina,Argentina,49018232.00,COR USD YPF Luz C19 (YFCKO),USD,USD,100.00%,,1.31,100.00,101.31,,,,1.00,5.25%,1.31%,643364.30,49018232.00,49661596.30,360.00,90.00
2026-11-20T00:00:00.000Z,4,2026-11-20T00:00:00.000Z,YPF Luz,YFCMO,Argentina,Argentina,53827026.00,COR USD YPF Luz C21 (YFCMO),USD,USD,,100.00%,1.63,,1.63,,,,1.00,6.50%,1.63%,874689.17,,874689.17,360.00,90.00
2026-11-24T00:00:00.000Z,1,2026-11-21T00:00:00.000Z,Arcor,RC5CO,Argentina,Argentina,50000000.00,COR USD Arcor C5 (RC5CO),USD,USD,,100.00%,2.69,,2.69,,,,1.00,5.25%,2.69%,1344863.01,,1344863.01,365.00,187.00
2026-11-24T00:00:00.000Z,2,2026-11-22T00:00:00.000Z,B. ICBC,ICC6O,Argentina,Argentina,45080301.00,COR USD B. ICBC C6 (ICC6O),USD,USD,,100.00%,0.93,,0.93,,,,1.00,3.70%,0.93%,420420.12,,420420.12,365.00,92.00
2026-11-24T00:00:00.000Z,3,2026-11-21T00:00:00.000Z,CNH,CIC9O,Argentina,Argentina,25216014.00,COR USD CNH C9 (CIC9O),USD,USD,,100.00%,4.16,,4.16,,,,1.00,8.25%,4.16%,1048709.84,,1048709.84,365.00,184.00
2026-11-24T00:00:00.000Z,6,2026-11-22T00:00:00.000Z,Edenor,DNC3O,Argentina,Argentina,95762688.00,COR USD Edenor C3 (DNC3O),USD,USD,100.00%,,4.97,100.00,104.97,,,,1.00,9.75%,4.97%,4757962.59,95762688.00,100520650.59,365.00,186.00
2026-11-24T00:00:00.000Z,2,2026-11-22T00:00:00.000Z,Tarjeta Naranja,T672O,Argentina,Argentina,115084281.00,COR USD Tarjeta Naranja C67 S2 (T672O),USD,USD,,100.00%,1.26,,1.26,,,,1.00,5.00%,1.26%,1450377.24,,1450377.24,365.00,92.00
2026-11-24T00:00:00.000Z,1,2026-11-21T00:00:00.000Z,Tecpetrol,TTCEO,Argentina,Argentina,100000000.00,COR USD Tecpetrol C13 (TTCEO),USD,USD,,100.00%,2.77,,2.77,,,,1.00,5.50%,2.77%,2772602.74,,2772602.74,365.00,184.00
2026-11-24T00:00:00.000Z,6,2026-11-22T00:00:00.000Z,YPF Luz,YFCLO,Argentina,Argentina,50981768.00,COR USD YPF Luz C20 (YFCLO),USD,USD,,100.00%,1.69,,1.69,,,,1.00,6.75%,1.69%,860317.34,,860317.34,360.00,90.00
2026-11-25T00:00:00.000Z,2,2026-11-25T00:00:00.000Z,BPBA,PVC3O,Argentina,Argentina,26050044.00,COR USD BPBA C3 (PVC3O),USD,USD,100.00%,,3.28,100.00,103.28,,,,1.00,6.50%,3.28%,853585.00,26050044.00,26903629.00,365.00,184.00
2026-11-26T00:00:00.000Z,4,2026-11-26T00:00:00.000Z,Madero Harbour,HA11M,Argentina,Argentina,4030000.00,COR USD Madero Harbour S1 C1 (HA11M),USD,USD,,100.00%,2.52,,2.52,,,,1.00,10.00%,2.52%,101578.08,,101578.08,365.00,92.00
2026-11-26T00:00:00.000Z,1,2026-11-26T00:00:00.000Z,Scania Credit Argentina,SBC3O,Argentina,Argentina,26971883.00,COR USD Scania Credit Argentina C3 (SBC3O),USD,USD,9.00%,91.00%,3.28,9.00,12.28,,,,1.00,6.50%,3.28%,883791.02,2427469.47,3311260.49,365.00,184.00
2026-11-27T00:00:00.000Z,3,2026-11-27T00:00:00.000Z,John Deere,HJCIO,Argentina,Argentina,68370203.00,COR USD John Deere C17 (HJCIO),USD,USD,,100.00%,3.78,,3.78,,,,1.00,7.50%,3.78%,2584955.62,,2584955.62,365.00,184.00
2026-11-27T00:00:00.000Z,1,2026-11-27T00:00:00.000Z,Pluspetrol,PLC6O,Argentina,Argentina,167492889.00,COR USD Pluspetrol C6 (PLC6O),USD,USD,,100.00%,4.86,,4.86,,,,1.00,6.50%,4.86%,8142907.71,,8142907.71,365.00,273.00
2026-11-27T00:00:00.000Z,7,2026-11-27T00:00:00.000Z,YPF,YM35O,Argentina,Argentina,139894182.00,COR USD YPF C35 (YM35O),USD,USD,,100.00%,1.58,,1.58,,,,1.00,6.25%,1.58%,2203812.46,,2203812.46,365.00,92.00
2026-11-27T00:00:00.000Z,9,2026-11-27T00:00:00.000Z,YPF Luz,YFCGO,Argentina,Argentina,11287656.00,COR USD YPF Luz C15 (YFCGO),USD,USD,,100.00%,1.50,,1.50,,,,1.00,6.00%,1.50%,169314.84,,169314.84,360.00,90.00
2026-11-30T00:00:00.000Z,9,2026-11-30T00:00:00.000Z,Argentina,TX31,Argentina,Argentina,110944599869.00,GOB ARS ARG Boncer (TX31),ARS,ARS,,100.00%,20.76,,20.76,CER,,16.61,1.00,2.50%,1.25%,23035294137.28,,23035294137.28,360.00,180.00
2026-11-30T00:00:00.000Z,3,2026-11-30T00:00:00.000Z,Argentina,TY30P,Argentina,Argentina,1691807339451.00,GOB ARS ARG Bote (TY30P),ARS,ARS,,100.00%,14.75,,14.75,,,,1.00,29.50%,14.75%,249541582569.02,,249541582569.02,360.00,180.00
2026-11-30T00:00:00.000Z,3,2026-11-30T00:00:00.000Z,Argentina,TY30P @PUT,Argentina,Argentina,1691807339451.00,GOB ARS ARG Bote (TY30P) @PUT,ARS,ARS,,100.00%,14.75,,14.75,,,,1.00,29.50%,14.75%,249541582569.02,,249541582569.02,360.00,180.00
2026-11-30T00:00:00.000Z,1,2026-11-30T00:00:00.000Z,Argentina,S30N6,Argentina,Argentina,1784664685189.00,GOB ARS ARG Lecap (S30N6),ARS,ARS,100.00%,,29.89,100.00,129.89,,,,1.00,2.30%,29.89%,533400581109.29,1784664685189.00,2318065266298.29,360.00,345.00
2026-11-30T00:00:00.000Z,1,2026-11-30T00:00:00.000Z,Argentina,X30N6,Argentina,Argentina,5449040821147.00,GOB ARS ARG Lecer (X30N6),ARS,ARS,100.00%,,,118.12,118.12,CER,,1.18,1.00,,,,6436407017938.84,6436407017938.84,360.00,345.00
2026-11-30T00:00:00.000Z,3,2026-11-29T00:00:00.000Z,Agronorte,OR3BP,Argentina,Argentina,3643691.00,COR USD Agronorte S3 CB (OR3BP),USD,USD,25.00%,25.00%,2.28,25.00,27.28,,,,1.00,9.00%,2.28%,83106.10,910922.75,994028.85,365.00,185.00
2026-11-30T00:00:00.000Z,2,2026-11-30T00:00:00.000Z,Argentina,AN29,Argentina,Argentina,1000000000.00,GOB USD ARG Bonar (AN29),USD,USD,,100.00%,3.25,,3.25,,,,1.00,6.50%,3.25%,32500000.00,,32500000.00,360.00,180.00
2026-11-30T00:00:00.000Z,9,2026-11-30T00:00:00.000Z,Argentina,AO27,Argentina,Argentina,2000370497.00,GOB USD ARG Bonar (AO27),USD,USD,,100.00%,0.50,,0.50,,,,1.00,6.00%,0.50%,10001852.49,,10001852.49,360.00,30.00
2026-11-30T00:00:00.000Z,8,2026-11-30T00:00:00.000Z,Argentina,AO28,Argentina,Argentina,1534369685.00,GOB USD ARG Bonar (AO28),USD,USD,,100.00%,0.50,,0.50,,,,1.00,6.00%,0.50%,7671848.42,,7671848.43,360.00,30.00
2026-11-30T00:00:00.000Z,2,2026-11-30T00:00:00.000Z,B. Galicia,BYCWO,Argentina,Argentina,144323518.00,COR USD B. Galicia C30 (BYCWO),USD,USD,100.00%,,3.29,100.00,103.29,,,,1.00,6.00%,3.29%,4744882.78,144323518.00,149068400.78,365.00,200.00
2026-11-30T00:00:00.000Z,2,2026-11-28T00:00:00.000Z,CGC,CP38O,Nueva York,Estados Unidos,500000000.00,COR USD CGC C38 (CP38O),USD,USD,,100.00%,5.94,,5.94,,,,1.00,11.88%,5.94%,29687500.00,,29687500.00,360.00,180.00
2026-11-30T00:00:00.000Z,2,2026-11-28T00:00:00.000Z,Credicuotas Consumo,DHSMO,Argentina,Argentina,35924945.00,COR USD Credicuotas Consumo S21 (DHSMO),USD,USD,,100.00%,1.76,,1.76,,,,1.00,7.00%,1.76%,633853.82,,633853.82,365.00,92.00
2026-11-30T00:00:00.000Z,2,2026-11-29T00:00:00.000Z,Del Fabro,DFS1L,Argentina,Argentina,5000000.00,COR USD Del Fabro S1 (DFS1L),USD,USD,,100.00%,1.70,,1.70,,,,1.00,6.74%,1.70%,84942.47,,84942.47,365.00,92.00
2026-11-30T00:00:00.000Z,2,2026-11-29T00:00:00.000Z,Diransa,DIC2L,Argentina,Argentina,3000000.00,COR USD Diransa C2 (DIC2L),USD,USD,,100.00%,1.51,,1.51,,,,1.00,5.99%,1.51%,45294.25,,45294.25,365.00,92.00
2026-11-30T00:00:00.000Z,4,2026-11-29T00:00:00.000Z,Edemsa,OZC3O,Argentina,Argentina,33578943.00,COR USD Edemsa C3 (OZC3O),USD,USD,,100.00%,4.03,,4.03,,,,1.00,8.00%,4.03%,1354197.37,,1354197.37,365.00,184.00
2026-11-30T00:00:00.000Z,14,2026-11-28T00:00:00.000Z,Generación Litoral,GOC4O,Argentina,Argentina,14949364.00,COR USD Generación Litoral C4 (GOC4O),USD,USD,,100.00%,0.99,,0.99,,,,1.00,11.00%,0.99%,148674.50,,148674.50,365.00,33.00
2026-11-30T00:00:00.000Z,2,2026-11-28T00:00:00.000Z,Mirgor,MIC6O,Argentina,Argentina,22382970.00,COR USD Mirgor C6 (MIC6O),USD,USD,,100.00%,2.02,,2.02,,,,1.00,8.00%,2.02%,451338.79,,451338.79,365.00,92.00
2026-11-30T00:00:00.000Z,3,2026-11-30T00:00:00.000Z,Pluspetrol,PLC4O,Nueva York,Estados Unidos,650000000.00,COR USD Pluspetrol C4 (PLC4O),USD,USD,,100.00%,4.25,,4.25,,,,1.00,8.50%,4.25%,27625000.00,,27625000.00,360.00,180.00
2026-11-30T00:00:00.000Z,8,2026-11-28T00:00:00.000Z,Rizobacter,RZABO,Argentina,Argentina,3315602.00,COR USD Rizobacter S10 CB (RZABO),USD,USD,,100.00%,2.06,,2.06,,,,1.00,8.00%,2.06%,68310.49,,68310.49,365.00,94.00
2026-11-30T00:00:00.000Z,3,2026-11-28T00:00:00.000Z,Telecom Argentina,TLCPO,Nueva York,Estados Unidos,1000000000.00,COR USD Telecom Argentina C24 (TLCPO),USD,USD,,100.00%,4.63,,4.63,,,,1.00,9.25%,4.63%,46250000.00,,46250000.00,360.00,180.00
2026-11-30T00:00:00.000Z,2,2026-11-29T00:00:00.000Z,Telecom Argentina,TLCVO,Argentina,Argentina,26410490.00,COR USD Telecom Argentina C29 (TLCVO),USD,USD,,100.00%,0.88,,0.88,,,,1.00,3.50%,0.88%,232991.17,,232991.17,365.00,92.00
2026-11-30T00:00:00.000Z,1,2026-11-29T00:00:00.000Z,Telecom Argentina,TLCWO,Argentina,Argentina,35149670.00,COR USD Telecom Argentina C30 (TLCWO),USD,USD,,100.00%,3.15,,3.15,,,,1.00,6.25%,3.15%,1107455.36,,1107455.36,365.00,184.00
2026-11-30T00:00:00.000Z,4,2026-11-28T00:00:00.000Z,Telecom Argentina,TLCOO,Argentina,Argentina,75247975.00,COR USD Telecom C23 (TLCOO),USD,USD,,100.00%,3.53,,3.53,,,,1.00,7.00%,3.53%,2655325.80,,2655325.80,365.00,184.00
2026-11-30T00:00:00.000Z,5,2026-11-28T00:00:00.000Z,YPF,YM40O,Argentina,Argentina,51383412.00,COR USD YPF C40 (YM40O),USD,USD,,100.00%,1.89,,1.89,,,,1.00,7.50%,1.89%,971357.65,,971357.65,365.00,92.00
2026-12-02T00:00:00.000Z,2,2026-12-02T00:00:00.000Z,Genneia,GN49O,Nueva York,Estados Unidos,400000000.00,COR USD Genneia C49 (GN49O),USD,USD,,100.00%,3.88,,3.88,,,,1.00,7.75%,3.88%,15500000.00,,15500000.00,360.00,180.00
2026-12-02T00:00:00.000Z,3,2026-12-02T00:00:00.000Z,Pecom Servicios Energia,MCC2O,Argentina,Argentina,30169157.00,COR USD Pecom Servicios Energia C2 (MCC2O),USD,USD,,100.00%,3.76,,3.76,,,,1.00,7.50%,3.76%,1134442.96,,1134442.96,365.00,183.00
2026-12-02T00:00:00.000Z,4,2026-12-02T00:00:00.000Z,Plaza Logistica,ZPC2O,Argentina,Argentina,7000000.00,COR USD Plaza Logistica C2 (ZPC2O),USD,USD,,100.00%,1.87,,1.87,,,,1.00,7.50%,1.87%,130890.41,,130890.41,365.00,91.00
2026-12-02T00:00:00.000Z,2,2026-12-02T00:00:00.000Z,YPF,YM42O,Argentina,Argentina,355922807.00,COR USD YPF C42 (YM42O),USD,USD,,100.00%,3.51,,3.51,,,,1.00,7.00%,3.51%,12491427.83,,12491427.83,365.00,183.00
2026-12-03T00:00:00.000Z,2,2026-12-03T00:00:00.000Z,CNH,CICAO,Argentina,Argentina,56429788.00,COR USD CNH C10 (CICAO),USD,USD,,100.00%,4.01,,4.01,,,,1.00,8.00%,4.01%,2263375.61,,2263375.61,365.00,183.00
2026-12-03T00:00:00.000Z,2,2026-12-03T00:00:00.000Z,Fortecar,FCS1M,Argentina,Argentina,4200000.00,COR USD Fortecar S1 (FCS1M),USD,USD,,100.00%,1.99,,1.99,,,,1.00,8.00%,1.99%,83769.86,,83769.86,365.00,91.00
2026-12-03T00:00:00.000Z,3,2026-12-03T00:00:00.000Z,Plaza Logistica,ZPC3O,Argentina,Argentina,21786372.00,COR USD Plaza Logística C3 (ZPC3O),USD,USD,,100.00%,2.12,,2.12,,,,1.00,8.50%,2.12%,461692.02,,461692.02,365.00,91.00
2026-12-04T00:00:00.000Z,2,2026-12-04T00:00:00.000Z,B. Supervielle,BPCUO,Argentina,Argentina,27307959.00,COR USD B. Supervielle CU (BPCUO),USD,USD,100.00%,,3.13,100.00,103.13,,,,1.00,6.25%,3.13%,855711.73,27307959.00,28163670.73,365.00,183.00
2026-12-04T00:00:00.000Z,2,2026-12-04T00:00:00.000Z,Capex,CACDO,Argentina,Argentina,70905879.00,COR USD Capex C12 (CACDO),USD,USD,,100.00%,4.14,,4.14,,,,1.00,8.25%,4.14%,2932880.84,,2932880.84,365.00,183.00
2026-12-04T00:00:00.000Z,7,2026-12-04T00:00:00.000Z,Plaza Logistica,PZCGO,Argentina,Argentina,9587538.00,COR USD Plaza Logistica C15 (PZCGO),USD,USD,,100.00%,1.75,,1.75,,,,1.00,7.00%,1.75%,167781.92,,167781.92,360.00,90.00
2026-12-09T00:00:00.000Z,4,2026-12-05T00:00:00.000Z,360 Energy Solar,GYC5O,Argentina,Argentina,15000000.00,COR USD 360 Energy Solar C5 (GYC5O),USD,USD,,100.00%,2.18,,2.18,,,,1.00,8.75%,2.18%,327226.03,,327226.03,365.00,91.00
2026-12-09T00:00:00.000Z,2,2026-12-05T00:00:00.000Z,BBVA Argentina,BF39O,Argentina,Argentina,50000000.00,COR USD BBVA Argentina C39 (BF39O),USD,USD,100.00%,,2.95,100.00,102.95,,,,1.00,5.75%,2.95%,1472945.21,50000000.00,51472945.21,365.00,187.00
2026-12-09T00:00:00.000Z,1,2026-12-05T00:00:00.000Z,B. Comafi,AFCPO,Argentina,Argentina,12833373.00,COR USD B. Comafi C24 (AFCPO),USD,USD,,100.00%,2.63,,2.63,,,,1.00,5.25%,2.63%,337798.99,,337798.99,365.00,183.00
2026-12-09T00:00:00.000Z,1,2026-12-05T00:00:00.000Z,B. Comafi,AFCQO,Argentina,Estados Unidos,55185240.00,COR USD B. Comafi C25 (AFCQO),USD,USD,,100.00%,1.75,,1.75,,,,1.00,3.50%,1.75%,968387.57,,968387.57,365.00,183.00
2026-12-09T00:00:00.000Z,1,2026-12-05T00:00:00.000Z,B. Galicia,BYY2O,Argentina,Argentina,53059085.00,COR USD B. Galicia C32 S2 (BYY2O),USD,USD,,100.00%,2.38,,2.38,,,,1.00,4.75%,2.38%,1263605.74,,1263605.74,365.00,183.00
2026-12-09T00:00:00.000Z,1,2026-12-08T00:00:00.000Z,BPBA,PVC5O,Argentina,Argentina,31757262.00,COR USD BPBA C5 (PVC5O),USD,USD,,100.00%,2.13,,2.13,,,,1.00,4.25%,2.13%,676690.70,,676690.70,365.00,183.00
2026-12-09T00:00:00.000Z,3,2026-12-09T00:00:00.000Z,CGC,CP40O,Argentina,Argentina,55197497.00,COR USD CGC C40 (CP40O),USD,USD,,100.00%,2.37,,2.37,,,,1.00,9.50%,2.37%,1307348.94,,1307348.94,365.00,91.00
2026-12-09T00:00:00.000Z,6,2026-12-07T00:00:00.000Z,Edisur,EDS1P,Argentina,Argentina,5000000.00,COR USD Edisur S1 (EDS1P),USD,USD,15.00%,40.00%,2.41,15.00,17.41,,,,1.00,8.75%,2.41%,120642.12,750000.00,870642.12,365.00,183.00
2026-12-09T00:00:00.000Z,10,2026-12-08T00:00:00.000Z,Genneia,GN43O,Argentina,Argentina,20697951.00,COR USD Genneia C43 (GN43O),USD,USD,,100.00%,1.58,,1.58,,,,1.00,6.25%,1.58%,326063.61,,326063.61,365.00,92.00
2026-12-09T00:00:00.000Z,1,2026-12-08T00:00:00.000Z,IRSA,IRCQO,Argentina,Argentina,50000000.00,COR USD IRSA C25 (IRCQO),USD,USD,,100.00%,1.88,,1.88,,,,1.00,3.75%,1.88%,940068.49,,940068.49,365.00,183.00
2026-12-09T00:00:00.000Z,1,2026-12-08T00:00:00.000Z,John Deere,HJCLO,Argentina,Argentina,80000000.00,COR USD John Deere C20 (HJCLO),USD,USD,,100.00%,3.26,,3.26,,,,1.00,6.50%,3.26%,2607123.29,,2607123.29,365.00,183.00
2026-12-09T00:00:00.000Z,4,2026-12-05T00:00:00.000Z,MSU Energy,RUCDO,Nueva York,Estados Unidos,400000000.00,COR USD MSU Energy C12 (RUCDO),USD,USD,,100.00%,4.88,,4.88,,,,1.00,9.75%,4.88%,19500000.00,,19500000.00,360.00,180.00
2026-12-09T00:00:00.000Z,2,2026-12-05T00:00:00.000Z,Oleoductos del Valle,OLC6O,Argentina,Argentina,115514950.00,COR USD Oleoductos del Valle C6 (OLC6O),USD,USD,,100.00%,3.76,,3.76,,,,1.00,7.50%,3.76%,4343678.60,,4343678.60,365.00,183.00
2026-12-09T00:00:00.000Z,4,2026-12-05T00:00:00.000Z,Scania Credit Argentina,SBC1O,Argentina,Argentina,40000000.00,COR USD Scania Credit Argentina C1 (SBC1O),USD,USD,14.00%,44.00%,1.27,14.00,15.27,,,,1.00,8.75%,1.27%,506109.59,5600000.00,6106109.59,365.00,91.00
2026-12-09T00:00:00.000Z,4,2026-12-09T00:00:00.000Z,Sidersa,SIC1O,Argentina,Argentina,27636229.00,COR USD Sidersa C1 (SIC1O),USD,USD,100.00%,,3.26,100.00,103.26,,,,1.00,6.50%,3.26%,900638.20,27636229.00,28536867.20,365.00,183.00
2026-12-10T00:00:00.000Z,7,2026-12-10T00:00:00.000Z,CGC,CP37O,Argentina,Argentina,16480165.00,COR USD CGC C37 (CP37O),USD,USD,,100.00%,1.75,,1.75,,,,1.00,7.00%,1.75%,287612.74,,287612.74,365.00,91.00
2026-12-10T00:00:00.000Z,4,2026-12-10T00:00:00.000Z,Clisa,CLI1O,Nueva York,Estados Unidos,74985749.00,COR USD Clisa C1 (CLI1O),USD,USD,,100.00%,3.50,,3.50,,,,1.00,7.00%,3.50%,2624501.22,,2624501.22,360.00,180.00
2026-12-10T00:00:00.000Z,5,2026-12-10T00:00:00.000Z,Clisa,CLSIO,Nueva York,Estados Unidos,200000000.00,COR USD Clisa (CLSIO),USD,USD,,100.00%,2.00,,2.00,,,,1.00,4.00%,2.00%,4000000.00,,4000000.00,360.00,180.00
2026-12-10T00:00:00.000Z,4,2026-12-10T00:00:00.000Z,Laboratorios Richmond,LR7BO,Argentina,Argentina,2495750.00,COR USD Laboratorios Richmond S7 CB (LR7BO),USD,USD,100.00%,,2.24,100.00,102.24,,,,1.00,9.00%,2.24%,56000.53,2495750.00,2551750.53,365.00,91.00
2026-12-10T00:00:00.000Z,4,2026-12-10T00:00:00.000Z,Vista Energy Argentina,VSCTO,Nueva York,Estados Unidos,600000000.00,COR USD Vista Energy Argentina C27 (VSCTO),USD,USD,,100.00%,3.81,,3.81,,,,1.00,7.63%,3.81%,22875000.00,,22875000.00,360.00,180.00
2026-12-10T00:00:00.000Z,3,2026-12-10T00:00:00.000Z,Vista Energy Argentina,VSCVO,Nueva York,Estados Unidos,900000000.00,COR USD Vista Energy Argentina C29 (VSCVO),USD,USD,,100.00%,4.25,,4.25,,,,1.00,8.50%,4.25%,38250000.00,,38250000.00,360.00,180.00
2026-12-11T00:00:00.000Z,4,2026-12-11T00:00:00.000Z,Raghsa,RAC7O,Nueva York,Estados Unidos,48705263.00,COR USD Raghsa C7 (RAC7O),USD,USD,,100.00%,4.25,,4.25,,,,1.00,8.50%,4.25%,2069973.68,,2069973.68,360.00,180.00
2026-12-14T00:00:00.000Z,3,2026-12-12T00:00:00.000Z,Oleoductos del Valle,OLC5O,Argentina,Argentina,85000000.00,COR USD Oleoductos del Valle C5 (OLC5O),USD,USD,,100.00%,3.96,,3.96,,,,1.00,7.89%,3.96%,3362436.99,,3362436.99,365.00,183.00
2026-12-14T00:00:00.000Z,8,2026-12-13T00:00:00.000Z,YPF Luz,YFCIO,Argentina,Argentina,10199945.00,COR USD YPF Luz C17 (YFCIO),USD,USD,,100.00%,1.48,,1.48,,,,1.00,5.90%,1.48%,150449.19,,150449.19,360.00,90.00
2026-12-15T00:00:00.000Z,1,2026-12-15T00:00:00.000Z,Argentina,TZXD6,Argentina,Argentina,9889383695778.00,GOB ARS ARG Boncer (TZXD6),ARS,ARS,100.00%,,,287.49,287.49,CER,,2.87,1.00,,,,28430989186992.18,28430989186992.18,360.00,990.00
2026-12-15T00:00:00.000Z,4,2026-12-15T00:00:00.000Z,AA 2000,AERBO,Argentina,Argentina,28756612.00,COR USD AA 2000 C11 (AERBO),USD,USD,100.00%,,2.64,100.00,102.64,,,,1.00,5.50%,2.64%,758307.92,28756612.00,29514919.92,365.00,175.00
2026-12-15T00:00:00.000Z,18,2026-12-15T00:00:00.000Z,YPF,YCANO,Nueva York,Estados Unidos,536612500.00,COR USD YPF 15-12-47,USD,USD,,100.00%,3.50,,3.50,,,,1.00,7.00%,3.50%,18781437.50,,18781437.50,360.00,180.00
2026-12-15T00:00:00.000Z,2,2026-12-15T00:00:00.000Z,YPF Luz,YFCOO,Argentina,Argentina,45021217.00,COR USD YPF Luz C23 (YFCOO),USD,USD,,100.00%,1.69,,1.69,,,,1.00,6.75%,1.69%,759733.04,,759733.04,360.00,90.00
2026-12-16T00:00:00.000Z,4,2026-12-16T00:00:00.000Z,Pampa Energia,MGCOO,Nueva York,Estados Unidos,700000000.00,COR USD Pampa Energia C23 (MGCOO),USD,USD,,100.00%,3.94,,3.94,,,,1.00,7.88%,3.94%,27562500.00,,27562500.00,360.00,180.00
2026-12-17T00:00:00.000Z,6,2026-12-17T00:00:00.000Z,Capex,CACBO,Argentina,Argentina,45097020.00,COR USD Capex C11 (CACBO),USD,USD,,100.00%,1.93,,1.93,,,,1.00,7.75%,1.93%,871360.91,,871360.91,365.00,91.00
2026-12-21T00:00:00.000Z,10,2026-12-21T00:00:00.000Z,Aluar,LMS8O,Argentina,Estados Unidos,100000000.00,COR USD Aluar S8 (LMS8O),USD,USD,25.00%,25.00%,0.79,25.00,25.79,,,,1.00,6.25%,0.79%,789930.56,25000000.00,25789930.56,360.00,91.00
2026-12-21T00:00:00.000Z,5,2026-12-21T00:00:00.000Z,Hattrick Energy,HT11M,Argentina,Argentina,7000000.00,COR USD Hattrick Energy S1 C1 (HT11M),USD,USD,9.09%,63.64%,1.72,9.09,10.81,,,,1.00,9.50%,1.72%,120582.35,636300.00,756882.35,365.00,91.00
2026-12-21T00:00:00.000Z,3,2026-12-20T00:00:00.000Z,Hector A. Bertone,EH13M,Argentina,Argentina,903544.00,COR USD Hector A. Bertone S1 C3 (EH13M),USD,USD,,100.00%,2.49,,2.49,,,,1.00,10.00%,2.49%,22526.71,,22526.71,365.00,91.00
2026-12-21T00:00:00.000Z,4,2026-12-19T00:00:00.000Z,Hijos de Salvador Muñoz,MU32O,Argentina,Argentina,7929057.00,COR USD Hijos de Salvador Muñoz C3 S2 (MU32O),USD,USD,,100.00%,4.51,,4.51,,,,1.00,9.00%,4.51%,357785.12,,357785.12,365.00,183.00
2026-12-21T00:00:00.000Z,4,2026-12-19T00:00:00.000Z,Meranol,MRCYP,Argentina,Argentina,181875.00,COR USD Meranol C32 (MRCYP),USD,USD,100.00%,,4.82,100.00,104.82,,,,1.00,9.50%,4.82%,8757.41,181875.00,190632.41,365.00,185.00
2026-12-21T00:00:00.000Z,4,2026-12-20T00:00:00.000Z,MSU Green Energy,EAC3O,Argentina,Argentina,21376563.00,COR USD MSU Green Energy C3 (EAC3O),USD,USD,,100.00%,4.26,,4.26,,,,1.00,8.50%,4.26%,910992.98,,910992.98,365.00,183.00
2026-12-22T00:00:00.000Z,2,2026-12-22T00:00:00.000Z,Alz Nutrientes,AUS1L,Argentina,Argentina,900000.00,COR USD Alz Nutrientes S1 (AUS1L),USD,USD,33.00%,67.00%,4.39,33.00,37.39,,,,1.00,8.75%,4.39%,39482.88,297000.00,336482.88,365.00,183.00
2026-12-22T00:00:00.000Z,9,2026-12-22T00:00:00.000Z,Irsa Prop,IRCFO,Nueva York,Estados Unidos,103292263.00,COR USD Irsa Prop C14 (IRCFO),USD,USD,,47.50%,2.08,,2.08,,,,1.00,8.75%,2.08%,2146542.34,,2146542.34,360.00,180.00
2026-12-23T00:00:00.000Z,3,2026-12-23T00:00:00.000Z,B. Macro,BACGO,Nueva York,Estados Unidos,530000000.00,COR USD B. Macro CG (BACGO),USD,USD,,100.00%,4.00,,4.00,,,,1.00,8.00%,4.00%,21200000.00,,21200000.00,360.00,180.00
2026-12-23T00:00:00.000Z,2,2026-12-23T00:00:00.000Z,Promedon,PBS1M,Argentina,Argentina,4500000.00,COR USD Promedon S1 (PBS1M),USD,USD,20.00%,80.00%,4.71,20.00,24.71,,,,1.00,9.40%,4.71%,212079.45,900000.00,1112079.45,365.00,183.00
2026-12-28T00:00:00.000Z,3,2026-12-25T00:00:00.000Z,Diesel Lange,DGS1L,Argentina,Argentina,1200000.00,COR USD Diesel Lange S1 (DGS1L),USD,USD,,100.00%,1.52,,1.52,,,,1.00,5.90%,1.52%,18233.42,,18233.42,365.00,94.00
2026-12-28T00:00:00.000Z,15,2026-12-28T00:00:00.000Z,Generación Litoral,GOC4O,Argentina,Argentina,14949364.00,COR USD Generación Litoral C4 (GOC4O),USD,USD,,100.00%,0.84,,0.84,,,,1.00,11.00%,0.84%,126148.06,,126148.06,365.00,28.00
2026-12-28T00:00:00.000Z,15,2026-12-27T00:00:00.000Z,YPF,YMC1O,Nueva York,Estados Unidos,398972000.00,COR USD YPF (YMC1O),USD,USD,,100.00%,4.25,,4.25,,,,1.00,8.50%,4.25%,16956310.00,,16956310.00,360.00,180.00
2026-12-30T00:00:00.000Z,10,2026-12-30T00:00:00.000Z,Argentina,AO27,Argentina,Argentina,2000370497.00,GOB USD ARG Bonar (AO27),USD,USD,,100.00%,0.50,,0.50,,,,1.00,6.00%,0.50%,10001852.49,,10001852.49,360.00,30.00
2026-12-30T00:00:00.000Z,9,2026-12-30T00:00:00.000Z,Argentina,AO28,Argentina,Argentina,1534369685.00,GOB USD ARG Bonar (AO28),USD,USD,,100.00%,0.50,,0.50,,,,1.00,6.00%,0.50%,7671848.42,,7671848.43,360.00,30.00
2026-12-30T00:00:00.000Z,2,2026-12-30T00:00:00.000Z,B. Galicia,BYCXO,Argentina,Argentina,71863952.00,COR USD B. Galicia C31 (BYCXO),USD,USD,100.00%,,2.88,100.00,102.88,,,,1.00,5.50%,2.88%,2068303.60,71863952.00,73932255.60,365.00,191.00
2026-12-30T00:00:00.000Z,12,2026-12-30T00:00:00.000Z,YPF,YMCIO,Nueva York,Estados Unidos,747833257.00,COR USD YPF C17 (YMCIO),USD,USD,14.29%,71.43%,3.86,14.29,18.14,,,,1.00,9.00%,3.86%,28844997.15,106833320.29,135678317.44,360.00,180.00
2027-01-04T00:00:00.000Z,46,2026-12-31T00:00:00.000Z,Argentina,DICP,Argentina,Argentina,4243693957.00,GOB ARS ARG Boncer (DICP),ARS,ARS,5.00%,70.00%,1486.83,3400.41,4887.23,CER,,535.52,1.27,5.83%,2.78%,63096395188.69,144302790834.65,207399186023.35,360.00,180.00
2027-01-04T00:00:00.000Z,46,2026-12-31T00:00:00.000Z,Argentina,DIP0,Argentina,Argentina,125510513.00,GOB ARS ARG Boncer (DIP0),ARS,ARS,5.00%,70.00%,1486.83,3400.41,4887.23,CER,,535.52,1.27,5.83%,2.78%,1866124421.04,4267866035.70,6133990456.74,360.00,180.00
2027-01-04T00:00:00.000Z,46,2026-12-31T00:00:00.000Z,Argentina,CUAP,Argentina,Argentina,23434050685.00,GOB ARS ARG (CUAP),ARS,ARS,,100.00%,1230.70,,1230.70,CER,,535.52,1.39,3.31%,2.30%,288402364978.42,,288402364978.42,360.00,180.00
2027-01-04T00:00:00.000Z,3,2026-12-31T00:00:00.000Z,Apache,AQ11L,Argentina,Argentina,3900000.00,COR USD Apache S1 C1 (AQ11L),USD,USD,,100.00%,1.70,,1.70,,,,1.00,6.75%,1.70%,66353.42,,66353.42,365.00,92.00
2027-01-04T00:00:00.000Z,3,2027-01-04T00:00:00.000Z,Compañía Mega,EMC1O,Argentina,Argentina,59556688.00,COR USD Compañía Mega C1 (EMC1O),USD,USD,,100.00%,3.78,,3.78,,,,1.00,7.50%,3.78%,2251732.31,,2251732.31,365.00,184.00
2027-01-04T00:00:00.000Z,6,2027-01-02T00:00:00.000Z,Telecom Argentina,TLCQO,Argentina,Argentina,50489739.00,COR USD Telecom C25 (TLCQO),USD,USD,,100.00%,1.89,,1.89,,,,1.00,7.50%,1.89%,954463.56,,954463.56,365.00,92.00
2027-01-08T00:00:00.000Z,6,2027-01-08T00:00:00.000Z,Havanna Holding,HVS1O,Argentina,Argentina,18534790.00,COR USD Havanna S1 (HVS1O),USD,USD,,100.00%,2.21,,2.21,,,,1.00,8.75%,2.21%,408780.98,,408780.98,365.00,92.00
2027-01-08T00:00:00.000Z,5,2027-01-08T00:00:00.000Z,YPF,YM41O,Argentina,Argentina,99005943.00,COR USD YPF C41 (YM41O),USD,USD,100.00%,,1.51,100.00,101.51,,,,1.00,6.00%,1.51%,1497295.36,99005943.00,100503238.36,365.00,92.00
2027-01-11T00:00:00.000Z,12,2027-01-09T00:00:00.000Z,Argentina,GD29,Nueva York,Estados Unidos,2620524000.00,GOB USD ARG Birad (GD29),USD,USD,10.00%,50.00%,0.30,10.00,10.30,,,,1.00,1.00%,0.30%,7861572.00,262052400.00,269913972.00,360.00,180.00
2027-01-11T00:00:00.000Z,12,2027-01-09T00:00:00.000Z,Argentina,GD30,Nueva York,Estados Unidos,13587430959.00,GOB USD ARG Birad (GD30),USD,USD,8.00%,56.00%,0.24,8.00,8.24,,,,1.00,0.75%,0.24%,32609834.30,1086994476.72,1119604311.02,360.00,180.00
2027-01-11T00:00:00.000Z,12,2027-01-09T00:00:00.000Z,Argentina,GD35,Nueva York,Estados Unidos,20436350000.00,GOB USD ARG Birad (GD35),USD,USD,,100.00%,2.06,,2.06,,,,1.00,4.13%,2.06%,421499718.75,,421499718.75,360.00,180.00
2027-01-11T00:00:00.000Z,12,2027-01-09T00:00:00.000Z,Argentina,GD38,Nueva York,Estados Unidos,10063292000.00,GOB USD ARG Birad (GD38),USD,USD,,100.00%,2.50,,2.50,,,,1.00,5.00%,2.50%,251582300.00,,251582300.00,360.00,180.00
2027-01-11T00:00:00.000Z,12,2027-01-09T00:00:00.000Z,Argentina,GD41,Nueva York,Estados Unidos,10482111279.00,GOB USD ARG Birad (GD41),USD,USD,,100.00%,1.75,,1.75,,,,1.00,3.50%,1.75%,183436947.38,,183436947.38,360.00,180.00
2027-01-11T00:00:00.000Z,12,2027-01-09T00:00:00.000Z,Argentina,GD46,Nueva York,Estados Unidos,2091997124.00,GOB USD ARG Birad (GD46),USD,USD,2.27%,88.64%,1.88,2.27,4.15,,,,1.00,4.13%,1.88%,39224946.55,47545389.18,86770335.73,360.00,180.00
2027-01-11T00:00:00.000Z,12,2027-01-09T00:00:00.000Z,Argentina,AE38,Argentina,Argentina,12324977546.00,GOB USD ARG Bonar (AE38),USD,USD,,100.00%,2.50,,2.50,,,,1.00,5.00%,2.50%,308124438.65,,308124438.65,360.00,180.00
2027-01-11T00:00:00.000Z,12,2027-01-09T00:00:00.000Z,Argentina,AL29,Argentina,Argentina,1394901484.00,GOB USD ARG Bonar (AL29),USD,USD,10.00%,50.00%,0.30,10.00,10.30,,,,1.00,1.00%,0.30%,4184704.45,139490148.40,143674852.85,360.00,180.00
2027-01-11T00:00:00.000Z,12,2027-01-09T00:00:00.000Z,Argentina,AL30,Argentina,Argentina,13102738119.00,GOB USD ARG Bonar (AL30),USD,USD,8.00%,56.00%,0.24,8.00,8.24,,,,1.00,0.75%,0.24%,31446571.49,1048219049.52,1079665621.01,360.00,180.00
2027-01-11T00:00:00.000Z,12,2027-01-09T00:00:00.000Z,Argentina,AL35,Argentina,Argentina,20243999549.00,GOB USD ARG Bonar (AL35),USD,USD,,100.00%,2.06,,2.06,,,,1.00,4.13%,2.06%,417532490.70,,417532490.70,360.00,180.00
2027-01-11T00:00:00.000Z,12,2027-01-09T00:00:00.000Z,Argentina,AL41,Argentina,Argentina,1542233749.00,GOB USD ARG Bonar (AL41),USD,USD,,100.00%,1.75,,1.75,,,,1.00,3.50%,1.75%,26989090.61,,26989090.61,360.00,180.00
2027-01-11T00:00:00.000Z,3,2027-01-11T00:00:00.000Z,Cresud,CS48O,Argentina,Argentina,43656188.00,COR USD Cresud C48 (CS48O),USD,USD,,100.00%,4.03,,4.03,,,,1.00,8.00%,4.03%,1760600.24,,1760600.24,365.00,184.00
2027-01-11T00:00:00.000Z,5,2027-01-09T00:00:00.000Z,Finanlease,FAS1M,Argentina,Argentina,3000000.00,COR USD Finanlease S1 (FAS1M),USD,USD,10.00%,70.00%,1.24,10.00,11.24,,,,1.00,9.00%,1.24%,37282.19,300000.00,337282.19,365.00,63.00
2027-01-11T00:00:00.000Z,7,2027-01-10T00:00:00.000Z,YPF,YMCYO,Argentina,Argentina,125000000.00,COR USD YPF C32 (YMCYO),USD,USD,,100.00%,1.64,,1.64,,,,1.00,6.50%,1.64%,2047945.21,,2047945.21,365.00,92.00
2027-01-12T00:00:00.000Z,12,2027-01-12T00:00:00.000Z,Aluar,LMS7O,Argentina,Estados Unidos,137898136.00,COR USD Aluar S7 (LMS7O),USD,USD,8.33%,58.35%,1.19,8.33,9.52,,,,1.00,7.00%,1.19%,1644891.87,11486914.73,13131806.60,360.00,92.00
2027-01-14T00:00:00.000Z,3,2027-01-14T00:00:00.000Z,Profertil,PFC2O,Argentina,Argentina,54325110.00,COR USD Profertil C2 (PFC2O),USD,USD,,100.00%,3.65,,3.65,,,,1.00,7.25%,3.65%,1985471.14,,1985471.14,365.00,184.00
2027-01-14T00:00:00.000Z,7,2027-01-14T00:00:00.000Z,San Miguel,SNABO,Argentina,Argentina,1128461.00,COR USD San Miguel S10 CB (SNABO),USD,USD,,100.00%,4.03,,4.03,,,,1.00,8.00%,4.03%,45509.44,,45509.44,365.00,184.00
2027-01-14T00:00:00.000Z,6,2027-01-14T00:00:00.000Z,San Miguel,SNSBO,Argentina,Argentina,5864584.00,COR USD San Miguel S11 (SNSBO),USD,USD,,100.00%,4.03,,4.03,,,,1.00,8.00%,4.03%,236511.44,,236511.44,365.00,184.00
2027-01-14T00:00:00.000Z,4,2027-01-14T00:00:00.000Z,San Miguel,SNSDO,Argentina,Argentina,2924676.00,COR USD San Miguel S12 (SNSDO),USD,USD,,100.00%,4.03,,4.03,,,,1.00,8.00%,4.03%,117948.58,,117948.58,365.00,184.00
2027-01-14T00:00:00.000Z,3,2027-01-14T00:00:00.000Z,San Miguel,SNEBO,Argentina,Argentina,47759471.00,COR USD San Miguel S13 CB (SNEBO),USD,USD,,85.00%,3.43,,3.43,,,,1.00,8.00%,3.43%,1637168.50,,1637168.50,365.00,184.00
2027-01-14T00:00:00.000Z,1,2027-01-14T00:00:00.000Z,YPF,YM43O,Argentina,Argentina,122146525.00,COR USD YPF C43 (YM43O),USD,USD,,100.00%,4.14,,4.14,,,,1.00,5.50%,4.14%,5061551.21,,5061551.21,365.00,275.00
2027-01-15T00:00:00.000Z,1,2027-01-15T00:00:00.000Z,Argentina,T15E7,Argentina,Argentina,10552639537896.00,GOB ARS ARG Boncap (T15E7),ARS,ARS,100.00%,,61.10,100.00,161.10,,,,1.00,2.05%,61.10%,6448084863235.97,10552639537896.00,17000724401131.97,360.00,705.00
2027-01-15T00:00:00.000Z,4,2027-01-15T00:00:00.000Z,BST,BVCRO,Argentina,Argentina,10891553.00,COR USD BST C26 (BVCRO),USD,USD,100.00%,,1.76,100.00,101.76,,,,1.00,7.00%,1.76%,192168.77,10891553.00,11083721.77,365.00,92.00
2027-01-15T00:00:00.000Z,2,2027-01-15T00:00:00.000Z,Pan American Energy,PN43O,Nueva York,Estados Unidos,375000000.00,COR USD Pan American Energy C43 (PN43O),USD,USD,,100.00%,3.88,,3.88,,,,1.00,7.75%,3.88%,14531250.00,,14531250.00,360.00,180.00
2027-01-15T00:00:00.000Z,5,2027-01-15T00:00:00.000Z,Vista Energy Argentina,VSCWO,Argentina,Argentina,73256123.00,COR USD Vista Energy Argentina C30 (VSCWO),USD,USD,,100.00%,1.51,,1.51,,,,1.00,6.00%,1.51%,1107873.42,,1107873.42,365.00,92.00
2027-01-18T00:00:00.000Z,6,2027-01-17T00:00:00.000Z,Cresud,CS44O,Argentina,Argentina,39765830.00,COR USD Cresud C44 (CS44O),USD,USD,100.00%,,3.02,100.00,103.02,,,,1.00,6.00%,3.02%,1202780.17,39765830.00,40968610.17,365.00,184.00
2027-01-18T00:00:00.000Z,4,2027-01-17T00:00:00.000Z,John Deere,HJCHO,Argentina,Argentina,50000000.00,COR USD John Deere C16 (HJCHO),USD,USD,,100.00%,3.55,,3.55,,,,1.00,7.00%,3.55%,1773972.60,,1773972.60,365.00,185.00
2027-01-18T00:00:00.000Z,2,2027-01-16T00:00:00.000Z,John Deere,HJCKO,Argentina,Argentina,80000000.00,COR USD John Deere C19 (HJCKO),USD,USD,,100.00%,3.91,,3.91,,,,1.00,7.75%,3.91%,3125479.45,,3125479.45,365.00,184.00
2027-01-18T00:00:00.000Z,6,2027-01-17T00:00:00.000Z,Otamerica Ebytem,OT41O,Argentina,Argentina,28306584.00,COR USD Oiltanking Ebytem S4 C1 (OT41O),USD,USD,,100.00%,1.76,,1.76,,,,1.00,7.00%,1.76%,499436.71,,499436.71,365.00,92.00
2027-01-18T00:00:00.000Z,6,2027-01-17T00:00:00.000Z,Otamerica Ebytem,OT42O,Argentina,Argentina,35231293.00,COR USD Oiltanking Ebytem S4 C2 (OT42O),USD,USD,,100.00%,2.02,,2.02,,,,1.00,8.00%,2.02%,710417.31,,710417.31,365.00,92.00
2027-01-18T00:00:00.000Z,4,2027-01-16T00:00:00.000Z,Puente,PHC3O,Argentina,Argentina,10256122.00,COR USD Puente C3 (PHC3O),USD,USD,100.00%,,3.31,100.00,103.31,,,,1.00,6.50%,3.31%,339716.48,10256122.00,10595838.48,365.00,186.00
2027-01-18T00:00:00.000Z,3,2027-01-16T00:00:00.000Z,Scania Credit Argentina,SBC2O,Argentina,Argentina,40979825.00,COR USD Scania Credit Argentina C2 (SBC2O),USD,USD,9.00%,73.00%,1.55,9.00,10.55,,,,1.00,7.49%,1.55%,634396.43,3688184.25,4322580.68,365.00,92.00
2027-01-18T00:00:00.000Z,5,2027-01-18T00:00:00.000Z,Telecom Argentina,TLCMO,Nueva York,Estados Unidos,817217000.00,COR USD Telecom C21 (TLCMO),USD,USD,,100.00%,4.75,,4.75,,,,1.00,9.50%,4.75%,38817807.50,,38817807.50,360.00,180.00
2027-01-18T00:00:00.000Z,6,2027-01-17T00:00:00.000Z,YPF,YMCUO,Nueva York,Estados Unidos,800000000.00,COR USD YPF C28 (YMCUO),USD,USD,10.00%,80.00%,4.28,10.00,14.28,,,,1.00,9.50%,4.28%,34200000.00,80000000.00,114200000.00,360.00,180.00
2027-01-18T00:00:00.000Z,2,2027-01-17T00:00:00.000Z,YPF,Y134O,Nueva York,Estados Unidos,,COR USD YPF C34 Adicionales (Y134O),USD,USD,,100.00%,4.13,,4.13,,,,1.00,8.25%,4.13%,,,,360.00,180.00
2027-01-18T00:00:00.000Z,4,2027-01-17T00:00:00.000Z,YPF,YM34O,Nueva York,Estados Unidos,1650000000.00,COR USD YPF C34 (YM34O),USD,USD,,100.00%,4.13,,4.13,,,,1.00,8.25%,4.13%,68062500.00,,68062500.00,360.00,180.00
2027-01-20T00:00:00.000Z,2,2027-01-20T00:00:00.000Z,Cresud,CS51O,Argentina,Argentina,46778518.00,COR USD Cresud C51 (CS51O),USD,USD,100.00%,,2.90,100.00,102.90,,,,1.00,5.75%,2.90%,1355936.22,46778518.00,48134454.22,365.00,184.00
2027-01-20T00:00:00.000Z,4,2027-01-20T00:00:00.000Z,Futuros y Opciones,FO4AO,Argentina,Argentina,20921198.00,COR USD Futuros y Opciones S4 CA (FO4AO),USD,USD,,100.00%,1.99,,1.99,,,,1.00,7.90%,1.99%,416589.77,,416589.77,365.00,92.00
2027-01-20T00:00:00.000Z,2,2027-01-20T00:00:00.000Z,Telecom Argentina,TLCTO,Nueva York,Estados Unidos,600000000.00,COR USD Telecom Argentina C27 (TLCTO),USD,USD,,100.00%,4.25,,4.25,,,,1.00,8.50%,4.25%,25500000.00,,25500000.00,360.00,180.00
2027-01-21T00:00:00.000Z,3,2027-01-21T00:00:00.000Z,PCR,PQCTO,Argentina,Argentina,38916527.00,COR USD PCR CT (PQCTO),USD,USD,,100.00%,4.28,,4.28,,,,1.00,8.50%,4.28%,1667546.53,,1667546.53,365.00,184.00
2027-01-21T00:00:00.000Z,19,2027-01-21T00:00:00.000Z,YPF,YCAMO,Nueva York,Estados Unidos,643428000.00,COR USD YPF C53 (YCAMO),USD,USD,,100.00%,3.48,,3.48,,,,1.00,6.95%,3.48%,22359123.00,,22359123.00,360.00,180.00
2027-01-22T00:00:00.000Z,4,2027-01-22T00:00:00.000Z,Tecpetrol,TTCAO,Nueva York,Estados Unidos,400000000.00,COR USD Tecpetrol C10 (TTCAO),USD,USD,,100.00%,3.81,,3.81,,,,1.00,7.63%,3.81%,15250000.00,,15250000.00,360.00,180.00
2027-01-22T00:00:00.000Z,6,2027-01-22T00:00:00.000Z,YPF,YM38O,Argentina,Argentina,250000000.00,COR USD YPF C38 (YM38O),USD,USD,,100.00%,1.89,,1.89,,,,1.00,7.50%,1.89%,4726027.40,,4726027.40,365.00,92.00
2027-01-22T00:00:00.000Z,3,2027-01-22T00:00:00.000Z,YPF,YM39O,Argentina,Estados Unidos,224801688.00,COR USD YPF C39 (YM39O),USD,USD,,100.00%,4.41,,4.41,,,,1.00,8.75%,4.41%,9915910.07,,9915910.07,365.00,184.00
2027-01-25T00:00:00.000Z,4,2027-01-23T00:00:00.000Z,IRSA,IRCNO,Argentina,Argentina,15799810.00,COR USD IRSA C22 (IRCNO),USD,USD,,100.00%,2.90,,2.90,,,,1.00,5.75%,2.90%,457978.05,,457978.05,365.00,184.00
2027-01-25T00:00:00.000Z,4,2027-01-23T00:00:00.000Z,IRSA,IRCOO,Argentina,Argentina,51467822.00,COR USD IRSA C23 (IRCOO),USD,USD,,100.00%,3.65,,3.65,,,,1.00,7.25%,3.65%,1881043.14,,1881043.14,365.00,184.00
2027-01-25T00:00:00.000Z,3,2027-01-25T00:00:00.000Z,John Deere,HJCJO,Argentina,Argentina,56168000.00,COR USD John Deere C18 (HJCJO),USD,USD,,100.00%,4.24,,4.24,,,,1.00,8.50%,4.24%,2380599.89,,2380599.89,365.00,182.00
2027-01-25T00:00:00.000Z,3,2027-01-24T00:00:00.000Z,Loma Negra,LOC5O,Argentina,Argentina,112878134.00,COR USD Loma Negra C5 (LOC5O),USD,USD,,100.00%,4.03,,4.03,,,,1.00,8.00%,4.03%,4552235.98,,4552235.98,365.00,184.00
2027-01-25T00:00:00.000Z,2,2027-01-23T00:00:00.000Z,Loma Negra,LOC6O,Argentina,Argentina,60000000.00,COR USD Loma Negra C6 (LOC6O),USD,USD,,100.00%,3.28,,3.28,,,,1.00,6.50%,3.28%,1966027.40,,1966027.40,365.00,184.00
2027-01-25T00:00:00.000Z,5,2027-01-23T00:00:00.000Z,MSU,MSSFO,Argentina,Argentina,33500000.00,COR USD MSU S14 (MSSFO),USD,USD,,100.00%,3.78,,3.78,,,,1.00,7.50%,3.78%,1266575.34,,1266575.34,365.00,184.00
2027-01-25T00:00:00.000Z,9,2027-01-24T00:00:00.000Z,Otamerica Ebytem,OTS2O,Argentina,Argentina,46839334.00,COR USD Oiltanking Ebytem S2 (OTS2O),USD,USD,,100.00%,1.76,,1.76,,,,1.00,7.00%,1.76%,826425.51,,826425.51,365.00,92.00
2027-01-25T00:00:00.000Z,5,2027-01-24T00:00:00.000Z,Transportadora de Gas del Sur,TSC3O,Nueva York,Estados Unidos,490000000.00,COR USD Transportadora de Gas del Sur C3 (TSC3O),USD,USD,,100.00%,4.25,,4.25,,,,1.00,8.50%,4.25%,20825000.00,,20825000.00,360.00,180.00
2027-01-27T00:00:00.000Z,5,2027-01-27T00:00:00.000Z,Vitalcan,VAC3P,Argentina,Argentina,3000000.00,COR USD Vitalcan C3 (VAC3P),USD,USD,,100.00%,2.39,,2.39,,,,1.00,9.50%,2.39%,71835.62,,71835.62,365.00,92.00
2027-01-28T00:00:00.000Z,2,2027-01-28T00:00:00.000Z,B. Macro,BACHO,Nueva York,Estados Unidos,400000000.00,COR USD B. Macro CH (BACHO),USD,USD,,100.00%,4.00,,4.00,,,,1.00,8.00%,4.00%,16000000.00,,16000000.00,360.00,180.00
2027-01-28T00:00:00.000Z,3,2027-01-28T00:00:00.000Z,Edemsa,OZC6O,Nueva York,Estados Unidos,150000000.00,COR USD Edemsa C6 (OZC6O),USD,USD,,100.00%,4.88,,4.88,,,,1.00,9.75%,4.88%,7312500.00,,7312500.00,360.00,180.00
2027-01-28T00:00:00.000Z,16,2027-01-28T00:00:00.000Z,Generación Litoral,GOC4O,Argentina,Argentina,14949364.00,COR USD Generación Litoral C4 (GOC4O),USD,USD,,100.00%,0.93,,0.93,,,,1.00,11.00%,0.93%,139663.92,,139663.92,365.00,31.00
2027-01-28T00:00:00.000Z,3,2027-01-28T00:00:00.000Z,Ricardo Venturino,VES2L,Argentina,Argentina,7000000.00,COR USD Ricardo Venturino S2 (VES2L),USD,USD,,100.00%,1.50,,1.50,,,,1.00,5.97%,1.50%,105333.70,,105333.70,365.00,92.00
2027-01-29T00:00:00.000Z,11,2027-01-29T00:00:00.000Z,Argentina,AO27,Argentina,Argentina,2000370497.00,GOB USD ARG Bonar (AO27),USD,USD,,100.00%,0.48,,0.48,,,,1.00,6.00%,0.48%,9668457.40,,9668457.40,360.00,29.00
2027-01-29T00:00:00.000Z,10,2027-01-29T00:00:00.000Z,Argentina,AO28,Argentina,Argentina,1534369685.00,GOB USD ARG Bonar (AO28),USD,USD,,100.00%,0.48,,0.48,,,,1.00,6.00%,0.48%,7416120.14,,7416120.14,360.00,29.00
2027-01-29T00:00:00.000Z,4,2027-01-29T00:00:00.000Z,Mirgor,MIC4O,Argentina,Argentina,26497257.00,COR USD Mirgor C4 (MIC4O),USD,USD,,100.00%,2.08,,2.08,,,,1.00,8.25%,2.08%,550997.76,,550997.76,365.00,92.00
2027-01-29T00:00:00.000Z,2,2027-01-29T00:00:00.000Z,Otamerica Ebytem,OTS6O,Argentina,Argentina,50000000.00,COR USD Otamerica Ebytem S6 (OTS6O),USD,USD,,100.00%,1.70,,1.70,,,,1.00,6.74%,1.70%,849424.66,,849424.66,365.00,92.00
2027-01-29T00:00:00.000Z,7,2027-01-29T00:00:00.000Z,Tarjeta Naranja,T641O,Argentina,Argentina,32684639.00,COR USD Tarjeta Naranja C64 S1 (T641O),USD,USD,,100.00%,1.99,,1.99,,,,1.00,7.90%,1.99%,650827.28,,650827.28,365.00,92.00
2027-02-01T00:00:00.000Z,8,2027-01-30T00:00:00.000Z,360 Energy Solar,GYC4O,Argentina,Argentina,22278429.00,COR USD 360 Energy Solar C4 (GYC4O),USD,USD,,100.00%,2.02,,2.02,,,,1.00,8.00%,2.02%,449230.79,,449230.79,365.00,92.00
2027-02-01T00:00:00.000Z,27,2027-02-01T00:00:00.000Z,AA 2000,AER1O,Nueva York,Estados Unidos,106029178.00,COR USD AA 2000 (AER1O),USD,USD,4.17%,,0.08,4.44,4.52,,,,1.07,6.88%,0.08%,80103.92,4712958.18,4793062.10,360.00,89.00
2027-02-01T00:00:00.000Z,21,2027-02-01T00:00:00.000Z,AA 2000,AER4O,Nueva York,Estados Unidos,62016667.00,COR USD AA 2000 (AER4O),USD,USD,4.44%,60.04%,1.51,4.44,5.95,,,,1.00,9.50%,1.51%,939170.76,2753540.01,3692710.77,360.00,89.00
2027-02-01T00:00:00.000Z,40,2027-02-01T00:00:00.000Z,AA 2000,AERAO,Nueva York,Estados Unidos,40006000.00,COR USD AA 2000 (AERAO),USD,USD,3.13%,,0.05,3.13,3.18,,,,1.00,6.88%,0.05%,21248.85,1250187.50,1271436.35,360.00,89.00
2027-02-01T00:00:00.000Z,21,2027-02-01T00:00:00.000Z,AA 2000,ARC1O,Nueva York,Estados Unidos,272949631.00,COR USD AA 2000 (ARC1O),USD,USD,4.78%,92.79%,2.05,4.78,6.83,,,,1.00,8.50%,2.05%,5596733.46,13053270.20,18650003.66,360.00,89.00
2027-02-01T00:00:00.000Z,3,2027-01-31T00:00:00.000Z,Arcor,RC1CO,Nueva York,Estados Unidos,350000000.00,COR USD Arcor C1 (RC1CO),USD,USD,,100.00%,3.80,,3.80,,,,1.00,7.60%,3.80%,13300000.00,,13300000.00,360.00,180.00
2027-02-01T00:00:00.000Z,1,2027-01-30T00:00:00.000Z,Cresud,CS52O,Argentina,Argentina,41201813.00,COR USD Cresud C52 (CS52O),USD,USD,,100.00%,3.58,,3.58,,,,1.00,4.75%,3.58%,1474516.94,,1474516.94,365.00,275.00
2027-02-01T00:00:00.000Z,1,2027-01-30T00:00:00.000Z,Cresud,CS53O,Argentina,Argentina,22998047.00,COR USD Cresud C53 (CS53O),USD,USD,,100.00%,4.71,,4.71,,,,1.00,6.25%,4.71%,1082955.98,,1082955.98,365.00,275.00
2027-02-01T00:00:00.000Z,4,2027-01-30T00:00:00.000Z,MSU Energy,RUCEO,Argentina,Argentina,59743617.00,COR USD MSU Energy C13 (RUCEO),USD,USD,,100.00%,1.89,,1.89,,,,1.00,7.50%,1.89%,1129399.88,,1129399.88,365.00,92.00
2027-02-01T00:00:00.000Z,7,2027-02-01T00:00:00.000Z,Otamerica Ebytem,OTS3O,Argentina,Argentina,35529895.00,COR USD Oiltanking Ebytem S3 (OTS3O),USD,USD,,100.00%,1.76,,1.76,,,,1.00,7.00%,1.76%,626883.63,,626883.63,365.00,92.00
2027-02-01T00:00:00.000Z,3,2027-01-30T00:00:00.000Z,Pluspetrol,PLC3O,Argentina,Argentina,90722914.00,COR USD Pluspetrol C3 (PLC3O),USD,USD,,100.00%,3.65,,3.65,,,,1.00,7.25%,3.65%,3315736.09,,3315736.09,365.00,184.00
2027-02-04T00:00:00.000Z,8,2027-02-04T00:00:00.000Z,Ledesma,LDCGO,Argentina,Argentina,31092846.00,COR USD Ledesma C15 (LDCGO),USD,USD,,100.00%,1.76,,1.76,,,,1.00,7.00%,1.76%,548597.06,,548597.06,365.00,92.00
2027-02-05T00:00:00.000Z,5,2027-02-05T00:00:00.000Z,Edenor,DNC5O,Argentina,Argentina,81920187.00,COR USD Edenor C5 (DNC5O),USD,USD,,100.00%,4.79,,4.79,,,,1.00,9.50%,4.79%,3923191.42,,3923191.42,365.00,184.00
2027-02-08T00:00:00.000Z,2,2027-02-06T00:00:00.000Z,B. Comafi,AFCJO,Argentina,Argentina,39996813.00,COR USD B. Comafi C18 (AFCJO),USD,USD,100.00%,,2.42,100.00,102.42,,,,1.00,4.75%,2.42%,968142.04,39996813.00,40964955.04,365.00,186.00
2027-02-08T00:00:00.000Z,2,2027-02-06T00:00:00.000Z,B. Comafi,AFCKO,Argentina,Argentina,7035509.00,COR USD B. Comafi C19 (AFCKO),USD,USD,,100.00%,3.53,,3.53,,,,1.00,7.00%,3.53%,248266.73,,248266.73,365.00,184.00
2027-02-08T00:00:00.000Z,2,2027-02-06T00:00:00.000Z,B. Comafi,AFCLO,Argentina,Estados Unidos,30544114.00,COR USD B. Comafi C20 (AFCLO),USD,USD,,100.00%,2.65,,2.65,,,,1.00,5.25%,2.65%,808372.99,,808372.99,365.00,184.00
2027-02-08T00:00:00.000Z,3,2027-02-06T00:00:00.000Z,BST,BVCUO,Argentina,Argentina,8204906.00,COR USD BST C28 (BVCUO),USD,USD,,100.00%,1.12,,1.12,,,,1.00,4.50%,1.12%,92052.30,,92052.30,365.00,91.00
2027-02-08T00:00:00.000Z,3,2027-02-06T00:00:00.000Z,Pampa Energia,MGCQO,Argentina,Estados Unidos,104633623.00,COR USD Pampa Energía C25 (MGCQO),USD,USD,,100.00%,3.65,,3.65,,,,1.00,7.25%,3.65%,3824143.92,,3824143.92,365.00,184.00
2027-02-08T00:00:00.000Z,7,2027-02-07T00:00:00.000Z,YPF,YM37O,Argentina,Argentina,139501701.00,COR USD YPF C37 (YM37O),USD,USD,,100.00%,1.76,,1.76,,,,1.00,7.00%,1.76%,2461345.08,,2461345.08,365.00,92.00
2027-02-09T00:00:00.000Z,2,2027-02-09T00:00:00.000Z,CNH,CICBO,Argentina,Argentina,46506336.00,COR USD CNH C11 (CICBO),USD,USD,,100.00%,3.78,,3.78,,,,1.00,7.50%,3.78%,1758321.74,,1758321.74,365.00,184.00
2027-02-10T00:00:00.000Z,8,2027-02-10T00:00:00.000Z,Fiplasto,FPC1O,Argentina,Argentina,1366225.00,COR USD Fiplasto C1 (FPC1O),USD,USD,,100.00%,1.51,,1.51,,,,1.00,6.00%,1.51%,20661.81,,20661.81,365.00,92.00
2027-02-11T00:00:00.000Z,4,2027-02-11T00:00:00.000Z,Pan American Energy,PN38O,Argentina,Estados Unidos,120000000.00,COR USD Pan American Energy C38 (PN38O),USD,USD,,100.00%,3.28,,3.28,,,,1.00,6.50%,3.28%,3932054.79,,3932054.79,365.00,184.00
2027-02-15T00:00:00.000Z,3,2027-02-13T00:00:00.000Z,Agronorte,ORS1L,Argentina,Argentina,7500000.00,COR USD Agronorte S1 (ORS1L),USD,USD,,100.00%,1.53,,1.53,,,,1.00,5.95%,1.53%,114924.66,,114924.66,365.00,94.00
2027-02-17T00:00:00.000Z,4,2027-02-17T00:00:00.000Z,PCR,PQCSO,Argentina,Argentina,65000000.00,COR USD PCR CS (PQCSO),USD,USD,,100.00%,4.01,,4.01,,,,1.00,8.00%,4.01%,2607123.29,,2607123.29,365.00,183.00
2027-02-18T00:00:00.000Z,4,2027-02-18T00:00:00.000Z,Grupo ST,STCFO,Argentina,Argentina,11783694.00,COR USD Grupo ST C14 (STCFO),USD,USD,100.00%,,2.08,100.00,102.08,,,,1.00,8.25%,2.08%,245036.27,11783694.00,12028730.27,365.00,92.00
2027-02-19T00:00:00.000Z,7,2027-02-19T00:00:00.000Z,Chaye,CY2BP,Argentina,Argentina,1300000.00,COR USD Chaye S2 CB (CY2BP),USD,USD,,25.00%,0.52,,0.52,,,,1.00,8.25%,0.52%,6758.22,,6758.22,365.00,92.00
2027-02-19T00:00:00.000Z,2,2027-02-19T00:00:00.000Z,Minas Argentinas,MJC1O,Argentina,Argentina,3605071.00,COR USD Minas Argentinas C1 (MJC1O),USD,USD,100.00%,,4.03,100.00,104.03,,,,1.00,8.00%,4.03%,145388.07,3605071.00,3750459.07,365.00,184.00
2027-02-22T00:00:00.000Z,3,2027-02-22T00:00:00.000Z,B. ICBC,ICC6O,Argentina,Argentina,45080301.00,COR USD B. ICBC C6 (ICC6O),USD,USD,,100.00%,0.91,,0.91,,,,1.00,3.70%,0.91%,411280.55,,411280.55,365.00,90.00
2027-02-22T00:00:00.000Z,4,2027-02-21T00:00:00.000Z,Camuzzi Gas Pampeana,ZZC1O,Argentina,Argentina,70000000.00,COR USD Camuzzi Gas Pampeana C1 (ZZC1O),USD,USD,100.00%,,4.03,100.00,104.03,,,,1.00,7.95%,4.03%,2820616.44,70000000.00,72820616.44,365.00,185.00
2027-02-22T00:00:00.000Z,3,2027-02-22T00:00:00.000Z,Tarjeta Naranja,T672O,Argentina,Argentina,115084281.00,COR USD Tarjeta Naranja C67 S2 (T672O),USD,USD,100.00%,,1.26,100.00,101.26,,,,1.00,5.00%,1.26%,1450377.24,115084281.00,116534658.24,365.00,92.00
2027-02-22T00:00:00.000Z,7,2027-02-22T00:00:00.000Z,YPF Luz,YFCLO,Argentina,Argentina,50981768.00,COR USD YPF Luz C20 (YFCLO),USD,USD,,100.00%,1.69,,1.69,,,,1.00,6.75%,1.69%,860317.34,,860317.34,360.00,90.00
2027-02-22T00:00:00.000Z,5,2027-02-20T00:00:00.000Z,YPF Luz,YFCMO,Argentina,Argentina,53827026.00,COR USD YPF Luz C21 (YFCMO),USD,USD,,100.00%,1.63,,1.63,,,,1.00,6.50%,1.63%,874689.17,,874689.17,360.00,90.00
2027-02-23T00:00:00.000Z,2,2027-02-23T00:00:00.000Z,B. Hipotecario,HBCFO,Argentina,Argentina,28717734.00,COR USD B. Hipotecario C14 (HBCFO),USD,USD,100.00%,,2.52,100.00,102.52,,,,1.00,5.00%,2.52%,723844.25,28717734.00,29441578.25,365.00,184.00
2027-02-23T00:00:00.000Z,2,2027-02-23T00:00:00.000Z,Oleoductos del Valle,OLC7O,Argentina,Argentina,110000000.00,COR USD Oleoductos del Valle C7 (OLC7O),USD,USD,,100.00%,3.48,,3.48,,,,1.00,6.90%,3.48%,3826191.78,,3826191.78,365.00,184.00
2027-02-24T00:00:00.000Z,4,2027-02-24T00:00:00.000Z,Edesa,DEC2O,Argentina,Argentina,22492616.00,COR USD Edesa C2 (DEC2O),USD,USD,100.00%,,4.28,100.00,104.28,,,,1.00,8.50%,4.28%,963793.19,22492616.00,23456409.19,365.00,184.00
2027-02-25T00:00:00.000Z,7,2027-02-25T00:00:00.000Z,Capex,CAC5O,Nueva York,Estados Unidos,188801600.00,COR USD Capex C5 (CAC5O),USD,USD,12.50%,37.50%,2.31,12.50,14.81,,,,1.00,9.25%,2.31%,4366037.00,23600200.00,27966237.00,360.00,180.00
2027-02-25T00:00:00.000Z,3,2027-02-25T00:00:00.000Z,Central Puerto,NPCCO,Argentina,Estados Unidos,89067309.00,COR USD Central Puerto CC (NPCCO),USD,USD,,100.00%,4.03,,4.03,,,,1.00,8.00%,4.03%,3591974.76,,3591974.76,365.00,184.00
2027-02-26T00:00:00.000Z,1,2027-02-26T00:00:00.000Z,Argentina,TMF27,Argentina,Argentina,4391522030997.00,GOB ARS ARG Tamar (TMF27),ARS,ARS,100.00%,,35.89,100.00,135.89,Tamar,,,1.00,29.99%,35.89%,1576161172145.13,4391522030997.00,5967683203142.13,360.00,373.00
2027-02-26T00:00:00.000Z,12,2027-02-26T00:00:00.000Z,Argentina,AO27,Argentina,Argentina,2000370497.00,GOB USD ARG Bonar (AO27),USD,USD,,100.00%,0.45,,0.45,,,,1.00,6.00%,0.45%,9001667.24,,9001667.24,360.00,27.00
2027-02-26T00:00:00.000Z,11,2027-02-26T00:00:00.000Z,Argentina,AO28,Argentina,Argentina,1534369685.00,GOB USD ARG Bonar (AO28),USD,USD,,100.00%,0.45,,0.45,,,,1.00,6.00%,0.45%,6904663.58,,6904663.58,360.00,27.00
2027-02-26T00:00:00.000Z,3,2027-02-26T00:00:00.000Z,B. Supervielle,BPCTO,Argentina,Argentina,5013156.00,COR USD B. Supervielle CT (BPCTO),USD,USD,,100.00%,4.03,,4.03,,,,1.00,8.00%,4.03%,202174.40,,202174.40,365.00,184.00
2027-02-26T00:00:00.000Z,2,2027-02-26T00:00:00.000Z,Luz de Tres Picos,LUC5O,Argentina,Argentina,49624241.00,COR USD Luz de Tres Picos C5 (LUC5O),USD,USD,,100.00%,4.03,,4.03,,,,1.00,8.00%,4.03%,2001284.46,,2001284.46,365.00,184.00
2027-02-26T00:00:00.000Z,5,2027-02-26T00:00:00.000Z,Madero Harbour,HA11M,Argentina,Argentina,4030000.00,COR USD Madero Harbour S1 C1 (HA11M),USD,USD,25.00%,75.00%,2.52,25.00,27.52,,,,1.00,10.00%,2.52%,101578.08,1007500.00,1109078.08,365.00,92.00
2027-02-26T00:00:00.000Z,2,2027-02-26T00:00:00.000Z,Scania Credit Argentina,SBC3O,Argentina,Argentina,26971883.00,COR USD Scania Credit Argentina C3 (SBC3O),USD,USD,9.00%,82.00%,1.49,9.00,10.49,,,,1.00,6.50%,1.49%,402124.91,2427469.47,2829594.38,365.00,92.00
2027-02-26T00:00:00.000Z,8,2027-02-27T00:00:00.000Z,YPF,YM35O,Argentina,Argentina,139894182.00,COR USD YPF C35 (YM35O),USD,USD,100.00%,,1.58,100.00,101.58,,,,1.00,6.25%,1.58%,2203812.46,139894182.00,142097994.46,365.00,92.00
2027-02-26T00:00:00.000Z,6,2027-02-28T00:00:00.000Z,YPF,YM40O,Argentina,Argentina,51383412.00,COR USD YPF C40 (YM40O),USD,USD,,100.00%,1.89,,1.89,,,,1.00,7.50%,1.89%,971357.65,,971357.65,365.00,92.00
2027-02-26T00:00:00.000Z,10,2027-02-27T00:00:00.000Z,YPF Luz,YFCGO,Argentina,Argentina,11287656.00,COR USD YPF Luz C15 (YFCGO),USD,USD,100.00%,,1.50,100.00,101.50,,,,1.00,6.00%,1.50%,169314.84,11287656.00,11456970.84,360.00,90.00
2027-03-01T00:00:00.000Z,7,2027-02-28T00:00:00.000Z,AES Argentina,AEC2O,Nueva York,Estados Unidos,121990601.00,COR USD AES C2 (AEC2O),USD,USD,25.00%,25.00%,2.38,25.00,27.38,,,,1.00,9.50%,2.38%,2897276.77,30497650.25,33394927.02,360.00,180.00
2027-03-01T00:00:00.000Z,2,2027-02-27T00:00:00.000Z,BBVA Argentina,BF40O,Argentina,Argentina,36503161.00,COR USD BBVA Argentina C40 (BF40O),USD,USD,,100.00%,2.52,,2.52,,,,1.00,5.00%,2.52%,920079.67,,920079.67,365.00,184.00
2027-03-01T00:00:00.000Z,3,2027-02-28T00:00:00.000Z,Credicuotas Consumo,DHSMO,Argentina,Argentina,35924945.00,COR USD Credicuotas Consumo S21 (DHSMO),USD,USD,,100.00%,1.76,,1.76,,,,1.00,7.00%,1.76%,633853.82,,633853.82,365.00,92.00
2027-03-01T00:00:00.000Z,3,2027-02-28T00:00:00.000Z,Del Fabro,DFS1L,Argentina,Argentina,5000000.00,COR USD Del Fabro S1 (DFS1L),USD,USD,,100.00%,1.68,,1.68,,,,1.00,6.74%,1.68%,84019.18,,84019.18,365.00,91.00
2027-03-01T00:00:00.000Z,3,2027-03-01T00:00:00.000Z,Diransa,DIC2L,Argentina,Argentina,3000000.00,COR USD Diransa C2 (DIC2L),USD,USD,,100.00%,1.51,,1.51,,,,1.00,5.99%,1.51%,45294.25,,45294.25,365.00,92.00
2027-03-01T00:00:00.000Z,17,2027-02-28T00:00:00.000Z,Generación Litoral,GOC4O,Argentina,Argentina,14949364.00,COR USD Generación Litoral C4 (GOC4O),USD,USD,,100.00%,0.96,,0.96,,,,1.00,11.00%,0.96%,144169.21,,144169.21,365.00,32.00
2027-03-01T00:00:00.000Z,6,2027-02-28T00:00:00.000Z,IRSA,IRCJO,Argentina,Argentina,21408926.00,COR USD IRSA C18 (IRCJO),USD,USD,100.00%,,3.53,100.00,103.53,,,,1.00,7.00%,3.53%,755471.14,21408926.00,22164397.14,365.00,184.00
2027-03-01T00:00:00.000Z,3,2027-02-28T00:00:00.000Z,Mirgor,MIC6O,Argentina,Argentina,22382970.00,COR USD Mirgor C6 (MIC6O),USD,USD,,100.00%,2.02,,2.02,,,,1.00,8.00%,2.02%,451338.79,,451338.79,365.00,92.00
2027-03-01T00:00:00.000Z,3,2027-02-27T00:00:00.000Z,Pan American Energy,PN41O,Argentina,Argentina,85939129.00,COR USD Pan American Energy C41 (PN41O),USD,USD,,100.00%,3.78,,3.78,,,,1.00,7.50%,3.78%,3249205.43,,3249205.43,365.00,184.00
2027-03-01T00:00:00.000Z,4,2027-02-28T00:00:00.000Z,Petroleos Sudamericanos,PUC2O,Argentina,Argentina,9158045.00,COR USD Petroleos Sudamericanos C2 (PUC2O),USD,USD,,100.00%,4.41,,4.41,,,,1.00,8.75%,4.41%,403957.60,,403957.60,365.00,184.00
2027-03-01T00:00:00.000Z,9,2027-02-28T00:00:00.000Z,Rizobacter,RZABO,Argentina,Argentina,3315602.00,COR USD Rizobacter S10 CB (RZABO),USD,USD,,100.00%,1.99,,1.99,,,,1.00,8.00%,1.99%,66130.36,,66130.36,365.00,91.00
2027-03-01T00:00:00.000Z,3,2027-02-28T00:00:00.000Z,Telecom Argentina,TLCVO,Argentina,Argentina,26410490.00,COR USD Telecom Argentina C29 (TLCVO),USD,USD,,100.00%,0.87,,0.87,,,,1.00,3.50%,0.87%,230458.66,,230458.66,365.00,91.00
2027-03-02T00:00:00.000Z,3,2027-03-02T00:00:00.000Z,Cresud,CS49O,Argentina,Argentina,31306845.00,COR USD Cresud C49 (CS49O),USD,USD,,100.00%,3.60,,3.60,,,,1.00,7.25%,3.60%,1125545.41,,1125545.41,365.00,181.00
2027-03-02T00:00:00.000Z,5,2027-03-02T00:00:00.000Z,Plaza Logistica,ZPC2O,Argentina,Argentina,7000000.00,COR USD Plaza Logistica C2 (ZPC2O),USD,USD,,100.00%,1.85,,1.85,,,,1.00,7.50%,1.85%,129452.05,,129452.05,365.00,90.00
2027-03-03T00:00:00.000Z,3,2027-03-03T00:00:00.000Z,Fortecar,FCS1M,Argentina,Argentina,4200000.00,COR USD Fortecar S1 (FCS1M),USD,USD,,100.00%,1.97,,1.97,,,,1.00,8.00%,1.97%,82849.32,,82849.32,365.00,90.00
2027-03-03T00:00:00.000Z,4,2027-03-03T00:00:00.000Z,Plaza Logistica,ZPC3O,Argentina,Argentina,21786372.00,COR USD Plaza Logística C3 (ZPC3O),USD,USD,,100.00%,2.10,,2.10,,,,1.00,8.50%,2.10%,456618.48,,456618.48,365.00,90.00
2027-03-03T00:00:00.000Z,2,2027-03-03T00:00:00.000Z,Rizobacter,RZBBO,Argentina,Argentina,5390966.00,COR USD Rizobacter S11 CB (RZBBO),USD,USD,,80.00%,4.89,,4.89,,,,1.00,9.00%,4.89%,263729.01,,263729.01,365.00,248.00
2027-03-03T00:00:00.000Z,2,2027-03-03T00:00:00.000Z,Rizobacter,RZBCO,Argentina,Argentina,20214109.00,COR USD Rizobacter S11 CC (RZBCO),USD,USD,,80.00%,4.89,,4.89,,,,1.00,9.00%,4.89%,988885.29,,988885.29,365.00,248.00
2027-03-04T00:00:00.000Z,8,2027-03-04T00:00:00.000Z,Plaza Logistica,PZCGO,Argentina,Argentina,9587538.00,COR USD Plaza Logistica C15 (PZCGO),USD,USD,,100.00%,1.75,,1.75,,,,1.00,7.00%,1.75%,167781.92,,167781.92,360.00,90.00
2027-03-05T00:00:00.000Z,5,2027-03-05T00:00:00.000Z,360 Energy Solar,GYC5O,Argentina,Argentina,15000000.00,COR USD 360 Energy Solar C5 (GYC5O),USD,USD,,100.00%,2.16,,2.16,,,,1.00,8.75%,2.16%,323630.14,,323630.14,365.00,90.00
2027-03-05T00:00:00.000Z,4,2027-03-05T00:00:00.000Z,Genneia,GN48O,Argentina,Argentina,27760264.00,COR USD Genneia C48 (GN48O),USD,USD,,100.00%,3.22,,3.22,,,,1.00,6.50%,3.22%,894793.17,,894793.17,365.00,181.00
2027-03-05T00:00:00.000Z,5,2027-03-05T00:00:00.000Z,Scania Credit Argentina,SBC1O,Argentina,Argentina,40000000.00,COR USD Scania Credit Argentina C1 (SBC1O),USD,USD,14.00%,30.00%,0.95,14.00,14.95,,,,1.00,8.75%,0.95%,379726.03,5600000.00,5979726.03,365.00,90.00
2027-03-05T00:00:00.000Z,2,2027-03-05T00:00:00.000Z,Telecom Argentina,TLCUO,Argentina,Argentina,81329886.00,COR USD Telecom Argentina C28 (TLCUO),USD,USD,,100.00%,3.22,,3.22,,,,1.00,6.50%,3.22%,2621496.19,,2621496.19,365.00,181.00
2027-03-08T00:00:00.000Z,11,2027-03-08T00:00:00.000Z,Genneia,GN43O,Argentina,Argentina,20697951.00,COR USD Genneia C43 (GN43O),USD,USD,100.00%,,1.52,100.00,101.52,,,,1.00,6.25%,1.52%,315431.10,20697951.00,21013382.10,365.00,89.00
2027-03-08T00:00:00.000Z,6,2027-03-08T00:00:00.000Z,Laboratorios Richmond,LRS5O,Argentina,Argentina,1491900.00,COR USD Laboratorios Richmond S5 (LRS5O),USD,USD,100.00%,,4.96,100.00,104.96,,,,1.00,10.00%,4.96%,73981.89,1491900.00,1565881.89,365.00,181.00
2027-03-08T00:00:00.000Z,6,2027-03-06T00:00:00.000Z,Vista Energy Argentina,VSCOO,Argentina,Estados Unidos,92202616.00,COR USD Vista Energy Argentina C23 (VSCOO),USD,USD,100.00%,,3.26,100.00,103.26,,,,1.00,6.50%,3.26%,3004794.84,92202616.00,95207410.84,365.00,183.00
2027-03-08T00:00:00.000Z,4,2027-03-07T00:00:00.000Z,Vista Energy Argentina,VSCUO,Argentina,Estados Unidos,92413570.00,COR USD Vista Energy Argentina C28 (VSCUO),USD,USD,,100.00%,3.72,,3.72,,,,1.00,7.50%,3.72%,3437025.24,,3437025.24,365.00,181.00
2027-03-09T00:00:00.000Z,4,2027-03-09T00:00:00.000Z,CGC,CP40O,Argentina,Argentina,55197497.00,COR USD CGC C40 (CP40O),USD,USD,,100.00%,2.34,,2.34,,,,1.00,9.50%,2.34%,1292982.46,,1292982.46,365.00,90.00
2027-03-09T00:00:00.000Z,6,2027-03-09T00:00:00.000Z,Finanlease,FAS1M,Argentina,Argentina,3000000.00,COR USD Finanlease S1 (FAS1M),USD,USD,10.00%,60.00%,0.98,10.00,10.98,,,,1.00,9.00%,0.98%,29515.07,300000.00,329515.07,365.00,57.00
2027-03-10T00:00:00.000Z,8,2027-03-10T00:00:00.000Z,CGC,CP37O,Argentina,Argentina,16480165.00,COR USD CGC C37 (CP37O),USD,USD,100.00%,,1.73,100.00,101.73,,,,1.00,7.00%,1.73%,284452.16,16480165.00,16764617.16,365.00,90.00
2027-03-10T00:00:00.000Z,2,2027-03-10T00:00:00.000Z,Cresud,CS50O,Argentina,Argentina,70381079.00,COR USD Cresud S34 C50 (CS50O),USD,USD,,100.00%,3.60,,3.60,,,,1.00,7.25%,3.60%,2530344.41,,2530344.41,365.00,181.00
2027-03-10T00:00:00.000Z,5,2027-03-10T00:00:00.000Z,Pampa Energia,MGCMO,Nueva York,Estados Unidos,410000000.00,COR USD Pampa Energia C21 (MGCMO),USD,USD,,100.00%,3.98,,3.98,,,,1.00,7.95%,3.98%,16297500.00,,16297500.00,360.00,180.00
2027-03-10T00:00:00.000Z,4,2027-03-10T00:00:00.000Z,Pecom Servicios Energia,MCC1O,Argentina,Argentina,29887257.00,COR USD Pecom Servicios Energia C1 (MCC1O),USD,USD,,100.00%,3.92,,3.92,,,,1.00,7.90%,3.92%,1170843.53,,1170843.53,365.00,181.00
2027-03-11T00:00:00.000Z,4,2027-03-11T00:00:00.000Z,B. de Valores,VBC1O,Argentina,Argentina,30000000.00,COR USD B. de Valores C1 (VBC1O),USD,USD,100.00%,,3.72,100.00,103.72,,,,1.00,7.50%,3.72%,1115753.42,30000000.00,31115753.42,365.00,181.00
2027-03-11T00:00:00.000Z,3,2027-03-11T00:00:00.000Z,YPF,YM1XO,Nueva York,Estados Unidos,,COR USD YPF C31 (YM1XO),USD,USD,,100.00%,4.38,,4.38,,,,1.00,8.75%,4.38%,,,,360.00,180.00
2027-03-11T00:00:00.000Z,5,2027-03-11T00:00:00.000Z,YPF,YMCXO,Nueva York,Estados Unidos,1040649400.00,COR USD YPF C31 (YMCXO),USD,USD,,100.00%,4.38,,4.38,,,,1.00,8.75%,4.38%,45528411.25,,45528411.25,360.00,180.00
2027-03-15T00:00:00.000Z,9,2027-03-13T00:00:00.000Z,YPF Luz,YFCIO,Argentina,Argentina,10199945.00,COR USD YPF Luz C17 (YFCIO),USD,USD,50.00%,50.00%,1.48,50.00,51.48,,,,1.00,5.90%,1.48%,150449.19,5099972.50,5250421.69,360.00,90.00
2027-03-15T00:00:00.000Z,3,2027-03-15T00:00:00.000Z,YPF Luz,YFCOO,Argentina,Argentina,45021217.00,COR USD YPF Luz C23 (YFCOO),USD,USD,,100.00%,1.69,,1.69,,,,1.00,6.75%,1.69%,759733.04,,759733.04,360.00,90.00
2027-03-17T00:00:00.000Z,7,2027-03-17T00:00:00.000Z,Capex,CACBO,Argentina,Argentina,45097020.00,COR USD Capex C11 (CACBO),USD,USD,,100.00%,1.91,,1.91,,,,1.00,7.75%,1.91%,861785.52,,861785.52,365.00,90.00
2027-03-17T00:00:00.000Z,2,2027-03-17T00:00:00.000Z,Meranol,MR38P,Argentina,Argentina,350000.00,COR USD Meranol C38 (MR38P),USD,USD,,100.00%,4.71,,4.71,,,,1.00,9.50%,4.71%,16488.36,,16488.36,365.00,181.00
2027-03-22T00:00:00.000Z,11,2027-03-21T00:00:00.000Z,Aluar,LMS8O,Argentina,Estados Unidos,100000000.00,COR USD Aluar S8 (LMS8O),USD,USD,25.00%,,0.39,25.00,25.39,,,,1.00,6.25%,0.39%,394965.28,25000000.00,25394965.28,360.00,91.00
2027-03-22T00:00:00.000Z,6,2027-03-21T00:00:00.000Z,Hattrick Energy,HT11M,Argentina,Argentina,7000000.00,COR USD Hattrick Energy S1 C1 (HT11M),USD,USD,9.09%,54.55%,1.49,9.09,10.58,,,,1.00,9.50%,1.49%,104352.16,636300.00,740652.16,365.00,90.00
2027-03-22T00:00:00.000Z,4,2027-03-20T00:00:00.000Z,Hector A. Bertone,EH13M,Argentina,Argentina,903544.00,COR USD Hector A. Bertone S1 C3 (EH13M),USD,USD,33.00%,67.00%,2.52,33.00,35.52,,,,1.00,10.00%,2.52%,22774.26,298169.52,320943.78,365.00,92.00
2027-03-25T00:00:00.000Z,4,2027-03-25T00:00:00.000Z,Diesel Lange,DGS1L,Argentina,Argentina,1200000.00,COR USD Diesel Lange S1 (DGS1L),USD,USD,100.00%,,1.41,100.00,101.41,,,,1.00,5.90%,1.41%,16875.62,1200000.00,1216875.62,365.00,87.00
2027-03-29T00:00:00.000Z,18,2027-03-28T00:00:00.000Z,Generación Litoral,GOC4O,Argentina,Argentina,14949364.00,COR USD Generación Litoral C4 (GOC4O),USD,USD,,100.00%,0.84,,0.84,,,,1.00,11.00%,0.84%,126148.06,,126148.06,365.00,28.00
2027-03-29T00:00:00.000Z,5,2027-03-27T00:00:00.000Z,Pan American Energy,PN34O,Argentina,Argentina,23055471.00,COR USD Pan American Energy C34 (PN34O),USD,USD,,100.00%,2.46,,2.46,,,,1.00,4.97%,2.46%,568219.45,,568219.45,365.00,181.00
2027-03-29T00:00:00.000Z,5,2027-03-27T00:00:00.000Z,Pan American Energy,PN35O,Argentina,Argentina,176944529.00,COR USD Pan American Energy C35 (PN35O),USD,USD,,100.00%,3.47,,3.47,,,,1.00,7.00%,3.47%,6142156.66,,6142156.66,365.00,181.00
2027-03-30T00:00:00.000Z,13,2027-03-30T00:00:00.000Z,YPF,YMCJO,Nueva York,Estados Unidos,575649021.00,COR USD YPF C18 (YMCJO),USD,USD,,100.00%,3.50,,3.50,,,,1.00,7.00%,3.50%,20147715.74,,20147715.74,360.00,180.00
2027-03-31T00:00:00.000Z,46,2027-03-31T00:00:00.000Z,Argentina,PAP0,Argentina,Argentina,11245518.00,GOB ARS ARG Boncer (PAP0),ARS,ARS,,100.00%,473.94,,473.94,CER,,535.52,1.00,1.77%,0.89%,53296866.32,,53296866.32,360.00,180.00
2027-03-31T00:00:00.000Z,46,2027-03-31T00:00:00.000Z,Argentina,PARP,Argentina,Argentina,2858331172.00,GOB ARS ARG Boncer (PARP),ARS,ARS,,100.00%,473.94,,473.94,CER,,535.52,1.00,1.77%,0.89%,13546738741.60,,13546738741.60,360.00,180.00
2027-03-31T00:00:00.000Z,1,2027-03-31T00:00:00.000Z,Argentina,TZXM7,Argentina,Argentina,1998423757107.00,GOB ARS ARG Boncer (TZXM7),ARS,ARS,100.00%,,,215.67,215.67,CER,,2.16,1.00,,,,4310000516952.67,4310000516952.67,360.00,1030.00
2027-03-31T00:00:00.000Z,1,2027-03-31T00:00:00.000Z,Argentina,D31M7,Argentina,Argentina,787310649.00,GOB USD-L ARG Lelink (D31M7),ARS,USD,100.00%,,,142900.00,142900.00,A3500,1429.00,,1.00,,,,1125066917421.00,1125066917421.00,360.00,301.00
2027-03-31T00:00:00.000Z,4,2027-03-31T00:00:00.000Z,Apache,AQ11L,Argentina,Argentina,3900000.00,COR USD Apache S1 C1 (AQ11L),USD,USD,33.00%,67.00%,1.66,33.00,34.66,,,,1.00,6.75%,1.66%,64910.96,1287000.00,1351910.96,365.00,90.00
2027-03-31T00:00:00.000Z,13,2027-03-31T00:00:00.000Z,Argentina,AO27,Argentina,Argentina,2000370497.00,GOB USD ARG Bonar (AO27),USD,USD,,100.00%,0.58,,0.58,,,,1.00,6.00%,0.58%,11668827.90,,11668827.90,360.00,35.00
2027-03-31T00:00:00.000Z,12,2027-03-31T00:00:00.000Z,Argentina,AO28,Argentina,Argentina,1534369685.00,GOB USD ARG Bonar (AO28),USD,USD,,100.00%,0.58,,0.58,,,,1.00,6.00%,0.58%,8950489.83,,8950489.83,360.00,35.00
2027-03-31T00:00:00.000Z,36,2027-03-31T00:00:00.000Z,Argentina,PAY0,Nueva York,Estados Unidos,35014186.00,GOB USD ARG (PAY0),USD,USD,,100.00%,1.88,,1.88,,,,1.00,3.75%,1.88%,656515.99,,656515.99,360.00,180.00
2027-03-31T00:00:00.000Z,4,2027-03-31T00:00:00.000Z,IRSA,IRCPO,Nueva York,Estados Unidos,480454198.00,COR USD IRSA C24 (IRCPO),USD,USD,,100.00%,4.00,,4.00,,,,1.00,8.00%,4.00%,19218167.92,,19218167.92,360.00,180.00
2027-04-01T00:00:00.000Z,2,2027-04-01T00:00:00.000Z,Pampa Energia,MGCTO,Argentina,Argentina,200000000.00,COR USD Pampa Energia C27 (MGCTO),USD,USD,,100.00%,2.74,,2.74,,,,1.00,5.49%,2.74%,5474958.90,,5474958.90,365.00,182.00
2027-04-05T00:00:00.000Z,3,2027-04-03T00:00:00.000Z,Inversora Juramento,JNC6O,Argentina,Argentina,30000000.00,COR USD Inversora Juramento C6 (JNC6O),USD,USD,,100.00%,4.49,,4.49,,,,1.00,9.00%,4.49%,1346301.37,,1346301.37,365.00,182.00
2027-04-05T00:00:00.000Z,5,2027-04-04T00:00:00.000Z,Pampa Energia,MGCNO,Argentina,Argentina,83977835.00,COR USD Pampa Energia C22 (MGCNO),USD,USD,,100.00%,2.87,,2.87,,,,1.00,5.75%,2.87%,2407748.06,,2407748.06,365.00,182.00
2027-04-05T00:00:00.000Z,7,2027-04-02T00:00:00.000Z,Telecom Argentina,TLCQO,Argentina,Argentina,50489739.00,COR USD Telecom C25 (TLCQO),USD,USD,,100.00%,1.85,,1.85,,,,1.00,7.50%,1.85%,933714.35,,933714.35,365.00,90.00
2027-04-06T00:00:00.000Z,2,2027-04-06T00:00:00.000Z,Tropfen,OFS1L,Argentina,Argentina,1000000.00,COR USD Tropfen S1 (OFS1L),USD,USD,20.00%,80.00%,3.47,20.00,23.47,,,,1.00,6.95%,3.47%,34654.79,200000.00,234654.79,365.00,182.00
2027-04-08T00:00:00.000Z,7,2027-04-08T00:00:00.000Z,Havanna Holding,HVS1O,Argentina,Argentina,18534790.00,COR USD Havanna S1 (HVS1O),USD,USD,,100.00%,2.16,,2.16,,,,1.00,8.75%,2.16%,399894.44,,399894.44,365.00,90.00
2027-04-08T00:00:00.000Z,2,2027-04-08T00:00:00.000Z,Vista Energy Argentina,VSCXO,Nueva York,Estados Unidos,500000000.00,COR USD Vista Energy Argentina C31 (VSCXO),USD,USD,,100.00%,3.94,,3.94,,,,1.00,7.88%,3.94%,19687500.00,,19687500.00,360.00,180.00
2027-04-09T00:00:00.000Z,2,2027-04-09T00:00:00.000Z,Akron,AXS1M,Argentina,Argentina,2000000.00,COR USD Akron S1 (AXS1M),USD,USD,,100.00%,4.24,,4.24,,,,1.00,8.50%,4.24%,84767.12,,84767.12,365.00,182.00
2027-04-12T00:00:00.000Z,13,2027-04-12T00:00:00.000Z,Aluar,LMS7O,Argentina,Estados Unidos,137898136.00,COR USD Aluar S7 (LMS7O),USD,USD,8.33%,50.02%,1.02,8.33,9.35,,,,1.00,7.00%,1.02%,1408112.34,11486914.73,12895027.07,360.00,90.00
2027-04-12T00:00:00.000Z,5,2027-04-10T00:00:00.000Z,B. Galicia,BYCHO,Nueva York,Estados Unidos,325000000.00,COR USD B. Galicia C16 (BYCHO),USD,USD,,100.00%,3.88,,3.88,,,,1.00,7.75%,3.88%,12593750.00,,12593750.00,360.00,180.00
2027-04-12T00:00:00.000Z,5,2027-04-10T00:00:00.000Z,CGC,CP36O,Argentina,Argentina,40060771.00,COR USD CGC C36 (CP36O),USD,USD,,100.00%,3.24,,3.24,,,,1.00,6.50%,3.24%,1298408.00,,1298408.00,365.00,182.00
2027-04-12T00:00:00.000Z,5,2027-04-10T00:00:00.000Z,Vista Energy Argentina,VSCRO,Argentina,Estados Unidos,150000000.00,COR USD Vista Energy Argentina C26 (VSCRO),USD,USD,,100.00%,3.81,,3.81,,,,1.00,7.65%,3.81%,5721780.82,,5721780.82,365.00,182.00
2027-04-12T00:00:00.000Z,8,2027-04-10T00:00:00.000Z,YPF,YMCYO,Argentina,Argentina,125000000.00,COR USD YPF C32 (YMCYO),USD,USD,,100.00%,1.60,,1.60,,,,1.00,6.50%,1.60%,2003424.66,,2003424.66,365.00,90.00
2027-04-12T00:00:00.000Z,5,2027-04-10T00:00:00.000Z,YPF,YMCZO,Argentina,Estados Unidos,25000000.00,COR USD YPF C33 (YMCZO),USD,USD,,100.00%,3.49,,3.49,,,,1.00,7.00%,3.49%,872602.74,,872602.74,365.00,182.00
2027-04-15T00:00:00.000Z,6,2027-04-15T00:00:00.000Z,Vista Energy Argentina,VSCWO,Argentina,Argentina,73256123.00,COR USD Vista Energy Argentina C30 (VSCWO),USD,USD,100.00%,,1.48,100.00,101.48,,,,1.00,6.00%,1.48%,1083789.22,73256123.00,74339912.22,365.00,90.00
2027-04-16T00:00:00.000Z,4,2027-04-16T00:00:00.000Z,MSU,MSSGO,Argentina,Argentina,34876339.00,COR USD MSU S15 (MSSGO),USD,USD,,100.00%,4.24,,4.24,,,,1.00,8.50%,4.24%,1478183.46,,1478183.46,365.00,182.00
2027-04-16T00:00:00.000Z,4,2027-04-16T00:00:00.000Z,Scania Credit Argentina,SBC2O,Argentina,Argentina,40979825.00,COR USD Scania Credit Argentina C2 (SBC2O),USD,USD,9.00%,64.00%,1.35,9.00,10.35,,,,1.00,7.49%,1.35%,552490.00,3688184.25,4240674.25,365.00,90.00
2027-04-16T00:00:00.000Z,3,2027-04-16T00:00:00.000Z,Tecpetrol,TTCBO,Argentina,Argentina,114452024.00,COR USD Tecpetrol C11 (TTCBO),USD,USD,,100.00%,3.24,,3.24,,,,1.00,6.50%,3.24%,3709499.85,,3709499.85,365.00,182.00
2027-04-16T00:00:00.000Z,5,2027-04-16T00:00:00.000Z,YPF Luz,YFCJO,Nueva York,Estados Unidos,420000000.00,COR USD YPF Luz C18 (YFCJO),USD,USD,,100.00%,3.94,,3.94,,,,1.00,7.88%,3.94%,16537500.00,,16537500.00,360.00,180.00
2027-04-19T00:00:00.000Z,2,2027-04-17T00:00:00.000Z,B. Comafi,AFCMO,Argentina,Argentina,20346573.00,COR USD B. Comafi C21 (AFCMO),USD,USD,100.00%,,1.64,100.00,101.64,,,,1.00,3.25%,1.64%,333349.33,20346573.00,20679922.33,365.00,184.00
2027-04-19T00:00:00.000Z,5,2027-04-17T00:00:00.000Z,Genneia,GN47O,Argentina,Argentina,48349695.00,COR USD Genneia C47 (GN47O),USD,USD,,100.00%,2.99,,2.99,,,,1.00,6.00%,2.99%,1446516.90,,1446516.90,365.00,182.00
2027-04-19T00:00:00.000Z,7,2027-04-17T00:00:00.000Z,Otamerica Ebytem,OT41O,Argentina,Argentina,28306584.00,COR USD Oiltanking Ebytem S4 C1 (OT41O),USD,USD,,100.00%,1.73,,1.73,,,,1.00,7.00%,1.73%,488579.40,,488579.40,365.00,90.00
2027-04-19T00:00:00.000Z,7,2027-04-17T00:00:00.000Z,Otamerica Ebytem,OT42O,Argentina,Argentina,35231293.00,COR USD Oiltanking Ebytem S4 C2 (OT42O),USD,USD,,100.00%,1.97,,1.97,,,,1.00,8.00%,1.97%,694973.45,,694973.45,365.00,90.00
2027-04-19T00:00:00.000Z,3,2027-04-17T00:00:00.000Z,Pan American Energy,PN42O,Argentina,Argentina,56135832.00,COR USD Pan American Energy C42 (PN42O),USD,USD,100.00%,,2.99,100.00,102.99,,,,1.00,6.00%,2.99%,1679461.06,56135832.00,57815293.06,365.00,182.00
2027-04-20T00:00:00.000Z,5,2027-04-20T00:00:00.000Z,Futuros y Opciones,FO4AO,Argentina,Argentina,20921198.00,COR USD Futuros y Opciones S4 CA (FO4AO),USD,USD,,100.00%,1.95,,1.95,,,,1.00,7.90%,1.95%,407533.47,,407533.47,365.00,90.00
2027-04-21T00:00:00.000Z,5,2027-04-21T00:00:00.000Z,John Deere,HJCGO,Argentina,Argentina,16405232.00,COR USD John Deere C15 (HJCGO),USD,USD,,100.00%,3.24,,3.24,,,,1.00,6.50%,3.24%,531709.30,,531709.30,365.00,182.00
2027-04-22T00:00:00.000Z,5,2027-04-22T00:00:00.000Z,PCR,PQCRO,Argentina,Argentina,46018072.00,COR USD PCR CR (PQCRO),USD,USD,,100.00%,3.37,,3.37,,,,1.00,6.75%,3.37%,1548854.83,,1548854.83,365.00,182.00
2027-04-22T00:00:00.000Z,7,2027-04-22T00:00:00.000Z,YPF,YM38O,Argentina,Argentina,250000000.00,COR USD YPF C38 (YM38O),USD,USD,,100.00%,1.85,,1.85,,,,1.00,7.50%,1.85%,4623287.67,,4623287.67,365.00,90.00
2027-04-23T00:00:00.000Z,10,2027-04-24T00:00:00.000Z,Otamerica Ebytem,OTS2O,Argentina,Argentina,46839334.00,COR USD Oiltanking Ebytem S2 (OTS2O),USD,USD,100.00%,,1.71,100.00,101.71,,,,1.00,7.00%,1.71%,799476.85,46839334.00,47638810.85,365.00,89.00
2027-04-26T00:00:00.000Z,2,2027-04-24T00:00:00.000Z,B. Comafi,AFCOO,Argentina,Estados Unidos,13016076.00,COR USD B. Comafi C23 (AFCOO),USD,USD,,100.00%,1.75,,1.75,,,,1.00,3.50%,1.75%,227157.27,,227157.27,365.00,182.00
2027-04-26T00:00:00.000Z,5,2027-04-24T00:00:00.000Z,Edenor,DNC7O,Nueva York,Estados Unidos,300000000.00,COR USD Edenor C7 (DNC7O),USD,USD,,100.00%,4.88,,4.88,,,,1.00,9.75%,4.88%,14625000.00,,14625000.00,360.00,180.00
2027-04-26T00:00:00.000Z,8,2027-04-24T00:00:00.000Z,Raghsa,RAC5O,Nueva York,Estados Unidos,56777276.00,COR USD Raghsa C5 (RAC5O),USD,USD,,100.00%,4.13,,4.13,,,,1.00,8.25%,4.13%,2342062.63,,2342062.63,360.00,180.00
2027-04-26T00:00:00.000Z,5,2027-04-24T00:00:00.000Z,Tecpetrol,TTC8O,Argentina,Argentina,67430342.00,COR USD Tecpetrol C8 (TTC8O),USD,USD,,100.00%,2.49,,2.49,,,,1.00,5.00%,2.49%,1681140.03,,1681140.03,365.00,182.00
2027-04-26T00:00:00.000Z,5,2027-04-24T00:00:00.000Z,Tecpetrol,TTC9O,Argentina,Argentina,80541942.00,COR USD Tecpetrol C9 (TTC9O),USD,USD,,100.00%,3.39,,3.39,,,,1.00,6.80%,3.39%,2730923.49,,2730923.49,365.00,182.00
2027-04-27T00:00:00.000Z,2,2027-04-27T00:00:00.000Z,Hijos de Salvador Muñoz,MUC4O,Argentina,Argentina,10000000.00,COR USD Hijos de Salvador Muñoz C4 (MUC4O),USD,USD,,100.00%,3.84,,3.84,,,,1.00,7.70%,3.84%,383945.21,,383945.21,365.00,182.00
2027-04-27T00:00:00.000Z,4,2027-04-27T00:00:00.000Z,Pluspetrol,PLC1O,Argentina,Argentina,74164370.00,COR USD Pluspetrol C1 (PLC1O),USD,USD,,100.00%,2.99,,2.99,,,,1.00,6.00%,2.99%,2218835.40,,2218835.40,365.00,182.00
2027-04-27T00:00:00.000Z,4,2027-04-27T00:00:00.000Z,Pluspetrol,PLC2O,Argentina,Argentina,123020337.00,COR USD Pluspetrol C2 (PLC2O),USD,USD,,100.00%,3.74,,3.74,,,,1.00,7.50%,3.74%,4600623.56,,4600623.56,365.00,182.00
2027-04-27T00:00:00.000Z,6,2027-04-27T00:00:00.000Z,Vitalcan,VAC3P,Argentina,Argentina,3000000.00,COR USD Vitalcan C3 (VAC3P),USD,USD,33.00%,67.00%,2.34,33.00,35.34,,,,1.00,9.50%,2.34%,70273.97,990000.00,1060273.97,365.00,90.00
2027-04-28T00:00:00.000Z,2,2027-04-28T00:00:00.000Z,Edenor,DNCAO,Nueva York,Estados Unidos,550000000.00,COR USD Edenor C10 S1 (DNCAO),USD,USD,,100.00%,4.75,,4.75,,,,1.00,9.50%,4.75%,26125000.00,,26125000.00,360.00,180.00
2027-04-28T00:00:00.000Z,19,2027-04-28T00:00:00.000Z,Generación Litoral,GOC4O,Argentina,Argentina,14949364.00,COR USD Generación Litoral C4 (GOC4O),USD,USD,,100.00%,0.90,,0.90,,,,1.00,11.00%,0.90%,135158.63,,135158.63,365.00,30.00
2027-04-28T00:00:00.000Z,4,2027-04-28T00:00:00.000Z,Ricardo Venturino,VES2L,Argentina,Argentina,7000000.00,COR USD Ricardo Venturino S2 (VES2L),USD,USD,25.00%,75.00%,1.47,25.00,26.47,,,,1.00,5.97%,1.47%,103043.84,1750000.00,1853043.84,365.00,90.00
2027-04-29T00:00:00.000Z,5,2027-04-29T00:00:00.000Z,Mirgor,MIC4O,Argentina,Argentina,26497257.00,COR USD Mirgor C4 (MIC4O),USD,USD,,100.00%,2.03,,2.03,,,,1.00,8.25%,2.03%,539019.54,,539019.54,365.00,90.00
2027-04-29T00:00:00.000Z,3,2027-04-29T00:00:00.000Z,Otamerica Ebytem,OTS6O,Argentina,Argentina,50000000.00,COR USD Otamerica Ebytem S6 (OTS6O),USD,USD,,100.00%,1.66,,1.66,,,,1.00,6.74%,1.66%,830958.90,,830958.90,365.00,90.00
2027-04-30T00:00:00.000Z,1,2027-04-30T00:00:00.000Z,Argentina,T30A7,Argentina,Argentina,10526213396790.00,GOB ARS ARG Boncap (T30A7),ARS,ARS,100.00%,,57.34,100.00,157.34,,,,1.00,2.55%,57.34%,6035836023853.35,10526213396790.00,16562049420643.36,360.00,540.00
2027-04-30T00:00:00.000Z,1,2027-04-30T00:00:00.000Z,Argentina,TZXA7,Argentina,Argentina,370752342476.00,GOB ARS ARG Boncer (TZXA7),ARS,ARS,100.00%,,,119.53,119.53,CER,,1.20,1.00,,,,443160274961.56,443160274961.56,360.00,512.00
2027-04-30T00:00:00.000Z,9,2027-04-30T00:00:00.000Z,360 Energy Solar,GYC4O,Argentina,Argentina,22278429.00,COR USD 360 Energy Solar C4 (GYC4O),USD,USD,,100.00%,1.97,,1.97,,,,1.00,8.00%,1.97%,439464.90,,439464.90,365.00,90.00
2027-04-30T00:00:00.000Z,14,2027-04-30T00:00:00.000Z,Argentina,AO27,Argentina,Argentina,2000370497.00,GOB USD ARG Bonar (AO27),USD,USD,,100.00%,0.50,,0.50,,,,1.00,6.00%,0.50%,10001852.49,,10001852.49,360.00,30.00
2027-04-30T00:00:00.000Z,13,2027-04-30T00:00:00.000Z,Argentina,AO28,Argentina,Argentina,1534369685.00,GOB USD ARG Bonar (AO28),USD,USD,,100.00%,0.50,,0.50,,,,1.00,6.00%,0.50%,7671848.42,,7671848.43,360.00,30.00
2027-04-30T00:00:00.000Z,2,2027-04-30T00:00:00.000Z,Central Puerto,NPCDO,Argentina,Argentina,130120007.00,COR USD Central Puerto CD (NPCDO),USD,USD,,100.00%,2.99,,2.99,,,,1.00,6.00%,2.99%,3892905.41,,3892905.41,365.00,182.00
2027-04-30T00:00:00.000Z,2,2027-04-30T00:00:00.000Z,Cresud,CS52O,Argentina,Argentina,41201813.00,COR USD Cresud C52 (CS52O),USD,USD,,100.00%,1.17,,1.17,,,,1.00,4.75%,1.17%,482569.18,,482569.18,365.00,90.00
2027-04-30T00:00:00.000Z,2,2027-04-30T00:00:00.000Z,Cresud,CS53O,Argentina,Argentina,22998047.00,COR USD Cresud C53 (CS53O),USD,USD,,100.00%,1.54,,1.54,,,,1.00,6.25%,1.54%,354421.96,,354421.96,365.00,90.00
2027-04-30T00:00:00.000Z,5,2027-04-30T00:00:00.000Z,Crown Point,CWC6O,Argentina,Argentina,22000000.00,COR USD Crown Point C6 (CWC6O),USD,USD,33.33%,33.34%,3.16,33.33,36.49,,,,1.00,9.50%,3.16%,694792.73,7332600.00,8027392.73,365.00,182.00
2027-04-30T00:00:00.000Z,5,2027-04-30T00:00:00.000Z,MSU Energy,RUCEO,Argentina,Argentina,59743617.00,COR USD MSU Energy C13 (RUCEO),USD,USD,,100.00%,1.85,,1.85,,,,1.00,7.50%,1.85%,1104847.71,,1104847.71,365.00,90.00
2027-04-30T00:00:00.000Z,12,2027-04-30T00:00:00.000Z,Pan American Energy,PNDCO,Nueva York,Estados Unidos,300000000.00,COR USD Pan American Energy C12 (PNDCO),USD,USD,20.00%,,0.91,20.00,20.91,,,,1.00,9.13%,0.91%,2737500.00,60000000.00,62737500.00,360.00,180.00
2027-04-30T00:00:00.000Z,6,2027-04-30T00:00:00.000Z,Pan American Energy,PNXCO,Nueva York,Estados Unidos,400000000.00,COR USD Pan American Energy C31 (PNXCO),USD,USD,,100.00%,4.25,,4.25,,,,1.00,8.50%,4.25%,17000000.00,,17000000.00,360.00,180.00
2027-04-30T00:00:00.000Z,8,2027-04-30T00:00:00.000Z,Tarjeta Naranja,T641O,Argentina,Argentina,32684639.00,COR USD Tarjeta Naranja C64 S1 (T641O),USD,USD,100.00%,,1.97,100.00,101.97,,,,1.00,7.90%,1.97%,643753.07,32684639.00,33328392.07,365.00,91.00
2027-05-03T00:00:00.000Z,22,2027-05-01T00:00:00.000Z,AA 2000,AER4O,Nueva York,Estados Unidos,62016667.00,COR USD AA 2000 (AER4O),USD,USD,4.44%,55.60%,1.46,4.44,5.90,,,,1.00,9.50%,1.46%,903978.37,2753540.01,3657518.38,360.00,92.00
2027-05-03T00:00:00.000Z,22,2027-05-01T00:00:00.000Z,AA 2000,ARC1O,Nueva York,Estados Unidos,272949631.00,COR USD AA 2000 (ARC1O),USD,USD,2.73%,90.06%,2.02,2.73,4.75,,,,1.00,8.50%,2.02%,5501841.36,7456710.97,12958552.33,360.00,92.00
2027-05-03T00:00:00.000Z,8,2027-05-01T00:00:00.000Z,Otamerica Ebytem,OTS3O,Argentina,Argentina,35529895.00,COR USD Oiltanking Ebytem S3 (OTS3O),USD,USD,,100.00%,1.71,,1.71,,,,1.00,7.00%,1.71%,606441.77,,606441.77,365.00,89.00
2027-05-03T00:00:00.000Z,3,2027-05-03T00:00:00.000Z,Tecpetrol,TTCDO,Nueva York,Estados Unidos,750000000.00,COR USD Tecpetrol C12 (TTCDO),USD,USD,,100.00%,3.81,,3.81,,,,1.00,7.63%,3.81%,28593750.00,,28593750.00,360.00,180.00
2027-05-03T00:00:00.000Z,6,2027-05-03T00:00:00.000Z,Vista Energy Argentina,VSCPO,Argentina,Estados Unidos,46561789.00,COR USD Vista Energy Argentina C24 (VSCPO),USD,USD,,100.00%,3.97,,3.97,,,,1.00,8.00%,3.97%,1847163.57,,1847163.57,365.00,181.00
2027-05-03T00:00:00.000Z,57,2027-05-02T00:00:00.000Z,YPF,YPC4O,Nueva York,Estados Unidos,14818000.00,COR USD YPF SA (YPC4O),USD,USD,,100.00%,5.00,,5.00,,,,1.00,10.00%,5.00%,740900.00,,740900.00,360.00,180.00
2027-05-04T00:00:00.000Z,9,2027-05-04T00:00:00.000Z,Ledesma,LDCGO,Argentina,Argentina,31092846.00,COR USD Ledesma C15 (LDCGO),USD,USD,,100.00%,1.71,,1.71,,,,1.00,7.00%,1.71%,530708.03,,530708.03,365.00,89.00
2027-05-04T00:00:00.000Z,14,2027-05-04T00:00:00.000Z,Raghsa,RAC4O,Nueva York,Estados Unidos,9636737.00,COR USD Raghsa C4 (RAC4O),USD,USD,100.00%,,4.25,100.00,104.25,,,,1.00,8.50%,4.25%,409561.32,9636737.00,10046298.32,360.00,180.00
2027-05-05T00:00:00.000Z,2,2027-05-05T00:00:00.000Z,B. Supervielle,BPCVO,Argentina,Argentina,20142407.00,COR USD B. Supervielle CV (BPCVO),USD,USD,100.00%,,1.61,100.00,101.61,,,,1.00,3.25%,1.61%,324623.86,20142407.00,20467030.86,365.00,181.00
2027-05-06T00:00:00.000Z,4,2027-05-06T00:00:00.000Z,BST,BVCUO,Argentina,Argentina,8204906.00,COR USD BST C28 (BVCUO),USD,USD,100.00%,,1.07,100.00,101.07,,,,1.00,4.50%,1.07%,88006.05,8204906.00,8292912.05,365.00,87.00
2027-05-07T00:00:00.000Z,8,2027-05-07T00:00:00.000Z,YPF,YM37O,Argentina,Argentina,139501701.00,COR USD YPF C37 (YM37O),USD,USD,100.00%,,1.71,100.00,101.71,,,,1.00,7.00%,1.71%,2381083.83,139501701.00,141882784.83,365.00,89.00
2027-05-10T00:00:00.000Z,13,2027-05-09T00:00:00.000Z,Argentina,TX28,Argentina,Argentina,75904842660.00,GOB ARS ARG Boncer (TX28),ARS,ARS,10.00%,30.00%,15.55,345.65,361.21,CER,,34.57,1.00,2.25%,0.45%,11806535256.22,262367365799.57,274173901055.79,360.00,180.00
2027-05-10T00:00:00.000Z,4,2027-05-09T00:00:00.000Z,Arcor,RCCRO,Argentina,Argentina,68415046.00,COR USD Arcor C26 (RCCRO),USD,USD,100.00%,,3.37,100.00,103.37,,,,1.00,6.75%,3.37%,2302681.75,68415046.00,70717727.75,365.00,182.00
2027-05-10T00:00:00.000Z,2,2027-05-08T00:00:00.000Z,BBVA Argentina,BF44O,Argentina,Argentina,48018887.00,COR USD BBVA Argentina C44 (BF44O),USD,USD,,100.00%,2.48,,2.48,,,,1.00,5.00%,2.48%,1190605.28,,1190605.28,365.00,181.00
2027-05-10T00:00:00.000Z,2,2027-05-08T00:00:00.000Z,BBVA Argentina,BF45O,Argentina,Argentina,25072002.00,COR USD BBVA Argentina C45 (BF45O),USD,USD,100.00%,,1.63,100.00,101.63,,,,1.00,3.25%,1.63%,408536.25,25072002.00,25480538.25,365.00,183.00
2027-05-10T00:00:00.000Z,7,2027-05-09T00:00:00.000Z,Finanlease,FAS1M,Argentina,Argentina,3000000.00,COR USD Finanlease S1 (FAS1M),USD,USD,10.00%,50.00%,0.92,10.00,10.92,,,,1.00,9.00%,0.92%,27517.81,300000.00,327517.81,365.00,62.00
2027-05-10T00:00:00.000Z,9,2027-05-10T00:00:00.000Z,Fiplasto,FPC1O,Argentina,Argentina,1366225.00,COR USD Fiplasto C1 (FPC1O),USD,USD,,100.00%,1.46,,1.46,,,,1.00,6.00%,1.46%,19988.06,,19988.06,365.00,89.00
2027-05-10T00:00:00.000Z,2,2027-05-08T00:00:00.000Z,Profertil,PFC3O,Argentina,Argentina,70000000.00,COR USD Profertil C3 (PFC3O),USD,USD,,100.00%,2.85,,2.85,,,,1.00,5.75%,2.85%,1995958.90,,1995958.90,365.00,181.00
2027-05-11T00:00:00.000Z,2,2027-05-11T00:00:00.000Z,BNA,NZC2O,Argentina,Argentina,30445485.00,COR USD BNA C2 (NZC2O),USD,USD,,100.00%,2.73,,2.73,,,,1.00,5.50%,2.73%,830369.32,,830369.32,365.00,181.00
2027-05-11T00:00:00.000Z,2,2027-05-11T00:00:00.000Z,Farmacity,FYC1O,Argentina,Argentina,15000000.00,COR USD Farmacity C1 (FYC1O),USD,USD,,100.00%,3.72,,3.72,,,,1.00,7.50%,3.72%,557876.71,,557876.71,365.00,181.00
2027-05-11T00:00:00.000Z,5,2027-05-11T00:00:00.000Z,Minera Exar,XMC1O,Argentina,Argentina,50000000.00,COR USD Minera Exar C1 (XMC1O),USD,USD,50.00%,50.00%,3.97,50.00,53.97,,,,1.00,8.00%,3.97%,1983561.64,25000000.00,26983561.64,365.00,181.00
2027-05-11T00:00:00.000Z,2,2027-05-11T00:00:00.000Z,Pecom Servicios Energia,MCC3O,Argentina,Argentina,196759808.00,COR USD Pecom Servicios Energia C3 (MCC3O),USD,USD,,100.00%,3.72,,3.72,,,,1.00,7.50%,3.72%,7317847.65,,7317847.65,365.00,181.00
2027-05-12T00:00:00.000Z,5,2027-05-12T00:00:00.000Z,CNH,CIC8O,Argentina,Argentina,11056884.00,COR USD CNH C8 (CIC80),USD,USD,,100.00%,3.72,,3.72,,,,1.00,7.50%,3.72%,411225.21,,411225.21,365.00,181.00
2027-05-12T00:00:00.000Z,2,2027-05-12T00:00:00.000Z,Puente,PHC4O,Argentina,Argentina,20394733.00,COR USD Puente C4 (PHC4O),USD,USD,33.00%,67.00%,3.22,33.00,36.22,,,,1.00,6.50%,3.22%,657380.91,6730261.89,7387642.80,365.00,181.00
2027-05-13T00:00:00.000Z,4,2027-05-13T00:00:00.000Z,Agronorte,ORS1L,Argentina,Argentina,7500000.00,COR USD Agronorte S1 (ORS1L),USD,USD,20.00%,80.00%,1.42,20.00,21.42,,,,1.00,5.95%,1.42%,106366.44,1500000.00,1606366.44,365.00,87.00
2027-05-13T00:00:00.000Z,5,2027-05-13T00:00:00.000Z,Pan American Energy,PN36O,Argentina,Argentina,78100553.00,COR USD Pan American Energy C36 (PN36O),USD,USD,,100.00%,3.60,,3.60,,,,1.00,7.25%,3.60%,2807875.36,,2807875.36,365.00,181.00
2027-05-13T00:00:00.000Z,5,2027-05-13T00:00:00.000Z,Pan American Energy,PN37O,Argentina,Argentina,74172648.00,COR USD Pan American Energy C37 (PN37O),USD,USD,,100.00%,3.10,,3.10,,,,1.00,6.25%,3.10%,2298844.06,,2298844.06,365.00,181.00
2027-05-14T00:00:00.000Z,2,2027-05-14T00:00:00.000Z,Pampa Energia,MG1RO,Nueva York,Estados Unidos,500000000.00,COR USD Pampa Energia C26 Adicionales (MG1RO),USD,USD,,100.00%,3.88,,3.88,,,,1.00,7.75%,3.88%,19375000.00,,19375000.00,360.00,180.00
2027-05-14T00:00:00.000Z,3,2027-05-14T00:00:00.000Z,Pampa Energia,MGCRO,Nueva York,Estados Unidos,450000000.00,COR USD Pampa Energia C26 (MGCRO),USD,USD,,100.00%,3.88,,3.88,,,,1.00,7.75%,3.88%,17437500.00,,17437500.00,360.00,180.00
2027-05-17T00:00:00.000Z,5,2027-05-15T00:00:00.000Z,Cresud,CS47O,Argentina,Argentina,64417023.00,COR USD Cresud C47 (CS47O),USD,USD,,100.00%,3.47,,3.47,,,,1.00,7.00%,3.47%,2236064.88,,2236064.88,365.00,181.00
2027-05-18T00:00:00.000Z,3,2027-05-18T00:00:00.000Z,Pluspetrol,PLC5O,Nueva York,Estados Unidos,500000000.00,COR USD Pluspetrol C5 (PLC5O),USD,USD,,100.00%,4.06,,4.06,,,,1.00,8.13%,4.06%,20312500.00,,20312500.00,360.00,180.00
2027-05-19T00:00:00.000Z,8,2027-05-19T00:00:00.000Z,Chaye,CY2BP,Argentina,Argentina,1300000.00,COR USD Chaye S2 CB (CY2BP),USD,USD,25.00%,,0.50,25.00,25.50,,,,1.00,8.25%,0.50%,6537.84,325000.00,331537.84,365.00,89.00
2027-05-20T00:00:00.000Z,3,2027-05-20T00:00:00.000Z,Transportadora de Gas del Sur,TSC4O,Nueva York,Estados Unidos,500000000.00,COR USD Transportadora de Gas del Sur C4 (TSC4O),USD,USD,,100.00%,3.88,,3.88,,,,1.00,7.75%,3.88%,19375000.00,,19375000.00,360.00,180.00
2027-05-20T00:00:00.000Z,6,2027-05-20T00:00:00.000Z,YPF Luz,YFCMO,Argentina,Argentina,53827026.00,COR USD YPF Luz C21 (YFCMO),USD,USD,100.00%,,1.63,100.00,101.63,,,,1.00,6.50%,1.63%,874689.17,53827026.00,54701715.17,360.00,90.00
2027-05-21T00:00:00.000Z,2,2027-05-21T00:00:00.000Z,Arcor,RC5CO,Argentina,Argentina,50000000.00,COR USD Arcor C5 (RC5CO),USD,USD,,100.00%,2.56,,2.56,,,,1.00,5.25%,2.56%,1280136.99,,1280136.99,365.00,178.00
2027-05-21T00:00:00.000Z,4,2027-05-21T00:00:00.000Z,CNH,CIC9O,Argentina,Argentina,25216014.00,COR USD CNH C9 (CIC9O),USD,USD,100.00%,,4.09,100.00,104.09,,,,1.00,8.25%,4.09%,1031611.31,25216014.00,26247625.31,365.00,181.00
2027-05-21T00:00:00.000Z,2,2027-05-21T00:00:00.000Z,Tecpetrol,TTCEO,Argentina,Argentina,100000000.00,COR USD Tecpetrol C13 (TTCEO),USD,USD,,100.00%,2.73,,2.73,,,,1.00,5.50%,2.73%,2727397.26,,2727397.26,365.00,181.00
2027-05-24T00:00:00.000Z,4,2027-05-22T00:00:00.000Z,B. ICBC,ICC6O,Argentina,Argentina,45080301.00,COR USD B. ICBC C6 (ICC6O),USD,USD,100.00%,,0.92,100.00,100.92,,,,1.00,3.70%,0.92%,415850.34,45080301.00,45496151.34,365.00,91.00
2027-05-24T00:00:00.000Z,8,2027-05-22T00:00:00.000Z,YPF Luz,YFCLO,Argentina,Argentina,50981768.00,COR USD YPF Luz C20 (YFCLO),USD,USD,,100.00%,1.69,,1.69,,,,1.00,6.75%,1.69%,860317.34,,860317.34,360.00,90.00
2027-05-26T00:00:00.000Z,6,2027-05-26T00:00:00.000Z,Madero Harbour,HA11M,Argentina,Argentina,4030000.00,COR USD Madero Harbour S1 C1 (HA11M),USD,USD,25.00%,50.00%,1.83,25.00,26.83,,,,1.00,10.00%,1.83%,73699.32,1007500.00,1081199.32,365.00,89.00
2027-05-26T00:00:00.000Z,3,2027-05-26T00:00:00.000Z,Scania Credit Argentina,SBC3O,Argentina,Argentina,26971883.00,COR USD Scania Credit Argentina C3 (SBC3O),USD,USD,9.00%,73.00%,1.30,9.00,10.30,,,,1.00,6.50%,1.30%,350538.41,2427469.47,2778007.88,365.00,89.00
2027-05-27T00:00:00.000Z,4,2027-05-27T00:00:00.000Z,John Deere,HJCIO,Argentina,Argentina,68370203.00,COR USD John Deere C17 (HJCIO),USD,USD,100.00%,,3.72,100.00,103.72,,,,1.00,7.50%,3.72%,2542809.60,68370203.00,70913012.60,365.00,181.00
2027-05-27T00:00:00.000Z,2,2027-05-27T00:00:00.000Z,Pluspetrol,PLC6O,Argentina,Argentina,167492889.00,COR USD Pluspetrol C6 (PLC6O),USD,USD,,100.00%,3.22,,3.22,,,,1.00,6.50%,3.22%,5398777.64,,5398777.64,365.00,181.00
2027-05-28T00:00:00.000Z,4,2027-05-29T00:00:00.000Z,Agronorte,OR3BP,Argentina,Argentina,3643691.00,COR USD Agronorte S3 CB (OR3BP),USD,USD,25.00%,,1.10,25.00,26.10,,,,1.00,9.00%,1.10%,40205.38,910922.75,951128.13,365.00,179.00
2027-05-28T00:00:00.000Z,3,2027-05-28T00:00:00.000Z,CGC,CP38O,Nueva York,Estados Unidos,500000000.00,COR USD CGC C38 (CP38O),USD,USD,,100.00%,5.94,,5.94,,,,1.00,11.88%,5.94%,29687500.00,,29687500.00,360.00,180.00
2027-05-28T00:00:00.000Z,4,2027-05-28T00:00:00.000Z,Credicuotas Consumo,DHSMO,Argentina,Argentina,35924945.00,COR USD Credicuotas Consumo S21 (DHSMO),USD,USD,100.00%,,1.71,100.00,101.71,,,,1.00,7.00%,1.71%,613184.68,35924945.00,36538129.68,365.00,89.00
2027-05-28T00:00:00.000Z,20,2027-05-28T00:00:00.000Z,Generación Litoral,GOC4O,Argentina,Argentina,14949364.00,COR USD Generación Litoral C4 (GOC4O),USD,USD,2.00%,98.00%,0.90,2.00,2.90,,,,1.00,11.00%,0.90%,135158.63,298987.28,434145.91,365.00,30.00
2027-05-28T00:00:00.000Z,4,2027-05-28T00:00:00.000Z,Mirgor,MIC6O,Argentina,Argentina,22382970.00,COR USD Mirgor C6 (MIC6O),USD,USD,,100.00%,1.95,,1.95,,,,1.00,8.00%,1.95%,436621.22,,436621.22,365.00,89.00
2027-05-28T00:00:00.000Z,10,2027-05-28T00:00:00.000Z,Rizobacter,RZABO,Argentina,Argentina,3315602.00,COR USD Rizobacter S10 CB (RZABO),USD,USD,,100.00%,1.93,,1.93,,,,1.00,8.00%,1.93%,63950.24,,63950.24,365.00,88.00
2027-05-28T00:00:00.000Z,4,2027-05-28T00:00:00.000Z,Telecom Argentina,TLCPO,Nueva York,Estados Unidos,1000000000.00,COR USD Telecom Argentina C24 (TLCPO),USD,USD,,100.00%,4.63,,4.63,,,,1.00,9.25%,4.63%,46250000.00,,46250000.00,360.00,180.00
2027-05-28T00:00:00.000Z,5,2027-05-28T00:00:00.000Z,Telecom Argentina,TLCOO,Argentina,Argentina,75247975.00,COR USD Telecom C23 (TLCOO),USD,USD,,100.00%,3.47,,3.47,,,,1.00,7.00%,3.47%,2612032.45,,2612032.45,365.00,181.00
2027-05-28T00:00:00.000Z,7,2027-05-28T00:00:00.000Z,YPF,YM40O,Argentina,Argentina,51383412.00,COR USD YPF C40 (YM40O),USD,USD,,100.00%,1.83,,1.83,,,,1.00,7.50%,1.83%,939682.95,,939682.95,365.00,89.00
2027-05-31T00:00:00.000Z,1,2027-05-31T00:00:00.000Z,Argentina,T31Y7,Argentina,Argentina,6942355179059.00,GOB ARS ARG Boncap (T31Y7),ARS,ARS,100.00%,,51.56,100.00,151.56,,,,1.00,2.40%,51.56%,3579686600978.19,6942355179059.00,10522041780037.19,360.00,526.00
2027-05-31T00:00:00.000Z,10,2027-05-30T00:00:00.000Z,Argentina,TX31,Argentina,Argentina,110944599869.00,GOB ARS ARG Boncer (TX31),ARS,ARS,10.00%,90.00%,20.76,166.10,186.87,CER,,16.61,1.00,2.50%,1.25%,23035294137.28,184282308720.41,207317602857.69,360.00,180.00
2027-05-31T00:00:00.000Z,1,2027-05-31T00:00:00.000Z,Argentina,TZXY7,Argentina,Argentina,3371027347271.00,GOB ARS ARG Boncer (TZXY7),ARS,ARS,100.00%,,,118.12,118.12,CER,,1.18,1.00,,,,3981857502596.51,3981857502596.51,360.00,525.00
2027-05-31T00:00:00.000Z,4,2027-05-30T00:00:00.000Z,Argentina,TY30P,Argentina,Argentina,1691807339451.00,GOB ARS ARG Bote (TY30P),ARS,ARS,,100.00%,14.75,,14.75,,,,1.00,29.50%,14.75%,249541582569.02,,249541582569.02,360.00,180.00
2027-05-31T00:00:00.000Z,4,2027-05-30T00:00:00.000Z,Argentina,TY30P @PUT,Argentina,Argentina,1691807339451.00,GOB ARS ARG Bote (TY30P) @PUT,ARS,ARS,100.00%,,14.75,100.00,114.75,,,,1.00,29.50%,14.75%,249541582569.02,1691807339451.00,1941348922020.02,360.00,180.00
2027-05-31T00:00:00.000Z,3,2027-05-30T00:00:00.000Z,Argentina,AN29,Argentina,Argentina,1000000000.00,GOB USD ARG Bonar (AN29),USD,USD,,100.00%,3.25,,3.25,,,,1.00,6.50%,3.25%,32500000.00,,32500000.00,360.00,180.00
2027-05-31T00:00:00.000Z,15,2027-05-31T00:00:00.000Z,Argentina,AO27,Argentina,Argentina,2000370497.00,GOB USD ARG Bonar (AO27),USD,USD,,100.00%,0.50,,0.50,,,,1.00,6.00%,0.50%,10001852.49,,10001852.49,360.00,30.00
2027-05-31T00:00:00.000Z,14,2027-05-31T00:00:00.000Z,Argentina,AO28,Argentina,Argentina,1534369685.00,GOB USD ARG Bonar (AO28),USD,USD,,100.00%,0.50,,0.50,,,,1.00,6.00%,0.50%,7671848.42,,7671848.43,360.00,30.00
2027-05-31T00:00:00.000Z,4,2027-05-29T00:00:00.000Z,Del Fabro,DFS1L,Argentina,Argentina,5000000.00,COR USD Del Fabro S1 (DFS1L),USD,USD,20.00%,80.00%,1.66,20.00,21.66,,,,1.00,6.74%,1.66%,83095.89,1000000.00,1083095.89,365.00,90.00
2027-05-31T00:00:00.000Z,4,2027-05-29T00:00:00.000Z,Diransa,DIC2L,Argentina,Argentina,3000000.00,COR USD Diransa C2 (DIC2L),USD,USD,25.00%,75.00%,1.46,25.00,26.46,,,,1.00,5.99%,1.46%,43817.26,750000.00,793817.26,365.00,89.00
2027-05-31T00:00:00.000Z,5,2027-05-29T00:00:00.000Z,Edemsa,OZC3O,Argentina,Argentina,33578943.00,COR USD Edemsa C3 (OZC3O),USD,USD,,100.00%,3.97,,3.97,,,,1.00,8.00%,3.97%,1332118.07,,1332118.07,365.00,181.00
2027-05-31T00:00:00.000Z,4,2027-05-30T00:00:00.000Z,Pluspetrol,PLC4O,Nueva York,Estados Unidos,650000000.00,COR USD Pluspetrol C4 (PLC4O),USD,USD,,100.00%,4.25,,4.25,,,,1.00,8.50%,4.25%,27625000.00,,27625000.00,360.00,180.00
2027-05-31T00:00:00.000Z,4,2027-05-29T00:00:00.000Z,Telecom Argentina,TLCVO,Argentina,Argentina,26410490.00,COR USD Telecom Argentina C29 (TLCVO),USD,USD,100.00%,,0.88,100.00,100.88,,,,1.00,3.50%,0.88%,232991.17,26410490.00,26643481.17,365.00,92.00
2027-05-31T00:00:00.000Z,2,2027-05-29T00:00:00.000Z,Telecom Argentina,TLCWO,Argentina,Argentina,35149670.00,COR USD Telecom Argentina C30 (TLCWO),USD,USD,,100.00%,3.10,,3.10,,,,1.00,6.25%,3.10%,1089399.02,,1089399.02,365.00,181.00
2027-06-02T00:00:00.000Z,3,2027-06-02T00:00:00.000Z,Genneia,GN49O,Nueva York,Estados Unidos,400000000.00,COR USD Genneia C49 (GN49O),USD,USD,,100.00%,3.88,,3.88,,,,1.00,7.75%,3.88%,15500000.00,,15500000.00,360.00,180.00
2027-06-02T00:00:00.000Z,4,2027-06-02T00:00:00.000Z,Pecom Servicios Energia,MCC2O,Argentina,Argentina,30169157.00,COR USD Pecom Servicios Energia C2 (MCC2O),USD,USD,100.00%,,3.74,100.00,103.74,,,,1.00,7.50%,3.74%,1128243.82,30169157.00,31297400.82,365.00,182.00
2027-06-02T00:00:00.000Z,6,2027-06-02T00:00:00.000Z,Plaza Logistica,ZPC2O,Argentina,Argentina,7000000.00,COR USD Plaza Logistica C2 (ZPC2O),USD,USD,100.00%,,1.89,100.00,101.89,,,,1.00,7.50%,1.89%,132328.77,7000000.00,7132328.77,365.00,92.00
2027-06-02T00:00:00.000Z,3,2027-06-02T00:00:00.000Z,YPF,YM42O,Argentina,Argentina,355922807.00,COR USD YPF C42 (YM42O),USD,USD,,100.00%,3.49,,3.49,,,,1.00,7.00%,3.49%,12423168.66,,12423168.66,365.00,182.00
2027-06-03T00:00:00.000Z,3,2027-06-03T00:00:00.000Z,CNH,CICAO,Argentina,Argentina,56429788.00,COR USD CNH C10 (CICAO),USD,USD,,100.00%,3.99,,3.99,,,,1.00,8.00%,3.99%,2251007.43,,2251007.43,365.00,182.00
2027-06-03T00:00:00.000Z,4,2027-06-03T00:00:00.000Z,Fortecar,FCS1M,Argentina,Argentina,4200000.00,COR USD Fortecar S1 (FCS1M),USD,USD,20.00%,80.00%,2.02,20.00,22.02,,,,1.00,8.00%,2.02%,84690.41,840000.00,924690.41,365.00,92.00
2027-06-03T00:00:00.000Z,5,2027-06-03T00:00:00.000Z,Plaza Logistica,ZPC3O,Argentina,Argentina,21786372.00,COR USD Plaza Logística C3 (ZPC3O),USD,USD,,100.00%,2.14,,2.14,,,,1.00,8.50%,2.14%,466765.56,,466765.56,365.00,92.00
2027-06-04T00:00:00.000Z,3,2027-06-04T00:00:00.000Z,Capex,CACDO,Argentina,Argentina,70905879.00,COR USD Capex C12 (CACDO),USD,USD,,100.00%,4.11,,4.11,,,,1.00,8.25%,4.11%,2916854.17,,2916854.17,365.00,182.00
2027-06-04T00:00:00.000Z,9,2027-06-04T00:00:00.000Z,Plaza Logistica,PZCGO,Argentina,Argentina,9587538.00,COR USD Plaza Logistica C15 (PZCGO),USD,USD,,100.00%,1.75,,1.75,,,,1.00,7.00%,1.75%,167781.92,,167781.92,360.00,90.00
2027-06-07T00:00:00.000Z,6,2027-06-05T00:00:00.000Z,360 Energy Solar,GYC5O,Argentina,Argentina,15000000.00,COR USD 360 Energy Solar C5 (GYC5O),USD,USD,,100.00%,2.21,,2.21,,,,1.00,8.75%,2.21%,330821.92,,330821.92,365.00,92.00
2027-06-07T00:00:00.000Z,2,2027-06-05T00:00:00.000Z,B. Comafi,AFCPO,Argentina,Argentina,12833373.00,COR USD B. Comafi C24 (AFCPO),USD,USD,,100.00%,2.62,,2.62,,,,1.00,5.25%,2.62%,335953.09,,335953.09,365.00,182.00
2027-06-07T00:00:00.000Z,2,2027-06-05T00:00:00.000Z,B. Comafi,AFCQO,Argentina,Estados Unidos,55185240.00,COR USD B. Comafi C25 (AFCQO),USD,USD,,100.00%,1.75,,1.75,,,,1.00,3.50%,1.75%,963095.83,,963095.83,365.00,182.00
2027-06-07T00:00:00.000Z,2,2027-06-05T00:00:00.000Z,B. Galicia,BYY2O,Argentina,Argentina,53059085.00,COR USD B. Galicia C32 S2 (BYY2O),USD,USD,,100.00%,2.37,,2.37,,,,1.00,4.75%,2.37%,1256700.79,,1256700.79,365.00,182.00
2027-06-07T00:00:00.000Z,7,2027-06-07T00:00:00.000Z,Edisur,EDS1P,Argentina,Argentina,5000000.00,COR USD Edisur S1 (EDS1P),USD,USD,20.00%,20.00%,1.75,20.00,21.75,,,,1.00,8.75%,1.75%,87260.27,1000000.00,1087260.27,365.00,182.00
2027-06-07T00:00:00.000Z,5,2027-06-05T00:00:00.000Z,MSU Energy,RUCDO,Nueva York,Estados Unidos,400000000.00,COR USD MSU Energy C12 (RUCDO),USD,USD,,100.00%,4.88,,4.88,,,,1.00,9.75%,4.88%,19500000.00,,19500000.00,360.00,180.00
2027-06-07T00:00:00.000Z,3,2027-06-05T00:00:00.000Z,Oleoductos del Valle,OLC6O,Argentina,Argentina,115514950.00,COR USD Oleoductos del Valle C6 (OLC6O),USD,USD,,100.00%,3.74,,3.74,,,,1.00,7.50%,3.74%,4319942.65,,4319942.65,365.00,182.00
2027-06-07T00:00:00.000Z,6,2027-06-05T00:00:00.000Z,Scania Credit Argentina,SBC1O,Argentina,Argentina,40000000.00,COR USD Scania Credit Argentina C1 (SBC1O),USD,USD,14.00%,16.00%,0.66,14.00,14.66,,,,1.00,8.75%,0.66%,264657.53,5600000.00,5864657.53,365.00,92.00
2027-06-08T00:00:00.000Z,2,2027-06-08T00:00:00.000Z,BPBA,PVC5O,Argentina,Argentina,31757262.00,COR USD BPBA C5 (PVC5O),USD,USD,100.00%,,2.12,100.00,102.12,,,,1.00,4.25%,2.12%,672992.94,31757262.00,32430254.94,365.00,182.00
2027-06-08T00:00:00.000Z,2,2027-06-08T00:00:00.000Z,IRSA,IRCQO,Argentina,Argentina,50000000.00,COR USD IRSA C25 (IRCQO),USD,USD,100.00%,,1.87,100.00,101.87,,,,1.00,3.75%,1.87%,934931.51,50000000.00,50934931.51,365.00,182.00
2027-06-08T00:00:00.000Z,2,2027-06-08T00:00:00.000Z,John Deere,HJCLO,Argentina,Argentina,80000000.00,COR USD John Deere C20 (HJCLO),USD,USD,,100.00%,3.24,,3.24,,,,1.00,6.50%,3.24%,2592876.71,,2592876.71,365.00,182.00
2027-06-09T00:00:00.000Z,5,2027-06-09T00:00:00.000Z,CGC,CP40O,Argentina,Argentina,55197497.00,COR USD CGC C40 (CP40O),USD,USD,,100.00%,2.39,,2.39,,,,1.00,9.50%,2.39%,1321715.41,,1321715.41,365.00,92.00
2027-06-10T00:00:00.000Z,5,2027-06-10T00:00:00.000Z,Clisa,CLI1O,Nueva York,Estados Unidos,74985749.00,COR USD Clisa C1 (CLI1O),USD,USD,,100.00%,3.50,,3.50,,,,1.00,7.00%,3.50%,2624501.22,,2624501.22,360.00,180.00
2027-06-10T00:00:00.000Z,6,2027-06-10T00:00:00.000Z,Clisa,CLSIO,Nueva York,Estados Unidos,200000000.00,COR USD Clisa (CLSIO),USD,USD,,100.00%,3.50,,3.50,,,,1.00,7.00%,3.50%,7000000.00,,7000000.00,360.00,180.00
2027-06-10T00:00:00.000Z,5,2027-06-10T00:00:00.000Z,Vista Energy Argentina,VSCTO,Nueva York,Estados Unidos,600000000.00,COR USD Vista Energy Argentina C27 (VSCTO),USD,USD,,100.00%,3.81,,3.81,,,,1.00,7.63%,3.81%,22875000.00,,22875000.00,360.00,180.00
2027-06-10T00:00:00.000Z,4,2027-06-10T00:00:00.000Z,Vista Energy Argentina,VSCVO,Nueva York,Estados Unidos,900000000.00,COR USD Vista Energy Argentina C29 (VSCVO),USD,USD,,100.00%,4.25,,4.25,,,,1.00,8.50%,4.25%,38250000.00,,38250000.00,360.00,180.00
2027-06-11T00:00:00.000Z,5,2027-06-11T00:00:00.000Z,Raghsa,RAC7O,Nueva York,Estados Unidos,48705263.00,COR USD Raghsa C7 (RAC7O),USD,USD,,100.00%,4.25,,4.25,,,,1.00,8.50%,4.25%,2069973.68,,2069973.68,360.00,180.00
2027-06-11T00:00:00.000Z,10,2027-06-13T00:00:00.000Z,YPF Luz,YFCIO,Argentina,Argentina,10199945.00,COR USD YPF Luz C17 (YFCIO),USD,USD,50.00%,,0.74,50.00,50.74,,,,1.00,5.90%,0.74%,75224.59,5099972.50,5175197.09,360.00,90.00
2027-06-14T00:00:00.000Z,4,2027-06-12T00:00:00.000Z,Oleoductos del Valle,OLC5O,Argentina,Argentina,85000000.00,COR USD Oleoductos del Valle C5 (OLC5O),USD,USD,,100.00%,3.93,,3.93,,,,1.00,7.89%,3.93%,3344063.01,,3344063.01,365.00,182.00
2027-06-15T00:00:00.000Z,19,2027-06-15T00:00:00.000Z,YPF,YCANO,Nueva York,Estados Unidos,536612500.00,COR USD YPF 15-12-47,USD,USD,,100.00%,3.50,,3.50,,,,1.00,7.00%,3.50%,18781437.50,,18781437.50,360.00,180.00
2027-06-15T00:00:00.000Z,4,2027-06-15T00:00:00.000Z,YPF Luz,YFCOO,Argentina,Argentina,45021217.00,COR USD YPF Luz C23 (YFCOO),USD,USD,,100.00%,1.69,,1.69,,,,1.00,6.75%,1.69%,759733.04,,759733.04,360.00,90.00
2027-06-16T00:00:00.000Z,5,2027-06-16T00:00:00.000Z,Pampa Energia,MGCOO,Nueva York,Estados Unidos,700000000.00,COR USD Pampa Energia C23 (MGCOO),USD,USD,,100.00%,3.94,,3.94,,,,1.00,7.88%,3.94%,27562500.00,,27562500.00,360.00,180.00
2027-06-18T00:00:00.000Z,8,2027-06-17T00:00:00.000Z,Capex,CACBO,Argentina,Argentina,45097020.00,COR USD Capex C11 (CACBO),USD,USD,,100.00%,1.95,,1.95,,,,1.00,7.75%,1.95%,880936.31,,880936.31,365.00,92.00
2027-06-18T00:00:00.000Z,3,2027-06-17T00:00:00.000Z,Meranol,MR38P,Argentina,Argentina,350000.00,COR USD Meranol C38 (MR38P),USD,USD,100.00%,,2.42,100.00,102.42,,,,1.00,9.50%,2.42%,8471.92,350000.00,358471.92,365.00,93.00
2027-06-21T00:00:00.000Z,7,2027-06-21T00:00:00.000Z,Hattrick Energy,HT11M,Argentina,Argentina,7000000.00,COR USD Hattrick Energy S1 C1 (HT11M),USD,USD,9.09%,45.46%,1.31,9.09,10.40,,,,1.00,9.50%,1.31%,91434.77,636300.00,727734.77,365.00,92.00
2027-06-21T00:00:00.000Z,5,2027-06-20T00:00:00.000Z,Hector A. Bertone,EH13M,Argentina,Argentina,903544.00,COR USD Hector A. Bertone S1 C3 (EH13M),USD,USD,33.00%,34.00%,1.67,33.00,34.67,,,,1.00,10.00%,1.67%,15092.90,298169.52,313262.42,365.00,91.00
2027-06-21T00:00:00.000Z,5,2027-06-19T00:00:00.000Z,Hijos de Salvador Muñoz,MU32O,Argentina,Argentina,7929057.00,COR USD Hijos de Salvador Muñoz C3 S2 (MU32O),USD,USD,,100.00%,4.49,,4.49,,,,1.00,9.00%,4.49%,355830.01,,355830.01,365.00,182.00
2027-06-21T00:00:00.000Z,5,2027-06-20T00:00:00.000Z,MSU Green Energy,EAC3O,Argentina,Argentina,21376563.00,COR USD MSU Green Energy C3 (EAC3O),USD,USD,,100.00%,4.24,,4.24,,,,1.00,8.50%,4.24%,906014.88,,906014.88,365.00,182.00
2027-06-22T00:00:00.000Z,3,2027-06-22T00:00:00.000Z,Alz Nutrientes,AUS1L,Argentina,Argentina,900000.00,COR USD Alz Nutrientes S1 (AUS1L),USD,USD,33.00%,34.00%,2.92,33.00,35.92,,,,1.00,8.75%,2.92%,26308.97,297000.00,323308.97,365.00,182.00
2027-06-22T00:00:00.000Z,10,2027-06-22T00:00:00.000Z,Irsa Prop,IRCFO,Nueva York,Estados Unidos,103292263.00,COR USD Irsa Prop C14 (IRCFO),USD,USD,17.50%,30.00%,2.08,17.50,19.58,,,,1.00,8.75%,2.08%,2146542.34,18076146.02,20222688.37,360.00,180.00
2027-06-23T00:00:00.000Z,4,2027-06-23T00:00:00.000Z,B. Macro,BACGO,Nueva York,Estados Unidos,530000000.00,COR USD B. Macro CG (BACGO),USD,USD,,100.00%,4.00,,4.00,,,,1.00,8.00%,4.00%,21200000.00,,21200000.00,360.00,180.00
2027-06-23T00:00:00.000Z,3,2027-06-23T00:00:00.000Z,Promedon,PBS1M,Argentina,Argentina,4500000.00,COR USD Promedon S1 (PBS1M),USD,USD,20.00%,60.00%,3.75,20.00,23.75,,,,1.00,9.40%,3.75%,168736.44,900000.00,1068736.44,365.00,182.00
2027-06-28T00:00:00.000Z,21,2027-06-28T00:00:00.000Z,Generación Litoral,GOC4O,Argentina,Argentina,14949364.00,COR USD Generación Litoral C4 (GOC4O),USD,USD,2.00%,96.00%,0.92,2.00,2.92,,,,1.00,11.00%,0.92%,136870.64,298987.28,435857.92,365.00,31.00
2027-06-28T00:00:00.000Z,16,2027-06-27T00:00:00.000Z,YPF,YMC1O,Nueva York,Estados Unidos,398972000.00,COR USD YPF (YMC1O),USD,USD,,100.00%,4.25,,4.25,,,,1.00,8.50%,4.25%,16956310.00,,16956310.00,360.00,180.00
2027-06-30T00:00:00.000Z,1,2027-06-30T00:00:00.000Z,Argentina,T30J7,Argentina,Argentina,7968644928007.00,GOB ARS ARG Boncap (T30J7),ARS,ARS,100.00%,,56.04,100.00,156.04,,,,1.00,2.58%,56.04%,4465389558307.28,7968644928007.00,12434034486314.28,360.00,524.00
2027-06-30T00:00:00.000Z,47,2027-06-30T00:00:00.000Z,Argentina,DICP,Argentina,Argentina,4243693957.00,GOB ARS ARG Boncer (DICP),ARS,ARS,5.00%,65.00%,1387.71,3400.41,4788.11,CER,,535.52,1.27,5.83%,2.59%,58889968927.65,144302790834.65,203192759762.31,360.00,180.00
2027-06-30T00:00:00.000Z,47,2027-06-30T00:00:00.000Z,Argentina,DIP0,Argentina,Argentina,125510513.00,GOB ARS ARG Boncer (DIP0),ARS,ARS,5.00%,65.00%,1387.71,3400.41,4788.11,CER,,535.52,1.27,5.83%,2.59%,1741716128.82,4267866035.70,6009582164.52,360.00,180.00
2027-06-30T00:00:00.000Z,1,2027-06-30T00:00:00.000Z,Argentina,TZX27,Argentina,Argentina,2522244610036.00,GOB ARS ARG Boncer (TZX27),ARS,ARS,100.00%,,,388.87,388.87,CER,,3.89,1.00,,,,9808252615046.99,9808252615046.99,360.00,1229.00
2027-06-30T00:00:00.000Z,47,2027-06-30T00:00:00.000Z,Argentina,CUAP,Argentina,Argentina,23434050685.00,GOB ARS ARG (CUAP),ARS,ARS,,100.00%,1230.70,,1230.70,CER,,535.52,1.39,3.31%,2.30%,288402364978.42,,288402364978.42,360.00,180.00
2027-06-30T00:00:00.000Z,1,2027-06-30T00:00:00.000Z,Argentina,TZV27,Argentina,Argentina,730760504.00,GOB USD-L ARG (TZV27),ARS,USD,100.00%,,,142900.00,142900.00,A3500,1429.00,,1.00,,,,1044256760216.00,1044256760216.00,360.00,483.00
2027-06-30T00:00:00.000Z,5,2027-06-30T00:00:00.000Z,Apache,AQ11L,Argentina,Argentina,3900000.00,COR USD Apache S1 C1 (AQ11L),USD,USD,,67.00%,1.13,,1.13,,,,1.00,6.75%,1.13%,43973.57,,43973.57,365.00,91.00
2027-06-30T00:00:00.000Z,16,2027-06-30T00:00:00.000Z,Argentina,AO27,Argentina,Argentina,2000370497.00,GOB USD ARG Bonar (AO27),USD,USD,,100.00%,0.50,,0.50,,,,1.00,6.00%,0.50%,10001852.49,,10001852.49,360.00,30.00
2027-06-30T00:00:00.000Z,15,2027-06-30T00:00:00.000Z,Argentina,AO28,Argentina,Argentina,1534369685.00,GOB USD ARG Bonar (AO28),USD,USD,,100.00%,0.50,,0.50,,,,1.00,6.00%,0.50%,7671848.42,,7671848.43,360.00,30.00
2027-06-30T00:00:00.000Z,13,2027-06-30T00:00:00.000Z,YPF,YMCIO,Nueva York,Estados Unidos,747833257.00,COR USD YPF C17 (YMCIO),USD,USD,14.29%,57.14%,3.21,14.29,17.50,,,,1.00,9.00%,3.21%,24037497.74,106833320.29,130870818.03,360.00,180.00
2027-07-02T00:00:00.000Z,8,2027-07-02T00:00:00.000Z,Telecom Argentina,TLCQO,Argentina,Argentina,50489739.00,COR USD Telecom C25 (TLCQO),USD,USD,100.00%,,1.87,100.00,101.87,,,,1.00,7.50%,1.87%,944088.96,50489739.00,51433827.96,365.00,91.00
2027-07-05T00:00:00.000Z,4,2027-07-04T00:00:00.000Z,Compañía Mega,EMC1O,Argentina,Argentina,59556688.00,COR USD Compañía Mega C1 (EMC1O),USD,USD,100.00%,,3.74,100.00,103.74,,,,1.00,7.50%,3.74%,2227256.96,59556688.00,61783944.96,365.00,182.00
2027-07-08T00:00:00.000Z,8,2027-07-08T00:00:00.000Z,Havanna Holding,HVS1O,Argentina,Argentina,18534790.00,COR USD Havanna S1 (HVS1O),USD,USD,,100.00%,2.18,,2.18,,,,1.00,8.75%,2.18%,404337.71,,404337.71,365.00,91.00
2027-07-12T00:00:00.000Z,14,2027-07-12T00:00:00.000Z,Aluar,LMS7O,Argentina,Estados Unidos,137898136.00,COR USD Aluar S7 (LMS7O),USD,USD,8.33%,41.69%,0.89,8.33,9.22,,,,1.00,7.00%,0.89%,1220503.46,11486914.73,12707418.19,360.00,91.00
2027-07-12T00:00:00.000Z,13,2027-07-09T00:00:00.000Z,Argentina,GD29,Nueva York,Estados Unidos,2620524000.00,GOB USD ARG Birad (GD29),USD,USD,10.00%,40.00%,0.25,10.00,10.25,,,,1.00,1.00%,0.25%,6551310.00,262052400.00,268603710.00,360.00,180.00
2027-07-12T00:00:00.000Z,13,2027-07-09T00:00:00.000Z,Argentina,GD30,Nueva York,Estados Unidos,13587430959.00,GOB USD ARG Birad (GD30),USD,USD,8.00%,48.00%,0.21,8.00,8.21,,,,1.00,0.75%,0.21%,28533605.01,1086994476.72,1115528081.73,360.00,180.00
2027-07-12T00:00:00.000Z,13,2027-07-09T00:00:00.000Z,Argentina,GD35,Nueva York,Estados Unidos,20436350000.00,GOB USD ARG Birad (GD35),USD,USD,,100.00%,2.06,,2.06,,,,1.00,4.13%,2.06%,421499718.75,,421499718.75,360.00,180.00
2027-07-12T00:00:00.000Z,13,2027-07-09T00:00:00.000Z,Argentina,GD38,Nueva York,Estados Unidos,10063292000.00,GOB USD ARG Birad (GD38),USD,USD,4.55%,95.45%,2.50,4.55,7.05,,,,1.00,5.00%,2.50%,251582300.00,457422363.64,709004663.64,360.00,180.00
2027-07-12T00:00:00.000Z,13,2027-07-09T00:00:00.000Z,Argentina,GD41,Nueva York,Estados Unidos,10482111279.00,GOB USD ARG Birad (GD41),USD,USD,,100.00%,1.75,,1.75,,,,1.00,3.50%,1.75%,183436947.38,,183436947.38,360.00,180.00
2027-07-12T00:00:00.000Z,13,2027-07-09T00:00:00.000Z,Argentina,GD46,Nueva York,Estados Unidos,2091997124.00,GOB USD ARG Birad (GD46),USD,USD,2.27%,86.36%,1.83,2.27,4.10,,,,1.00,4.13%,1.83%,38244323.01,47545389.18,85789712.19,360.00,180.00
2027-07-12T00:00:00.000Z,13,2027-07-09T00:00:00.000Z,Argentina,AE38,Argentina,Argentina,12324977546.00,GOB USD ARG Bonar (AE38),USD,USD,4.55%,95.45%,2.50,4.55,7.05,,,,1.00,5.00%,2.50%,308124438.65,560226308.11,868350746.76,360.00,180.00
2027-07-12T00:00:00.000Z,13,2027-07-09T00:00:00.000Z,Argentina,AL29,Argentina,Argentina,1394901484.00,GOB USD ARG Bonar (AL29),USD,USD,10.00%,40.00%,0.25,10.00,10.25,,,,1.00,1.00%,0.25%,3487253.71,139490148.40,142977402.11,360.00,180.00
2027-07-12T00:00:00.000Z,13,2027-07-09T00:00:00.000Z,Argentina,AL30,Argentina,Argentina,13102738119.00,GOB USD ARG Bonar (AL30),USD,USD,8.00%,48.00%,0.21,8.00,8.21,,,,1.00,0.75%,0.21%,27515750.05,1048219049.52,1075734799.57,360.00,180.00
2027-07-12T00:00:00.000Z,13,2027-07-09T00:00:00.000Z,Argentina,AL35,Argentina,Argentina,20243999549.00,GOB USD ARG Bonar (AL35),USD,USD,,100.00%,2.06,,2.06,,,,1.00,4.13%,2.06%,417532490.70,,417532490.70,360.00,180.00
2027-07-12T00:00:00.000Z,13,2027-07-09T00:00:00.000Z,Argentina,AL41,Argentina,Argentina,1542233749.00,GOB USD ARG Bonar (AL41),USD,USD,,100.00%,1.75,,1.75,,,,1.00,3.50%,1.75%,26989090.61,,26989090.61,360.00,180.00
2027-07-12T00:00:00.000Z,4,2027-07-11T00:00:00.000Z,Cresud,CS48O,Argentina,Argentina,43656188.00,COR USD Cresud C48 (CS48O),USD,USD,,100.00%,3.97,,3.97,,,,1.00,8.00%,3.97%,1731894.80,,1731894.80,365.00,181.00
2027-07-12T00:00:00.000Z,8,2027-07-09T00:00:00.000Z,Finanlease,FAS1M,Argentina,Argentina,3000000.00,COR USD Finanlease S1 (FAS1M),USD,USD,10.00%,40.00%,0.78,10.00,10.78,,,,1.00,9.00%,0.78%,23301.37,300000.00,323301.37,365.00,63.00
2027-07-12T00:00:00.000Z,9,2027-07-10T00:00:00.000Z,YPF,YMCYO,Argentina,Argentina,125000000.00,COR USD YPF C32 (YMCYO),USD,USD,,100.00%,1.62,,1.62,,,,1.00,6.50%,1.62%,2025684.93,,2025684.93,365.00,91.00
2027-07-14T00:00:00.000Z,4,2027-07-14T00:00:00.000Z,Profertil,PFC2O,Argentina,Argentina,54325110.00,COR USD Profertil C2 (PFC2O),USD,USD,100.00%,,3.60,100.00,103.60,,,,1.00,7.25%,3.60%,1953099.33,54325110.00,56278209.33,365.00,181.00
2027-07-14T00:00:00.000Z,8,2027-07-14T00:00:00.000Z,San Miguel,SNABO,Argentina,Argentina,1128461.00,COR USD San Miguel S10 CB (SNABO),USD,USD,5.00%,95.00%,3.97,5.00,8.97,,,,1.00,8.00%,3.97%,44767.44,56423.05,101190.49,365.00,181.00
2027-07-14T00:00:00.000Z,7,2027-07-14T00:00:00.000Z,San Miguel,SNSBO,Argentina,Argentina,5864584.00,COR USD San Miguel S11 (SNSBO),USD,USD,5.00%,95.00%,3.97,5.00,8.97,,,,1.00,8.00%,3.97%,232655.28,293229.20,525884.48,365.00,181.00
2027-07-14T00:00:00.000Z,5,2027-07-14T00:00:00.000Z,San Miguel,SNSDO,Argentina,Argentina,2924676.00,COR USD San Miguel S12 (SNSDO),USD,USD,5.00%,95.00%,3.97,5.00,8.97,,,,1.00,8.00%,3.97%,116025.50,146233.80,262259.30,365.00,181.00
2027-07-14T00:00:00.000Z,4,2027-07-14T00:00:00.000Z,San Miguel,SNEBO,Argentina,Argentina,47759471.00,COR USD San Miguel S13 CB (SNEBO),USD,USD,4.25%,80.75%,3.37,4.25,7.62,,,,1.00,8.00%,3.37%,1610475.53,2029777.52,3640253.05,365.00,181.00
2027-07-14T00:00:00.000Z,2,2027-07-14T00:00:00.000Z,YPF,YM43O,Argentina,Argentina,122146525.00,COR USD YPF C43 (YM43O),USD,USD,,100.00%,2.73,,2.73,,,,1.00,5.50%,2.73%,3331420.98,,3331420.98,365.00,181.00
2027-07-15T00:00:00.000Z,3,2027-07-15T00:00:00.000Z,Pan American Energy,PN43O,Nueva York,Estados Unidos,375000000.00,COR USD Pan American Energy C43 (PN43O),USD,USD,,100.00%,3.88,,3.88,,,,1.00,7.75%,3.88%,14531250.00,,14531250.00,360.00,180.00
2027-07-16T00:00:00.000Z,3,2027-07-16T00:00:00.000Z,John Deere,HJCKO,Argentina,Argentina,80000000.00,COR USD John Deere C19 (HJCKO),USD,USD,,100.00%,3.84,,3.84,,,,1.00,7.75%,3.84%,3074520.55,,3074520.55,365.00,181.00
2027-07-16T00:00:00.000Z,5,2027-07-16T00:00:00.000Z,Scania Credit Argentina,SBC2O,Argentina,Argentina,40979825.00,COR USD Scania Credit Argentina C2 (SBC2O),USD,USD,9.00%,55.00%,1.20,9.00,10.20,,,,1.00,7.49%,1.20%,489756.74,3688184.25,4177940.99,365.00,91.00
2027-07-19T00:00:00.000Z,5,2027-07-17T00:00:00.000Z,John Deere,HJCHO,Argentina,Argentina,50000000.00,COR USD John Deere C16 (HJCHO),USD,USD,,100.00%,3.49,,3.49,,,,1.00,7.00%,3.49%,1745205.48,,1745205.48,365.00,182.00
2027-07-19T00:00:00.000Z,8,2027-07-17T00:00:00.000Z,Otamerica Ebytem,OT41O,Argentina,Argentina,28306584.00,COR USD Oiltanking Ebytem S4 C1 (OT41O),USD,USD,,100.00%,1.75,,1.75,,,,1.00,7.00%,1.75%,494008.06,,494008.06,365.00,91.00
2027-07-19T00:00:00.000Z,8,2027-07-17T00:00:00.000Z,Otamerica Ebytem,OT42O,Argentina,Argentina,35231293.00,COR USD Oiltanking Ebytem S4 C2 (OT42O),USD,USD,,100.00%,1.99,,1.99,,,,1.00,8.00%,1.99%,702695.38,,702695.38,365.00,91.00
2027-07-19T00:00:00.000Z,6,2027-07-18T00:00:00.000Z,Telecom Argentina,TLCMO,Nueva York,Estados Unidos,817217000.00,COR USD Telecom C21 (TLCMO),USD,USD,,100.00%,4.75,,4.75,,,,1.00,9.50%,4.75%,38817807.50,,38817807.50,360.00,180.00
2027-07-19T00:00:00.000Z,7,2027-07-17T00:00:00.000Z,YPF,YMCUO,Nueva York,Estados Unidos,800000000.00,COR USD YPF C28 (YMCUO),USD,USD,10.00%,70.00%,3.80,10.00,13.80,,,,1.00,9.50%,3.80%,30400000.00,80000000.00,110400000.00,360.00,180.00
2027-07-19T00:00:00.000Z,3,2027-07-17T00:00:00.000Z,YPF,Y134O,Nueva York,Estados Unidos,,COR USD YPF C34 Adicionales (Y134O),USD,USD,,100.00%,4.13,,4.13,,,,1.00,8.25%,4.13%,,,,360.00,180.00
2027-07-19T00:00:00.000Z,5,2027-07-17T00:00:00.000Z,YPF,YM34O,Nueva York,Estados Unidos,1650000000.00,COR USD YPF C34 (YM34O),USD,USD,,100.00%,4.13,,4.13,,,,1.00,8.25%,4.13%,68062500.00,,68062500.00,360.00,180.00
2027-07-20T00:00:00.000Z,6,2027-07-20T00:00:00.000Z,Futuros y Opciones,FO4AO,Argentina,Argentina,20921198.00,COR USD Futuros y Opciones S4 CA (FO4AO),USD,USD,100.00%,,1.97,100.00,101.97,,,,1.00,7.90%,1.97%,412061.62,20921198.00,21333259.62,365.00,91.00
2027-07-20T00:00:00.000Z,3,2027-07-20T00:00:00.000Z,Telecom Argentina,TLCTO,Nueva York,Estados Unidos,600000000.00,COR USD Telecom Argentina C27 (TLCTO),USD,USD,,100.00%,4.25,,4.25,,,,1.00,8.50%,4.25%,25500000.00,,25500000.00,360.00,180.00
2027-07-21T00:00:00.000Z,4,2027-07-21T00:00:00.000Z,PCR,PQCTO,Argentina,Argentina,38916527.00,COR USD PCR CT (PQCTO),USD,USD,,100.00%,4.22,,4.22,,,,1.00,8.50%,4.22%,1640358.27,,1640358.27,365.00,181.00
2027-07-21T00:00:00.000Z,20,2027-07-21T00:00:00.000Z,YPF,YCAMO,Nueva York,Estados Unidos,643428000.00,COR USD YPF C53 (YCAMO),USD,USD,100.00%,,3.48,100.00,103.48,,,,1.00,6.95%,3.48%,22359123.00,643428000.00,665787123.00,360.00,180.00
2027-07-22T00:00:00.000Z,5,2027-07-22T00:00:00.000Z,Tecpetrol,TTCAO,Nueva York,Estados Unidos,400000000.00,COR USD Tecpetrol C10 (TTCAO),USD,USD,,100.00%,3.81,,3.81,,,,1.00,7.63%,3.81%,15250000.00,,15250000.00,360.00,180.00
2027-07-22T00:00:00.000Z,8,2027-07-22T00:00:00.000Z,YPF,YM38O,Argentina,Argentina,250000000.00,COR USD YPF C38 (YM38O),USD,USD,100.00%,,1.87,100.00,101.87,,,,1.00,7.50%,1.87%,4674657.53,250000000.00,254674657.53,365.00,91.00
2027-07-22T00:00:00.000Z,4,2027-07-22T00:00:00.000Z,YPF,YM39O,Argentina,Estados Unidos,224801688.00,COR USD YPF C39 (YM39O),USD,USD,,100.00%,4.34,,4.34,,,,1.00,8.75%,4.34%,9754237.63,,9754237.63,365.00,181.00
2027-07-23T00:00:00.000Z,5,2027-07-23T00:00:00.000Z,IRSA,IRCNO,Argentina,Argentina,15799810.00,COR USD IRSA C22 (IRCNO),USD,USD,,100.00%,2.85,,2.85,,,,1.00,5.75%,2.85%,450511.02,,450511.02,365.00,181.00
2027-07-23T00:00:00.000Z,5,2027-07-23T00:00:00.000Z,IRSA,IRCOO,Argentina,Argentina,51467822.00,COR USD IRSA C23 (IRCOO),USD,USD,,100.00%,3.60,,3.60,,,,1.00,7.25%,3.60%,1850373.96,,1850373.96,365.00,181.00
2027-07-23T00:00:00.000Z,3,2027-07-23T00:00:00.000Z,Loma Negra,LOC6O,Argentina,Argentina,60000000.00,COR USD Loma Negra C6 (LOC6O),USD,USD,,100.00%,3.22,,3.22,,,,1.00,6.50%,3.22%,1933972.60,,1933972.60,365.00,181.00
2027-07-23T00:00:00.000Z,6,2027-07-23T00:00:00.000Z,MSU,MSSFO,Argentina,Argentina,33500000.00,COR USD MSU S14 (MSSFO),USD,USD,100.00%,,3.72,100.00,103.72,,,,1.00,7.50%,3.72%,1245924.66,33500000.00,34745924.66,365.00,181.00
2027-07-26T00:00:00.000Z,4,2027-07-25T00:00:00.000Z,John Deere,HJCJO,Argentina,Argentina,56168000.00,COR USD John Deere C18 (HJCJO),USD,USD,100.00%,,4.24,100.00,104.24,,,,1.00,8.50%,4.24%,2380599.89,56168000.00,58548599.89,365.00,182.00
2027-07-26T00:00:00.000Z,4,2027-07-24T00:00:00.000Z,Loma Negra,LOC5O,Argentina,Argentina,112878134.00,COR USD Loma Negra C5 (LOC5O),USD,USD,100.00%,,4.01,100.00,104.01,,,,1.00,8.00%,4.01%,4527495.57,112878134.00,117405629.57,365.00,183.00
2027-07-26T00:00:00.000Z,6,2027-07-24T00:00:00.000Z,Transportadora de Gas del Sur,TSC3O,Nueva York,Estados Unidos,490000000.00,COR USD Transportadora de Gas del Sur C3 (TSC3O),USD,USD,,100.00%,4.25,,4.25,,,,1.00,8.50%,4.25%,20825000.00,,20825000.00,360.00,180.00
2027-07-27T00:00:00.000Z,7,2027-07-27T00:00:00.000Z,Vitalcan,VAC3P,Argentina,Argentina,3000000.00,COR USD Vitalcan C3 (VAC3P),USD,USD,33.00%,34.00%,1.59,33.00,34.59,,,,1.00,9.50%,1.59%,47606.71,990000.00,1037606.71,365.00,91.00
2027-07-28T00:00:00.000Z,3,2027-07-28T00:00:00.000Z,B. Macro,BACHO,Nueva York,Estados Unidos,400000000.00,COR USD B. Macro CH (BACHO),USD,USD,,100.00%,4.00,,4.00,,,,1.00,8.00%,4.00%,16000000.00,,16000000.00,360.00,180.00
2027-07-28T00:00:00.000Z,4,2027-07-28T00:00:00.000Z,Edemsa,OZC6O,Nueva York,Estados Unidos,150000000.00,COR USD Edemsa C6 (OZC6O),USD,USD,,100.00%,4.88,,4.88,,,,1.00,9.75%,4.88%,7312500.00,,7312500.00,360.00,180.00
2027-07-28T00:00:00.000Z,22,2027-07-28T00:00:00.000Z,Generación Litoral,GOC4O,Argentina,Argentina,14949364.00,COR USD Generación Litoral C4 (GOC4O),USD,USD,2.00%,94.00%,0.87,2.00,2.87,,,,1.00,11.00%,0.87%,129752.29,298987.28,428739.57,365.00,30.00
2027-07-28T00:00:00.000Z,5,2027-07-28T00:00:00.000Z,Ricardo Venturino,VES2L,Argentina,Argentina,7000000.00,COR USD Ricardo Venturino S2 (VES2L),USD,USD,,75.00%,1.12,,1.12,,,,1.00,5.97%,1.12%,78141.58,,78141.58,365.00,91.00
2027-07-29T00:00:00.000Z,6,2027-07-29T00:00:00.000Z,Mirgor,MIC4O,Argentina,Argentina,26497257.00,COR USD Mirgor C4 (MIC4O),USD,USD,100.00%,,2.06,100.00,102.06,,,,1.00,8.25%,2.06%,545008.65,26497257.00,27042265.65,365.00,91.00
2027-07-29T00:00:00.000Z,4,2027-07-29T00:00:00.000Z,Otamerica Ebytem,OTS6O,Argentina,Argentina,50000000.00,COR USD Otamerica Ebytem S6 (OTS6O),USD,USD,,100.00%,1.68,,1.68,,,,1.00,6.74%,1.68%,840191.78,,840191.78,365.00,91.00
2027-07-30T00:00:00.000Z,10,2027-07-30T00:00:00.000Z,360 Energy Solar,GYC4O,Argentina,Argentina,22278429.00,COR USD 360 Energy Solar C4 (GYC4O),USD,USD,,100.00%,1.99,,1.99,,,,1.00,8.00%,1.99%,444347.84,,444347.84,365.00,91.00
2027-07-30T00:00:00.000Z,17,2027-07-30T00:00:00.000Z,Argentina,AO27,Argentina,Argentina,2000370497.00,GOB USD ARG Bonar (AO27),USD,USD,,100.00%,0.50,,0.50,,,,1.00,6.00%,0.50%,10001852.49,,10001852.49,360.00,30.00
2027-07-30T00:00:00.000Z,16,2027-07-30T00:00:00.000Z,Argentina,AO28,Argentina,Argentina,1534369685.00,GOB USD ARG Bonar (AO28),USD,USD,,100.00%,0.50,,0.50,,,,1.00,6.00%,0.50%,7671848.42,,7671848.43,360.00,30.00
2027-07-30T00:00:00.000Z,6,2027-07-30T00:00:00.000Z,MSU Energy,RUCEO,Argentina,Argentina,59743617.00,COR USD MSU Energy C13 (RUCEO),USD,USD,50.00%,50.00%,1.87,50.00,51.87,,,,1.00,7.50%,1.87%,1117123.80,29871808.50,30988932.30,365.00,91.00
2027-07-30T00:00:00.000Z,4,2027-07-30T00:00:00.000Z,Pluspetrol,PLC3O,Argentina,Argentina,90722914.00,COR USD Pluspetrol C3 (PLC3O),USD,USD,,100.00%,3.60,,3.60,,,,1.00,7.25%,3.60%,3261675.18,,3261675.18,365.00,181.00
2027-08-02T00:00:00.000Z,23,2027-08-01T00:00:00.000Z,AA 2000,AER4O,Nueva York,Estados Unidos,62016667.00,COR USD AA 2000 (AER4O),USD,USD,4.44%,51.16%,1.31,4.44,5.75,,,,1.00,9.50%,1.31%,809830.86,2753540.01,3563370.88,360.00,89.00
2027-08-02T00:00:00.000Z,23,2027-08-01T00:00:00.000Z,AA 2000,ARC1O,Nueva York,Estados Unidos,272949631.00,COR USD AA 2000 (ARC1O),USD,USD,4.23%,85.83%,1.89,4.23,6.12,,,,1.00,8.50%,1.89%,5165738.99,11545496.44,16711235.44,360.00,89.00
2027-08-02T00:00:00.000Z,4,2027-07-31T00:00:00.000Z,Arcor,RC1CO,Nueva York,Estados Unidos,350000000.00,COR USD Arcor C1 (RC1CO),USD,USD,,100.00%,3.80,,3.80,,,,1.00,7.60%,3.80%,13300000.00,,13300000.00,360.00,180.00
2027-08-02T00:00:00.000Z,9,2027-08-01T00:00:00.000Z,Otamerica Ebytem,OTS3O,Argentina,Argentina,35529895.00,COR USD Oiltanking Ebytem S3 (OTS3O),USD,USD,,100.00%,1.76,,1.76,,,,1.00,7.00%,1.76%,626883.63,,626883.63,365.00,92.00
2027-08-04T00:00:00.000Z,10,2027-08-04T00:00:00.000Z,Ledesma,LDCGO,Argentina,Argentina,31092846.00,COR USD Ledesma C15 (LDCGO),USD,USD,,100.00%,1.76,,1.76,,,,1.00,7.00%,1.76%,548597.06,,548597.06,365.00,92.00
2027-08-05T00:00:00.000Z,6,2027-08-05T00:00:00.000Z,Edenor,DNC5O,Argentina,Argentina,81920187.00,COR USD Edenor C5 (DNC5O),USD,USD,,100.00%,4.71,,4.71,,,,1.00,9.50%,4.71%,3859226.34,,3859226.34,365.00,181.00
2027-08-06T00:00:00.000Z,3,2027-08-06T00:00:00.000Z,B. Comafi,AFCKO,Argentina,Argentina,7035509.00,COR USD B. Comafi C19 (AFCKO),USD,USD,,100.00%,3.47,,3.47,,,,1.00,7.00%,3.47%,244218.90,,244218.90,365.00,181.00
2027-08-06T00:00:00.000Z,3,2027-08-06T00:00:00.000Z,B. Comafi,AFCLO,Argentina,Estados Unidos,30544114.00,COR USD B. Comafi C20 (AFCLO),USD,USD,100.00%,,2.60,100.00,102.60,,,,1.00,5.25%,2.60%,795193.00,30544114.00,31339307.00,365.00,181.00
2027-08-06T00:00:00.000Z,4,2027-08-06T00:00:00.000Z,Pampa Energia,MGCQO,Argentina,Estados Unidos,104633623.00,COR USD Pampa Energía C25 (MGCQO),USD,USD,,100.00%,3.60,,3.60,,,,1.00,7.25%,3.60%,3761793.75,,3761793.75,365.00,181.00
2027-08-09T00:00:00.000Z,3,2027-08-09T00:00:00.000Z,CNH,CICBO,Argentina,Argentina,46506336.00,COR USD CNH C11 (CICBO),USD,USD,,100.00%,3.72,,3.72,,,,1.00,7.50%,3.72%,1729653.46,,1729653.46,365.00,181.00
2027-08-10T00:00:00.000Z,10,2027-08-10T00:00:00.000Z,Fiplasto,FPC1O,Argentina,Argentina,1366225.00,COR USD Fiplasto C1 (FPC1O),USD,USD,,100.00%,1.51,,1.51,,,,1.00,6.00%,1.51%,20661.81,,20661.81,365.00,92.00
2027-08-11T00:00:00.000Z,5,2027-08-11T00:00:00.000Z,Pan American Energy,PN38O,Argentina,Estados Unidos,120000000.00,COR USD Pan American Energy C38 (PN38O),USD,USD,100.00%,,3.22,100.00,103.22,,,,1.00,6.50%,3.22%,3867945.21,120000000.00,123867945.21,365.00,181.00
2027-08-13T00:00:00.000Z,5,2027-08-13T00:00:00.000Z,Agronorte,ORS1L,Argentina,Argentina,7500000.00,COR USD Agronorte S1 (ORS1L),USD,USD,,80.00%,1.20,,1.20,,,,1.00,5.95%,1.20%,89983.56,,89983.56,365.00,92.00
2027-08-18T00:00:00.000Z,5,2027-08-17T00:00:00.000Z,PCR,PQCSO,Argentina,Argentina,65000000.00,COR USD PCR CS (PQCSO),USD,USD,,100.00%,3.99,,3.99,,,,1.00,8.00%,3.99%,2592876.71,,2592876.71,365.00,182.00
2027-08-23T00:00:00.000Z,3,2027-08-23T00:00:00.000Z,Oleoductos del Valle,OLC7O,Argentina,Argentina,110000000.00,COR USD Oleoductos del Valle C7 (OLC7O),USD,USD,,100.00%,3.42,,3.42,,,,1.00,6.90%,3.42%,3763808.22,,3763808.22,365.00,181.00
2027-08-23T00:00:00.000Z,9,2027-08-22T00:00:00.000Z,YPF Luz,YFCLO,Argentina,Argentina,50981768.00,COR USD YPF Luz C20 (YFCLO),USD,USD,,100.00%,1.69,,1.69,,,,1.00,6.75%,1.69%,860317.34,,860317.34,360.00,90.00
2027-08-25T00:00:00.000Z,8,2027-08-25T00:00:00.000Z,Capex,CAC5O,Nueva York,Estados Unidos,188801600.00,COR USD Capex C5 (CAC5O),USD,USD,12.50%,25.00%,1.73,12.50,14.23,,,,1.00,9.25%,1.73%,3274527.75,23600200.00,26874727.75,360.00,180.00
2027-08-25T00:00:00.000Z,4,2027-08-25T00:00:00.000Z,Central Puerto,NPCCO,Argentina,Estados Unidos,89067309.00,COR USD Central Puerto CC (NPCCO),USD,USD,,100.00%,3.97,,3.97,,,,1.00,8.00%,3.97%,3533409.96,,3533409.96,365.00,181.00
2027-08-25T00:00:00.000Z,2,2027-08-25T00:00:00.000Z,Tango Energy Argentina,PECNO,Argentina,Argentina,61752582.00,COR USD Tango Energy Argentina C22 (PECNO),USD,USD,,100.00%,3.00,,3.00,,,,1.00,3.00%,3.00%,1852577.46,,1852577.46,365.00,365.00
2027-08-25T00:00:00.000Z,2,2027-08-25T00:00:00.000Z,Tango Energy Argentina,PECOO,Argentina,Argentina,3390726.00,COR USD Tango Energy Argentina C23 (PECOO),USD,USD,,100.00%,3.00,,3.00,,,,1.00,3.00%,3.00%,101721.78,,101721.78,365.00,365.00
2027-08-26T00:00:00.000Z,4,2027-08-26T00:00:00.000Z,B. Supervielle,BPCTO,Argentina,Argentina,5013156.00,COR USD B. Supervielle CT (BPCTO),USD,USD,100.00%,,3.97,100.00,103.97,,,,1.00,8.00%,3.97%,198878.08,5013156.00,5212034.08,365.00,181.00
2027-08-26T00:00:00.000Z,3,2027-08-26T00:00:00.000Z,Luz de Tres Picos,LUC5O,Argentina,Argentina,49624241.00,COR USD Luz de Tres Picos C5 (LUC5O),USD,USD,,100.00%,3.97,,3.97,,,,1.00,8.00%,3.97%,1968654.82,,1968654.82,365.00,181.00
2027-08-26T00:00:00.000Z,7,2027-08-26T00:00:00.000Z,Madero Harbour,HA11M,Argentina,Argentina,4030000.00,COR USD Madero Harbour S1 C1 (HA11M),USD,USD,25.00%,25.00%,1.26,25.00,26.26,,,,1.00,10.00%,1.26%,50789.04,1007500.00,1058289.04,365.00,92.00
2027-08-26T00:00:00.000Z,4,2027-08-26T00:00:00.000Z,Scania Credit Argentina,SBC3O,Argentina,Argentina,26971883.00,COR USD Scania Credit Argentina C3 (SBC3O),USD,USD,9.00%,64.00%,1.20,9.00,10.20,,,,1.00,6.50%,1.20%,322583.72,2427469.47,2750053.19,365.00,92.00
2027-08-27T00:00:00.000Z,3,2027-08-27T00:00:00.000Z,BBVA Argentina,BF40O,Argentina,Argentina,36503161.00,COR USD BBVA Argentina C40 (BF40O),USD,USD,100.00%,,2.48,100.00,102.48,,,,1.00,5.00%,2.48%,905078.38,36503161.00,37408239.38,365.00,181.00
2027-08-27T00:00:00.000Z,4,2027-08-27T00:00:00.000Z,Pan American Energy,PN41O,Argentina,Argentina,85939129.00,COR USD Pan American Energy C41 (PN41O),USD,USD,,100.00%,3.72,,3.72,,,,1.00,7.50%,3.72%,3196229.25,,3196229.25,365.00,181.00
2027-08-30T00:00:00.000Z,8,2027-08-30T00:00:00.000Z,AES Argentina,AEC2O,Nueva York,Estados Unidos,121990601.00,COR USD AES C2 (AEC2O),USD,USD,25.00%,,1.19,25.00,26.19,,,,1.00,9.50%,1.19%,1448638.39,30497650.25,31946288.64,360.00,180.00
2027-08-30T00:00:00.000Z,5,2027-08-29T00:00:00.000Z,Del Fabro,DFS1L,Argentina,Argentina,5000000.00,COR USD Del Fabro S1 (DFS1L),USD,USD,,80.00%,1.36,,1.36,,,,1.00,6.74%,1.36%,67953.97,,67953.97,365.00,92.00
2027-08-30T00:00:00.000Z,5,2027-08-29T00:00:00.000Z,Diransa,DIC2L,Argentina,Argentina,3000000.00,COR USD Diransa C2 (DIC2L),USD,USD,,75.00%,1.13,,1.13,,,,1.00,5.99%,1.13%,33970.68,,33970.68,365.00,92.00
2027-08-30T00:00:00.000Z,23,2027-08-28T00:00:00.000Z,Generación Litoral,GOC4O,Argentina,Argentina,14949364.00,COR USD Generación Litoral C4 (GOC4O),USD,USD,2.00%,92.00%,0.93,2.00,2.93,,,,1.00,11.00%,0.93%,139754.03,298987.28,438741.31,365.00,33.00
2027-08-30T00:00:00.000Z,5,2027-08-28T00:00:00.000Z,Mirgor,MIC6O,Argentina,Argentina,22382970.00,COR USD Mirgor C6 (MIC6O),USD,USD,,100.00%,2.02,,2.02,,,,1.00,8.00%,2.02%,451338.79,,451338.79,365.00,92.00
2027-08-30T00:00:00.000Z,5,2027-08-28T00:00:00.000Z,Petroleos Sudamericanos,PUC2O,Argentina,Argentina,9158045.00,COR USD Petroleos Sudamericanos C2 (PUC2O),USD,USD,100.00%,,4.39,100.00,104.39,,,,1.00,8.75%,4.39%,401762.18,9158045.00,9559807.18,365.00,183.00
2027-08-30T00:00:00.000Z,11,2027-08-28T00:00:00.000Z,Rizobacter,RZABO,Argentina,Argentina,3315602.00,COR USD Rizobacter S10 CB (RZABO),USD,USD,,100.00%,2.06,,2.06,,,,1.00,8.00%,2.06%,68310.49,,68310.49,365.00,94.00
2027-08-30T00:00:00.000Z,8,2027-08-28T00:00:00.000Z,YPF,YM40O,Argentina,Argentina,51383412.00,COR USD YPF C40 (YM40O),USD,USD,,100.00%,1.89,,1.89,,,,1.00,7.50%,1.89%,971357.65,,971357.65,365.00,92.00
2027-08-31T00:00:00.000Z,1,2027-08-31T00:00:00.000Z,Argentina,TMG27,Argentina,Argentina,1950738988456.00,GOB ARS ARG Tamar (TMG27),ARS,ARS,100.00%,,48.30,100.00,148.30,Tamar,,,1.00,28.16%,48.30%,942265453593.90,1950738988456.00,2893004442049.90,360.00,510.00
2027-08-31T00:00:00.000Z,18,2027-08-31T00:00:00.000Z,Argentina,AO27,Argentina,Argentina,2000370497.00,GOB USD ARG Bonar (AO27),USD,USD,,100.00%,0.50,,0.50,,,,1.00,6.00%,0.50%,10001852.49,,10001852.49,360.00,30.00
2027-08-31T00:00:00.000Z,17,2027-08-31T00:00:00.000Z,Argentina,AO28,Argentina,Argentina,1534369685.00,GOB USD ARG Bonar (AO28),USD,USD,,100.00%,0.50,,0.50,,,,1.00,6.00%,0.50%,7671848.42,,7671848.43,360.00,30.00
2027-09-02T00:00:00.000Z,4,2027-09-02T00:00:00.000Z,Cresud,CS49O,Argentina,Argentina,31306845.00,COR USD Cresud C49 (CS49O),USD,USD,100.00%,,3.65,100.00,103.65,,,,1.00,7.25%,3.65%,1144200.86,31306845.00,32451045.86,365.00,184.00
2027-09-03T00:00:00.000Z,5,2027-09-03T00:00:00.000Z,Fortecar,FCS1M,Argentina,Argentina,4200000.00,COR USD Fortecar S1 (FCS1M),USD,USD,20.00%,60.00%,1.61,20.00,21.61,,,,1.00,8.00%,1.61%,67752.33,840000.00,907752.33,365.00,92.00
2027-09-03T00:00:00.000Z,6,2027-09-03T00:00:00.000Z,Plaza Logistica,ZPC3O,Argentina,Argentina,21786372.00,COR USD Plaza Logística C3 (ZPC3O),USD,USD,100.00%,,2.14,100.00,102.14,,,,1.00,8.50%,2.14%,466765.56,21786372.00,22253137.56,365.00,92.00
2027-09-06T00:00:00.000Z,7,2027-09-05T00:00:00.000Z,360 Energy Solar,GYC5O,Argentina,Argentina,15000000.00,COR USD 360 Energy Solar C5 (GYC5O),USD,USD,100.00%,,2.23,100.00,102.23,,,,1.00,8.75%,2.23%,334417.81,15000000.00,15334417.81,365.00,93.00
2027-09-06T00:00:00.000Z,5,2027-09-05T00:00:00.000Z,Genneia,GN48O,Argentina,Argentina,27760264.00,COR USD Genneia C48 (GN48O),USD,USD,,100.00%,3.28,,3.28,,,,1.00,6.50%,3.28%,909623.99,,909623.99,365.00,184.00
2027-09-06T00:00:00.000Z,10,2027-09-04T00:00:00.000Z,Plaza Logistica,PZCGO,Argentina,Argentina,9587538.00,COR USD Plaza Logistica C15 (PZCGO),USD,USD,,100.00%,1.75,,1.75,,,,1.00,7.00%,1.75%,167781.92,,167781.92,360.00,90.00
2027-09-06T00:00:00.000Z,7,2027-09-05T00:00:00.000Z,Scania Credit Argentina,SBC1O,Argentina,Argentina,40000000.00,COR USD Scania Credit Argentina C1 (SBC1O),USD,USD,16.00%,,0.36,16.00,16.36,,,,1.00,8.75%,0.36%,142684.93,6400000.00,6542684.93,365.00,93.00
2027-09-06T00:00:00.000Z,3,2027-09-05T00:00:00.000Z,Telecom Argentina,TLCUO,Argentina,Argentina,81329886.00,COR USD Telecom Argentina C28 (TLCUO),USD,USD,,100.00%,3.28,,3.28,,,,1.00,6.50%,3.28%,2664946.40,,2664946.40,365.00,184.00
2027-09-07T00:00:00.000Z,5,2027-09-07T00:00:00.000Z,Vista Energy Argentina,VSCUO,Argentina,Estados Unidos,92413570.00,COR USD Vista Energy Argentina C28 (VSCUO),USD,USD,,100.00%,3.78,,3.78,,,,1.00,7.50%,3.78%,3493992.51,,3493992.51,365.00,184.00
2027-09-09T00:00:00.000Z,6,2027-09-09T00:00:00.000Z,CGC,CP40O,Argentina,Argentina,55197497.00,COR USD CGC C40 (CP40O),USD,USD,,100.00%,2.39,,2.39,,,,1.00,9.50%,2.39%,1321715.41,,1321715.41,365.00,92.00
2027-09-09T00:00:00.000Z,9,2027-09-09T00:00:00.000Z,Finanlease,FAS1M,Argentina,Argentina,3000000.00,COR USD Finanlease S1 (FAS1M),USD,USD,10.00%,30.00%,0.58,10.00,10.58,,,,1.00,9.00%,0.58%,17457.53,300000.00,317457.53,365.00,59.00
2027-09-10T00:00:00.000Z,3,2027-09-10T00:00:00.000Z,Cresud,CS50O,Argentina,Argentina,70381079.00,COR USD Cresud S34 C50 (CS50O),USD,USD,,100.00%,3.65,,3.65,,,,1.00,7.25%,3.65%,2572283.82,,2572283.82,365.00,184.00
2027-09-10T00:00:00.000Z,6,2027-09-10T00:00:00.000Z,Pampa Energia,MGCMO,Nueva York,Estados Unidos,410000000.00,COR USD Pampa Energia C21 (MGCMO),USD,USD,,100.00%,3.98,,3.98,,,,1.00,7.95%,3.98%,16297500.00,,16297500.00,360.00,180.00
2027-09-10T00:00:00.000Z,5,2027-09-10T00:00:00.000Z,Pecom Servicios Energia,MCC1O,Argentina,Argentina,29887257.00,COR USD Pecom Servicios Energia C1 (MCC1O),USD,USD,,100.00%,3.98,,3.98,,,,1.00,7.90%,3.98%,1190249.77,,1190249.77,365.00,184.00
2027-09-13T00:00:00.000Z,4,2027-09-11T00:00:00.000Z,YPF,YM1XO,Nueva York,Estados Unidos,,COR USD YPF C31 (YM1XO),USD,USD,,100.00%,4.38,,4.38,,,,1.00,8.75%,4.38%,,,,360.00,180.00
2027-09-13T00:00:00.000Z,6,2027-09-11T00:00:00.000Z,YPF,YMCXO,Nueva York,Estados Unidos,1040649400.00,COR USD YPF C31 (YMCXO),USD,USD,,100.00%,4.38,,4.38,,,,1.00,8.75%,4.38%,45528411.25,,45528411.25,360.00,180.00
2027-09-15T00:00:00.000Z,5,2027-09-15T00:00:00.000Z,YPF Luz,YFCOO,Argentina,Argentina,45021217.00,COR USD YPF Luz C23 (YFCOO),USD,USD,,100.00%,1.69,,1.69,,,,1.00,6.75%,1.69%,759733.04,,759733.04,360.00,90.00
2027-09-17T00:00:00.000Z,9,2027-09-17T00:00:00.000Z,Capex,CACBO,Argentina,Argentina,45097020.00,COR USD Capex C11 (CACBO),USD,USD,,100.00%,1.95,,1.95,,,,1.00,7.75%,1.95%,880936.31,,880936.31,365.00,92.00
2027-09-20T00:00:00.000Z,6,2027-09-20T00:00:00.000Z,Hector A. Bertone,EH13M,Argentina,Argentina,903544.00,COR USD Hector A. Bertone S1 C3 (EH13M),USD,USD,34.00%,,0.85,34.00,34.85,,,,1.00,10.00%,0.85%,7659.08,307204.96,314864.04,365.00,91.00
2027-09-21T00:00:00.000Z,8,2027-09-21T00:00:00.000Z,Hattrick Energy,HT11M,Argentina,Argentina,7000000.00,COR USD Hattrick Energy S1 C1 (HT11M),USD,USD,9.09%,36.37%,1.09,9.09,10.18,,,,1.00,9.50%,1.09%,76198.43,636300.00,712498.43,365.00,92.00
2027-09-27T00:00:00.000Z,6,2027-09-27T00:00:00.000Z,Pan American Energy,PN34O,Argentina,Argentina,23055471.00,COR USD Pan American Energy C34 (PN34O),USD,USD,100.00%,,2.51,100.00,102.51,,,,1.00,4.97%,2.51%,577637.46,23055471.00,23633108.46,365.00,184.00
2027-09-27T00:00:00.000Z,6,2027-09-27T00:00:00.000Z,Pan American Energy,PN35O,Argentina,Argentina,176944529.00,COR USD Pan American Energy C35 (PN35O),USD,USD,,100.00%,3.53,,3.53,,,,1.00,7.00%,3.53%,6243960.37,,6243960.37,365.00,184.00
2027-09-28T00:00:00.000Z,24,2027-09-28T00:00:00.000Z,Generación Litoral,GOC4O,Argentina,Argentina,14949364.00,COR USD Generación Litoral C4 (GOC4O),USD,USD,2.00%,90.00%,0.80,2.00,2.80,,,,1.00,11.00%,0.80%,120201.08,298987.28,419188.36,365.00,29.00
2027-09-30T00:00:00.000Z,47,2027-09-30T00:00:00.000Z,Argentina,PAP0,Argentina,Argentina,11245518.00,GOB ARS ARG Boncer (PAP0),ARS,ARS,,100.00%,473.94,,473.94,CER,,535.52,1.00,1.77%,0.89%,53296866.32,,53296866.32,360.00,180.00
2027-09-30T00:00:00.000Z,47,2027-09-30T00:00:00.000Z,Argentina,PARP,Argentina,Argentina,2858331172.00,GOB ARS ARG Boncer (PARP),ARS,ARS,,100.00%,473.94,,473.94,CER,,535.52,1.00,1.77%,0.89%,13546738741.60,,13546738741.60,360.00,180.00
2027-09-30T00:00:00.000Z,1,2027-09-30T00:00:00.000Z,Argentina,TZXS7,Argentina,Argentina,3259203345646.00,GOB ARS ARG Boncer (TZXS7),ARS,ARS,100.00%,,,107.77,107.77,CER,,1.08,1.00,,,,3512443445602.69,3512443445602.69,360.00,540.00
2027-09-30T00:00:00.000Z,6,2027-09-30T00:00:00.000Z,Apache,AQ11L,Argentina,Argentina,3900000.00,COR USD Apache S1 C1 (AQ11L),USD,USD,33.00%,34.00%,1.14,33.00,34.14,,,,1.00,6.75%,1.14%,44456.79,1287000.00,1331456.79,365.00,92.00
2027-09-30T00:00:00.000Z,19,2027-09-30T00:00:00.000Z,Argentina,AO27,Argentina,Argentina,2000370497.00,GOB USD ARG Bonar (AO27),USD,USD,,100.00%,0.50,,0.50,,,,1.00,6.00%,0.50%,10001852.49,,10001852.49,360.00,30.00
2027-09-30T00:00:00.000Z,18,2027-09-30T00:00:00.000Z,Argentina,AO28,Argentina,Argentina,1534369685.00,GOB USD ARG Bonar (AO28),USD,USD,,100.00%,0.50,,0.50,,,,1.00,6.00%,0.50%,7671848.42,,7671848.43,360.00,30.00
2027-09-30T00:00:00.000Z,37,2027-09-30T00:00:00.000Z,Argentina,PAY0,Nueva York,Estados Unidos,35014186.00,GOB USD ARG (PAY0),USD,USD,,100.00%,1.88,,1.88,,,,1.00,3.75%,1.88%,656515.99,,656515.99,360.00,180.00
2027-09-30T00:00:00.000Z,5,2027-09-30T00:00:00.000Z,IRSA,IRCPO,Nueva York,Estados Unidos,480454198.00,COR USD IRSA C24 (IRCPO),USD,USD,,100.00%,4.00,,4.00,,,,1.00,8.00%,4.00%,19218167.92,,19218167.92,360.00,180.00
2027-09-30T00:00:00.000Z,14,2027-09-30T00:00:00.000Z,YPF,YMCJO,Nueva York,Estados Unidos,575649021.00,COR USD YPF C18 (YMCJO),USD,USD,,100.00%,3.50,,3.50,,,,1.00,7.00%,3.50%,20147715.74,,20147715.74,360.00,180.00
2027-10-01T00:00:00.000Z,3,2027-10-01T00:00:00.000Z,Pampa Energia,MGCTO,Argentina,Argentina,200000000.00,COR USD Pampa Energia C27 (MGCTO),USD,USD,,100.00%,2.75,,2.75,,,,1.00,5.49%,2.75%,5505041.10,,5505041.10,365.00,183.00
2027-10-04T00:00:00.000Z,4,2027-10-03T00:00:00.000Z,Inversora Juramento,JNC6O,Argentina,Argentina,30000000.00,COR USD Inversora Juramento C6 (JNC6O),USD,USD,100.00%,,4.54,100.00,104.54,,,,1.00,9.00%,4.54%,1361095.89,30000000.00,31361095.89,365.00,184.00
2027-10-04T00:00:00.000Z,11,2027-10-04T00:00:00.000Z,Ledesma,LDCGO,Argentina,Argentina,31092846.00,COR USD Ledesma C15 (LDCGO),USD,USD,100.00%,,1.17,100.00,101.17,,,,1.00,7.00%,1.17%,363743.71,31092846.00,31456589.71,365.00,61.00
2027-10-04T00:00:00.000Z,6,2027-10-04T00:00:00.000Z,Pampa Energia,MGCNO,Argentina,Argentina,83977835.00,COR USD Pampa Energia C22 (MGCNO),USD,USD,,100.00%,2.88,,2.88,,,,1.00,5.75%,2.88%,2420977.45,,2420977.45,365.00,183.00
2027-10-06T00:00:00.000Z,3,2027-10-06T00:00:00.000Z,Tropfen,OFS1L,Argentina,Argentina,1000000.00,COR USD Tropfen S1 (OFS1L),USD,USD,20.00%,60.00%,2.79,20.00,22.79,,,,1.00,6.95%,2.79%,27876.16,200000.00,227876.16,365.00,183.00
2027-10-08T00:00:00.000Z,9,2027-10-08T00:00:00.000Z,Havanna Holding,HVS1O,Argentina,Argentina,18534790.00,COR USD Havanna S1 (HVS1O),USD,USD,,100.00%,2.21,,2.21,,,,1.00,8.75%,2.21%,408780.98,,408780.98,365.00,92.00
2027-10-08T00:00:00.000Z,3,2027-10-08T00:00:00.000Z,Vista Energy Argentina,VSCXO,Nueva York,Estados Unidos,500000000.00,COR USD Vista Energy Argentina C31 (VSCXO),USD,USD,,100.00%,3.94,,3.94,,,,1.00,7.88%,3.94%,19687500.00,,19687500.00,360.00,180.00
2027-10-11T00:00:00.000Z,3,2027-10-09T00:00:00.000Z,Akron,AXS1M,Argentina,Argentina,2000000.00,COR USD Akron S1 (AXS1M),USD,USD,25.00%,75.00%,4.26,25.00,29.26,,,,1.00,8.50%,4.26%,85232.88,500000.00,585232.88,365.00,183.00
2027-10-11T00:00:00.000Z,6,2027-10-10T00:00:00.000Z,B. Galicia,BYCHO,Nueva York,Estados Unidos,325000000.00,COR USD B. Galicia C16 (BYCHO),USD,USD,,100.00%,3.88,,3.88,,,,1.00,7.75%,3.88%,12593750.00,,12593750.00,360.00,180.00
2027-10-11T00:00:00.000Z,6,2027-10-10T00:00:00.000Z,CGC,CP36O,Argentina,Argentina,40060771.00,COR USD CGC C36 (CP36O),USD,USD,100.00%,,3.28,100.00,103.28,,,,1.00,6.50%,3.28%,1312676.22,40060771.00,41373447.22,365.00,184.00
2027-10-11T00:00:00.000Z,6,2027-10-10T00:00:00.000Z,Vista Energy Argentina,VSCRO,Argentina,Estados Unidos,150000000.00,COR USD Vista Energy Argentina C26 (VSCRO),USD,USD,,100.00%,3.84,,3.84,,,,1.00,7.65%,3.84%,5753219.18,,5753219.18,365.00,183.00
2027-10-11T00:00:00.000Z,10,2027-10-10T00:00:00.000Z,YPF,YMCYO,Argentina,Argentina,125000000.00,COR USD YPF C32 (YMCYO),USD,USD,,100.00%,1.64,,1.64,,,,1.00,6.50%,1.64%,2047945.21,,2047945.21,365.00,92.00
2027-10-11T00:00:00.000Z,6,2027-10-10T00:00:00.000Z,YPF,YMCZO,Argentina,Estados Unidos,25000000.00,COR USD YPF C33 (YMCZO),USD,USD,,100.00%,3.51,,3.51,,,,1.00,7.00%,3.51%,877397.26,,877397.26,365.00,183.00
2027-10-13T00:00:00.000Z,15,2027-10-12T00:00:00.000Z,Aluar,LMS7O,Argentina,Estados Unidos,137898136.00,COR USD Aluar S7 (LMS7O),USD,USD,8.33%,33.36%,0.75,8.33,9.08,,,,1.00,7.00%,0.75%,1028427.44,11486914.73,12515342.17,360.00,92.00
2027-10-18T00:00:00.000Z,6,2027-10-17T00:00:00.000Z,Genneia,GN47O,Argentina,Argentina,48349695.00,COR USD Genneia C47 (GN47O),USD,USD,,100.00%,3.01,,3.01,,,,1.00,6.00%,3.01%,1454464.80,,1454464.80,365.00,183.00
2027-10-18T00:00:00.000Z,5,2027-10-16T00:00:00.000Z,MSU,MSSGO,Argentina,Argentina,34876339.00,COR USD MSU S15 (MSSGO),USD,USD,,100.00%,4.26,,4.26,,,,1.00,8.50%,4.26%,1486305.35,,1486305.35,365.00,183.00
2027-10-18T00:00:00.000Z,9,2027-10-17T00:00:00.000Z,Otamerica Ebytem,OT41O,Argentina,Argentina,28306584.00,COR USD Oiltanking Ebytem S4 C1 (OT41O),USD,USD,,100.00%,1.76,,1.76,,,,1.00,7.00%,1.76%,499436.71,,499436.71,365.00,92.00
2027-10-18T00:00:00.000Z,9,2027-10-17T00:00:00.000Z,Otamerica Ebytem,OT42O,Argentina,Argentina,35231293.00,COR USD Oiltanking Ebytem S4 C2 (OT42O),USD,USD,,100.00%,2.02,,2.02,,,,1.00,8.00%,2.02%,710417.31,,710417.31,365.00,92.00
2027-10-18T00:00:00.000Z,6,2027-10-16T00:00:00.000Z,Scania Credit Argentina,SBC2O,Argentina,Argentina,40979825.00,COR USD Scania Credit Argentina C2 (SBC2O),USD,USD,9.00%,46.00%,1.04,9.00,10.04,,,,1.00,7.49%,1.04%,425509.80,3688184.25,4113694.05,365.00,92.00
2027-10-18T00:00:00.000Z,4,2027-10-16T00:00:00.000Z,Tecpetrol,TTCBO,Argentina,Argentina,114452024.00,COR USD Tecpetrol C11 (TTCBO),USD,USD,100.00%,,3.29,100.00,103.29,,,,1.00,6.50%,3.29%,3770645.45,114452024.00,118222669.45,365.00,185.00
2027-10-18T00:00:00.000Z,6,2027-10-16T00:00:00.000Z,YPF Luz,YFCJO,Nueva York,Estados Unidos,420000000.00,COR USD YPF Luz C18 (YFCJO),USD,USD,,100.00%,3.94,,3.94,,,,1.00,7.88%,3.94%,16537500.00,,16537500.00,360.00,180.00
2027-10-21T00:00:00.000Z,6,2027-10-21T00:00:00.000Z,John Deere,HJCGO,Argentina,Argentina,16405232.00,COR USD John Deere C15 (HJCGO),USD,USD,,100.00%,3.26,,3.26,,,,1.00,6.50%,3.26%,534630.78,,534630.78,365.00,183.00
2027-10-22T00:00:00.000Z,6,2027-10-22T00:00:00.000Z,PCR,PQCRO,Argentina,Argentina,46018072.00,COR USD PCR CR (PQCRO),USD,USD,,100.00%,3.38,,3.38,,,,1.00,6.75%,3.38%,1557365.03,,1557365.03,365.00,183.00
2027-10-25T00:00:00.000Z,3,2027-10-24T00:00:00.000Z,B. Comafi,AFCOO,Argentina,Estados Unidos,13016076.00,COR USD B. Comafi C23 (AFCOO),USD,USD,100.00%,,1.76,100.00,101.76,,,,1.00,3.50%,1.76%,229653.51,13016076.00,13245729.51,365.00,184.00
2027-10-25T00:00:00.000Z,6,2027-10-24T00:00:00.000Z,Edenor,DNC7O,Nueva York,Estados Unidos,300000000.00,COR USD Edenor C7 (DNC7O),USD,USD,,100.00%,4.88,,4.88,,,,1.00,9.75%,4.88%,14625000.00,,14625000.00,360.00,180.00
2027-10-25T00:00:00.000Z,6,2027-10-23T00:00:00.000Z,IRSA,IRCNO,Argentina,Argentina,15799810.00,COR USD IRSA C22 (IRCNO),USD,USD,100.00%,,1.45,100.00,101.45,,,,1.00,5.75%,1.45%,228989.03,15799810.00,16028799.03,365.00,92.00
2027-10-25T00:00:00.000Z,9,2027-10-24T00:00:00.000Z,Raghsa,RAC5O,Nueva York,Estados Unidos,56777276.00,COR USD Raghsa C5 (RAC5O),USD,USD,,100.00%,4.13,,4.13,,,,1.00,8.25%,4.13%,2342062.63,,2342062.63,360.00,180.00
2027-10-25T00:00:00.000Z,6,2027-10-24T00:00:00.000Z,Tecpetrol,TTC8O,Argentina,Argentina,67430342.00,COR USD Tecpetrol C8 (TTC8O),USD,USD,100.00%,,2.52,100.00,102.52,,,,1.00,5.00%,2.52%,1699614.10,67430342.00,69129956.10,365.00,184.00
2027-10-25T00:00:00.000Z,6,2027-10-24T00:00:00.000Z,Tecpetrol,TTC9O,Argentina,Argentina,80541942.00,COR USD Tecpetrol C9 (TTC9O),USD,USD,,100.00%,3.41,,3.41,,,,1.00,6.80%,3.41%,2745928.57,,2745928.57,365.00,183.00
2027-10-27T00:00:00.000Z,3,2027-10-27T00:00:00.000Z,Hijos de Salvador Muñoz,MUC4O,Argentina,Argentina,10000000.00,COR USD Hijos de Salvador Muñoz C4 (MUC4O),USD,USD,100.00%,,3.86,100.00,103.86,,,,1.00,7.70%,3.86%,386054.79,10000000.00,10386054.79,365.00,183.00
2027-10-27T00:00:00.000Z,5,2027-10-27T00:00:00.000Z,Pluspetrol,PLC1O,Argentina,Argentina,74164370.00,COR USD Pluspetrol C1 (PLC1O),USD,USD,,100.00%,3.01,,3.01,,,,1.00,6.00%,3.01%,2231026.80,,2231026.80,365.00,183.00
2027-10-27T00:00:00.000Z,5,2027-10-27T00:00:00.000Z,Pluspetrol,PLC2O,Argentina,Argentina,123020337.00,COR USD Pluspetrol C2 (PLC2O),USD,USD,,100.00%,3.76,,3.76,,,,1.00,7.50%,3.76%,4625901.71,,4625901.71,365.00,183.00
2027-10-27T00:00:00.000Z,8,2027-10-27T00:00:00.000Z,Vitalcan,VAC3P,Argentina,Argentina,3000000.00,COR USD Vitalcan C3 (VAC3P),USD,USD,34.00%,,0.81,34.00,34.81,,,,1.00,9.50%,0.81%,24424.11,1020000.00,1044424.11,365.00,92.00
2027-10-28T00:00:00.000Z,3,2027-10-28T00:00:00.000Z,Edenor,DNCAO,Nueva York,Estados Unidos,550000000.00,COR USD Edenor C10 S1 (DNCAO),USD,USD,,100.00%,4.75,,4.75,,,,1.00,9.50%,4.75%,26125000.00,,26125000.00,360.00,180.00
2027-10-28T00:00:00.000Z,25,2027-10-28T00:00:00.000Z,Generación Litoral,GOC4O,Argentina,Argentina,14949364.00,COR USD Generación Litoral C4 (GOC4O),USD,USD,2.00%,88.00%,0.81,2.00,2.81,,,,1.00,11.00%,0.81%,121642.77,298987.28,420630.05,365.00,30.00
2027-10-28T00:00:00.000Z,6,2027-10-28T00:00:00.000Z,Ricardo Venturino,VES2L,Argentina,Argentina,7000000.00,COR USD Ricardo Venturino S2 (VES2L),USD,USD,25.00%,50.00%,1.13,25.00,26.13,,,,1.00,5.97%,1.13%,79000.27,1750000.00,1829000.27,365.00,92.00
2027-10-29T00:00:00.000Z,20,2027-10-29T00:00:00.000Z,Argentina,AO27,Argentina,Argentina,2000370497.00,GOB USD ARG Bonar (AO27),USD,USD,100.00%,,0.48,100.00,100.48,,,,1.00,6.00%,0.48%,9668457.40,2000370497.00,2010038954.40,360.00,29.00
2027-10-29T00:00:00.000Z,19,2027-10-29T00:00:00.000Z,Argentina,AO28,Argentina,Argentina,1534369685.00,GOB USD ARG Bonar (AO28),USD,USD,,100.00%,0.48,,0.48,,,,1.00,6.00%,0.48%,7416120.14,,7416120.14,360.00,29.00
2027-10-29T00:00:00.000Z,5,2027-10-29T00:00:00.000Z,Otamerica Ebytem,OTS6O,Argentina,Argentina,50000000.00,COR USD Otamerica Ebytem S6 (OTS6O),USD,USD,,100.00%,1.70,,1.70,,,,1.00,6.74%,1.70%,849424.66,,849424.66,365.00,92.00
2027-11-01T00:00:00.000Z,11,2027-10-30T00:00:00.000Z,360 Energy Solar,GYC4O,Argentina,Argentina,22278429.00,COR USD 360 Energy Solar C4 (GYC4O),USD,USD,100.00%,,2.06,100.00,102.06,,,,1.00,8.00%,2.06%,458996.67,22278429.00,22737425.67,365.00,94.00
2027-11-01T00:00:00.000Z,24,2027-11-01T00:00:00.000Z,AA 2000,AER4O,Nueva York,Estados Unidos,62016667.00,COR USD AA 2000 (AER4O),USD,USD,4.44%,46.72%,1.20,4.44,5.64,,,,1.00,9.50%,1.20%,745160.92,2753540.01,3498700.93,360.00,89.00
2027-11-01T00:00:00.000Z,24,2027-11-01T00:00:00.000Z,AA 2000,ARC1O,Nueva York,Estados Unidos,272949631.00,COR USD AA 2000 (ARC1O),USD,USD,3.29%,82.54%,1.80,3.29,5.09,,,,1.00,8.50%,1.80%,4923123.21,8974583.87,13897707.08,360.00,89.00
2027-11-01T00:00:00.000Z,3,2027-10-30T00:00:00.000Z,Central Puerto,NPCDO,Argentina,Argentina,130120007.00,COR USD Central Puerto CD (NPCDO),USD,USD,,100.00%,3.04,,3.04,,,,1.00,6.00%,3.04%,3957074.19,,3957074.19,365.00,185.00
2027-11-01T00:00:00.000Z,3,2027-10-30T00:00:00.000Z,Cresud,CS52O,Argentina,Argentina,41201813.00,COR USD Cresud C52 (CS52O),USD,USD,,100.00%,2.38,,2.38,,,,1.00,4.75%,2.38%,981224.00,,981224.00,365.00,183.00
2027-11-01T00:00:00.000Z,3,2027-10-30T00:00:00.000Z,Cresud,CS53O,Argentina,Argentina,22998047.00,COR USD Cresud C53 (CS53O),USD,USD,,100.00%,3.13,,3.13,,,,1.00,6.25%,3.13%,720657.98,,720657.98,365.00,183.00
2027-11-01T00:00:00.000Z,6,2027-10-30T00:00:00.000Z,Crown Point,CWC6O,Argentina,Argentina,22000000.00,COR USD Crown Point C6 (CWC6O),USD,USD,33.34%,,1.61,33.34,34.95,,,,1.00,9.50%,1.61%,353175.64,7334800.00,7687975.64,365.00,185.00
2027-11-01T00:00:00.000Z,7,2027-10-30T00:00:00.000Z,MSU Energy,RUCEO,Argentina,Argentina,59743617.00,COR USD MSU Energy C13 (RUCEO),USD,USD,50.00%,,0.97,50.00,50.97,,,,1.00,7.50%,0.97%,576976.03,29871808.50,30448784.53,365.00,94.00
2027-11-01T00:00:00.000Z,10,2027-11-01T00:00:00.000Z,Otamerica Ebytem,OTS3O,Argentina,Argentina,35529895.00,COR USD Oiltanking Ebytem S3 (OTS3O),USD,USD,,100.00%,1.76,,1.76,,,,1.00,7.00%,1.76%,626883.63,,626883.63,365.00,92.00
2027-11-01T00:00:00.000Z,7,2027-10-30T00:00:00.000Z,Pan American Energy,PNXCO,Nueva York,Estados Unidos,400000000.00,COR USD Pan American Energy C31 (PNXCO),USD,USD,,100.00%,4.25,,4.25,,,,1.00,8.50%,4.25%,17000000.00,,17000000.00,360.00,180.00
2027-11-02T00:00:00.000Z,58,2027-11-02T00:00:00.000Z,YPF,YPC4O,Nueva York,Estados Unidos,14818000.00,COR USD YPF SA (YPC4O),USD,USD,,100.00%,5.00,,5.00,,,,1.00,10.00%,5.00%,740900.00,,740900.00,360.00,180.00
2027-11-03T00:00:00.000Z,4,2027-11-03T00:00:00.000Z,Tecpetrol,TTCDO,Nueva York,Estados Unidos,750000000.00,COR USD Tecpetrol C12 (TTCDO),USD,USD,,100.00%,3.81,,3.81,,,,1.00,7.63%,3.81%,28593750.00,,28593750.00,360.00,180.00
2027-11-03T00:00:00.000Z,7,2027-11-03T00:00:00.000Z,Vista Energy Argentina,VSCPO,Argentina,Estados Unidos,46561789.00,COR USD Vista Energy Argentina C24 (VSCPO),USD,USD,25.00%,75.00%,4.03,25.00,29.03,,,,1.00,8.00%,4.03%,1877779.55,11640447.25,13518226.80,365.00,184.00
2027-11-08T00:00:00.000Z,3,2027-11-08T00:00:00.000Z,BBVA Argentina,BF44O,Argentina,Argentina,48018887.00,COR USD BBVA Argentina C44 (BF44O),USD,USD,,100.00%,2.52,,2.52,,,,1.00,5.00%,2.52%,1210339.07,,1210339.07,365.00,184.00
2027-11-08T00:00:00.000Z,3,2027-11-08T00:00:00.000Z,Profertil,PFC3O,Argentina,Argentina,70000000.00,COR USD Profertil C3 (PFC3O),USD,USD,,100.00%,2.90,,2.90,,,,1.00,5.75%,2.90%,2029041.10,,2029041.10,365.00,184.00
2027-11-09T00:00:00.000Z,14,2027-11-09T00:00:00.000Z,Argentina,TX28,Argentina,Argentina,75904842660.00,GOB ARS ARG Boncer (TX28),ARS,ARS,10.00%,20.00%,11.67,345.65,357.32,CER,,34.57,1.00,2.25%,0.34%,8854899544.55,262367365799.57,271222265344.12,360.00,180.00
2027-11-09T00:00:00.000Z,10,2027-11-09T00:00:00.000Z,Finanlease,FAS1M,Argentina,Argentina,3000000.00,COR USD Finanlease S1 (FAS1M),USD,USD,10.00%,20.00%,0.45,10.00,10.45,,,,1.00,9.00%,0.45%,13536.99,300000.00,313536.99,365.00,61.00
2027-11-10T00:00:00.000Z,11,2027-11-10T00:00:00.000Z,Fiplasto,FPC1O,Argentina,Argentina,1366225.00,COR USD Fiplasto C1 (FPC1O),USD,USD,,100.00%,1.51,,1.51,,,,1.00,6.00%,1.51%,20661.81,,20661.81,365.00,92.00
2027-11-11T00:00:00.000Z,3,2027-11-11T00:00:00.000Z,BNA,NZC2O,Argentina,Argentina,30445485.00,COR USD BNA C2 (NZC2O),USD,USD,,100.00%,2.77,,2.77,,,,1.00,5.50%,2.77%,844132.35,,844132.35,365.00,184.00
2027-11-11T00:00:00.000Z,3,2027-11-11T00:00:00.000Z,Farmacity,FYC1O,Argentina,Argentina,15000000.00,COR USD Farmacity C1 (FYC1O),USD,USD,,100.00%,3.78,,3.78,,,,1.00,7.50%,3.78%,567123.29,,567123.29,365.00,184.00
2027-11-11T00:00:00.000Z,6,2027-11-11T00:00:00.000Z,Minera Exar,XMC1O,Argentina,Argentina,50000000.00,COR USD Minera Exar C1 (XMC1O),USD,USD,50.00%,,2.02,50.00,52.02,,,,1.00,8.00%,2.02%,1008219.18,25000000.00,26008219.18,365.00,184.00
2027-11-11T00:00:00.000Z,3,2027-11-11T00:00:00.000Z,Pecom Servicios Energia,MCC3O,Argentina,Argentina,196759808.00,COR USD Pecom Servicios Energia C3 (MCC3O),USD,USD,,100.00%,3.78,,3.78,,,,1.00,7.50%,3.78%,7439137.95,,7439137.95,365.00,184.00
2027-11-12T00:00:00.000Z,6,2027-11-12T00:00:00.000Z,CNH,CIC8O,Argentina,Argentina,11056884.00,COR USD CNH C8 (CIC80),USD,USD,,100.00%,3.78,,3.78,,,,1.00,7.50%,3.78%,418041.09,,418041.09,365.00,184.00
2027-11-12T00:00:00.000Z,3,2027-11-12T00:00:00.000Z,Puente,PHC4O,Argentina,Argentina,20394733.00,COR USD Puente C4 (PHC4O),USD,USD,,67.00%,2.20,,2.20,,,,1.00,6.50%,2.20%,447745.41,,447745.41,365.00,184.00
2027-11-15T00:00:00.000Z,6,2027-11-13T00:00:00.000Z,Agronorte,ORS1L,Argentina,Argentina,7500000.00,COR USD Agronorte S1 (ORS1L),USD,USD,20.00%,60.00%,1.23,20.00,21.23,,,,1.00,5.95%,1.23%,91939.73,1500000.00,1591939.73,365.00,94.00
2027-11-15T00:00:00.000Z,6,2027-11-15T00:00:00.000Z,Cresud,CS47O,Argentina,Argentina,64417023.00,COR USD Cresud C47 (CS47O),USD,USD,,100.00%,3.53,,3.53,,,,1.00,7.00%,3.53%,2273126.73,,2273126.73,365.00,184.00
2027-11-15T00:00:00.000Z,3,2027-11-14T00:00:00.000Z,Pampa Energia,MG1RO,Nueva York,Estados Unidos,500000000.00,COR USD Pampa Energia C26 Adicionales (MG1RO),USD,USD,,100.00%,3.88,,3.88,,,,1.00,7.75%,3.88%,19375000.00,,19375000.00,360.00,180.00
2027-11-15T00:00:00.000Z,4,2027-11-14T00:00:00.000Z,Pampa Energia,MGCRO,Nueva York,Estados Unidos,450000000.00,COR USD Pampa Energia C26 (MGCRO),USD,USD,,100.00%,3.88,,3.88,,,,1.00,7.75%,3.88%,17437500.00,,17437500.00,360.00,180.00
2027-11-15T00:00:00.000Z,6,2027-11-13T00:00:00.000Z,Pan American Energy,PN36O,Argentina,Argentina,78100553.00,COR USD Pan American Energy C36 (PN36O),USD,USD,,100.00%,3.65,,3.65,,,,1.00,7.25%,3.65%,2854414.73,,2854414.73,365.00,184.00
2027-11-15T00:00:00.000Z,6,2027-11-13T00:00:00.000Z,Pan American Energy,PN37O,Argentina,Argentina,74172648.00,COR USD Pan American Energy C37 (PN37O),USD,USD,,100.00%,3.15,,3.15,,,,1.00,6.25%,3.15%,2336946.44,,2336946.44,365.00,184.00
2027-11-18T00:00:00.000Z,4,2027-11-18T00:00:00.000Z,Pluspetrol,PLC5O,Nueva York,Estados Unidos,500000000.00,COR USD Pluspetrol C5 (PLC5O),USD,USD,,100.00%,4.06,,4.06,,,,1.00,8.13%,4.06%,20312500.00,,20312500.00,360.00,180.00
2027-11-22T00:00:00.000Z,3,2027-11-21T00:00:00.000Z,Arcor,RC5CO,Argentina,Argentina,50000000.00,COR USD Arcor C5 (RC5CO),USD,USD,,100.00%,2.66,,2.66,,,,1.00,5.25%,2.66%,1330479.45,,1330479.45,365.00,185.00
2027-11-22T00:00:00.000Z,1,2027-11-22T00:00:00.000Z,Tarjeta Naranja,T673O,Argentina,Estados Unidos,13849604.00,COR USD Tarjeta Naranja C67 S3 (T673O),USD,USD,100.00%,,6.02,100.00,106.02,,,,1.00,4.00%,6.02%,833252.89,13849604.00,14682856.89,365.00,549.00
2027-11-22T00:00:00.000Z,3,2027-11-21T00:00:00.000Z,Tecpetrol,TTCEO,Argentina,Argentina,100000000.00,COR USD Tecpetrol C13 (TTCEO),USD,USD,,100.00%,2.77,,2.77,,,,1.00,5.50%,2.77%,2772602.74,,2772602.74,365.00,184.00
2027-11-22T00:00:00.000Z,4,2027-11-20T00:00:00.000Z,Transportadora de Gas del Sur,TSC4O,Nueva York,Estados Unidos,500000000.00,COR USD Transportadora de Gas del Sur C4 (TSC4O),USD,USD,,100.00%,3.88,,3.88,,,,1.00,7.75%,3.88%,19375000.00,,19375000.00,360.00,180.00
2027-11-22T00:00:00.000Z,10,2027-11-22T00:00:00.000Z,YPF Luz,YFCLO,Argentina,Argentina,50981768.00,COR USD YPF Luz C20 (YFCLO),USD,USD,,100.00%,1.69,,1.69,,,,1.00,6.75%,1.69%,860317.34,,860317.34,360.00,90.00
2027-11-26T00:00:00.000Z,8,2027-11-26T00:00:00.000Z,Madero Harbour,HA11M,Argentina,Argentina,4030000.00,COR USD Madero Harbour S1 C1 (HA11M),USD,USD,25.00%,,0.63,25.00,25.63,,,,1.00,10.00%,0.63%,25394.52,1007500.00,1032894.52,365.00,92.00
2027-11-26T00:00:00.000Z,5,2027-11-26T00:00:00.000Z,Scania Credit Argentina,SBC3O,Argentina,Argentina,26971883.00,COR USD Scania Credit Argentina C3 (SBC3O),USD,USD,9.00%,55.00%,1.05,9.00,10.05,,,,1.00,6.50%,1.05%,282813.12,2427469.47,2710282.59,365.00,92.00
2027-11-29T00:00:00.000Z,4,2027-11-28T00:00:00.000Z,CGC,CP38O,Nueva York,Estados Unidos,500000000.00,COR USD CGC C38 (CP38O),USD,USD,,100.00%,5.94,,5.94,,,,1.00,11.88%,5.94%,29687500.00,,29687500.00,360.00,180.00
2027-11-29T00:00:00.000Z,6,2027-11-29T00:00:00.000Z,Del Fabro,DFS1L,Argentina,Argentina,5000000.00,COR USD Del Fabro S1 (DFS1L),USD,USD,20.00%,60.00%,1.36,20.00,21.36,,,,1.00,6.74%,1.36%,67953.97,1000000.00,1067953.97,365.00,92.00
2027-11-29T00:00:00.000Z,6,2027-11-29T00:00:00.000Z,Diransa,DIC2L,Argentina,Argentina,3000000.00,COR USD Diransa C2 (DIC2L),USD,USD,25.00%,50.00%,1.13,25.00,26.13,,,,1.00,5.99%,1.13%,33970.68,750000.00,783970.68,365.00,92.00
2027-11-29T00:00:00.000Z,6,2027-11-29T00:00:00.000Z,Edemsa,OZC3O,Argentina,Argentina,33578943.00,COR USD Edemsa C3 (OZC3O),USD,USD,100.00%,,4.03,100.00,104.03,,,,1.00,8.00%,4.03%,1354197.37,33578943.00,34933140.37,365.00,184.00
2027-11-29T00:00:00.000Z,26,2027-11-28T00:00:00.000Z,Generación Litoral,GOC4O,Argentina,Argentina,14949364.00,COR USD Generación Litoral C4 (GOC4O),USD,USD,2.00%,86.00%,0.85,2.00,2.85,,,,1.00,11.00%,0.85%,126868.90,298987.28,425856.18,365.00,32.00
2027-11-29T00:00:00.000Z,6,2027-11-28T00:00:00.000Z,Mirgor,MIC6O,Argentina,Argentina,22382970.00,COR USD Mirgor C6 (MIC6O),USD,USD,,100.00%,2.02,,2.02,,,,1.00,8.00%,2.02%,451338.79,,451338.79,365.00,92.00
2027-11-29T00:00:00.000Z,3,2027-11-27T00:00:00.000Z,Pluspetrol,PLC6O,Argentina,Argentina,167492889.00,COR USD Pluspetrol C6 (PLC6O),USD,USD,,100.00%,3.28,,3.28,,,,1.00,6.50%,3.28%,5488260.14,,5488260.14,365.00,184.00
2027-11-29T00:00:00.000Z,12,2027-11-28T00:00:00.000Z,Rizobacter,RZABO,Argentina,Argentina,3315602.00,COR USD Rizobacter S10 CB (RZABO),USD,USD,100.00%,,1.99,100.00,101.99,,,,1.00,8.00%,1.99%,66130.36,3315602.00,3381732.36,365.00,91.00
2027-11-29T00:00:00.000Z,3,2027-11-28T00:00:00.000Z,Rizobacter,RZBBO,Argentina,Argentina,5390966.00,COR USD Rizobacter S11 CB (RZBBO),USD,USD,20.00%,60.00%,5.33,20.00,25.33,,,,1.00,9.00%,5.33%,287124.33,1078193.20,1365317.53,365.00,270.00
2027-11-29T00:00:00.000Z,3,2027-11-28T00:00:00.000Z,Rizobacter,RZBCO,Argentina,Argentina,20214109.00,COR USD Rizobacter S11 CC (RZBCO),USD,USD,20.00%,60.00%,5.33,20.00,25.33,,,,1.00,9.00%,5.33%,1076608.98,4042821.80,5119430.78,365.00,270.00
2027-11-29T00:00:00.000Z,5,2027-11-28T00:00:00.000Z,Telecom Argentina,TLCPO,Nueva York,Estados Unidos,1000000000.00,COR USD Telecom Argentina C24 (TLCPO),USD,USD,,100.00%,4.63,,4.63,,,,1.00,9.25%,4.63%,46250000.00,,46250000.00,360.00,180.00
2027-11-29T00:00:00.000Z,3,2027-11-29T00:00:00.000Z,Telecom Argentina,TLCWO,Argentina,Argentina,35149670.00,COR USD Telecom Argentina C30 (TLCWO),USD,USD,,100.00%,3.15,,3.15,,,,1.00,6.25%,3.15%,1107455.36,,1107455.36,365.00,184.00
2027-11-29T00:00:00.000Z,6,2027-11-28T00:00:00.000Z,Telecom Argentina,TLCOO,Argentina,Argentina,75247975.00,COR USD Telecom C23 (TLCOO),USD,USD,,100.00%,3.53,,3.53,,,,1.00,7.00%,3.53%,2655325.80,,2655325.80,365.00,184.00
2027-11-29T00:00:00.000Z,9,2027-11-28T00:00:00.000Z,YPF,YM40O,Argentina,Argentina,51383412.00,COR USD YPF C40 (YM40O),USD,USD,,100.00%,1.89,,1.89,,,,1.00,7.50%,1.89%,971357.65,,971357.65,365.00,92.00
2027-11-30T00:00:00.000Z,11,2027-11-30T00:00:00.000Z,Argentina,TX31,Argentina,Argentina,110944599869.00,GOB ARS ARG Boncer (TX31),ARS,ARS,10.00%,80.00%,18.69,166.10,184.79,CER,,16.61,1.00,2.50%,1.13%,20731762504.66,184282308720.41,205014071225.07,360.00,180.00
2027-11-30T00:00:00.000Z,5,2027-11-30T00:00:00.000Z,Argentina,TY30P,Argentina,Argentina,1691807339451.00,GOB ARS ARG Bote (TY30P),ARS,ARS,,100.00%,14.75,,14.75,,,,1.00,29.50%,14.75%,249541582569.02,,249541582569.02,360.00,180.00
2027-11-30T00:00:00.000Z,4,2027-11-30T00:00:00.000Z,Argentina,AN29,Argentina,Argentina,1000000000.00,GOB USD ARG Bonar (AN29),USD,USD,,100.00%,3.25,,3.25,,,,1.00,6.50%,3.25%,32500000.00,,32500000.00,360.00,180.00
2027-11-30T00:00:00.000Z,20,2027-11-30T00:00:00.000Z,Argentina,AO28,Argentina,Argentina,1534369685.00,GOB USD ARG Bonar (AO28),USD,USD,,100.00%,0.52,,0.52,,,,1.00,6.00%,0.52%,7927576.71,,7927576.71,360.00,31.00
2027-11-30T00:00:00.000Z,5,2027-11-30T00:00:00.000Z,Pluspetrol,PLC4O,Nueva York,Estados Unidos,650000000.00,COR USD Pluspetrol C4 (PLC4O),USD,USD,,100.00%,4.25,,4.25,,,,1.00,8.50%,4.25%,27625000.00,,27625000.00,360.00,180.00
2027-12-02T00:00:00.000Z,4,2027-12-02T00:00:00.000Z,Genneia,GN49O,Nueva York,Estados Unidos,400000000.00,COR USD Genneia C49 (GN49O),USD,USD,,100.00%,3.88,,3.88,,,,1.00,7.75%,3.88%,15500000.00,,15500000.00,360.00,180.00
2027-12-02T00:00:00.000Z,4,2027-12-02T00:00:00.000Z,YPF,YM42O,Argentina,Argentina,355922807.00,COR USD YPF C42 (YM42O),USD,USD,,100.00%,3.51,,3.51,,,,1.00,7.00%,3.51%,12491427.83,,12491427.83,365.00,183.00
2027-12-03T00:00:00.000Z,4,2027-12-03T00:00:00.000Z,CNH,CICAO,Argentina,Argentina,56429788.00,COR USD CNH C10 (CICAO),USD,USD,,100.00%,4.01,,4.01,,,,1.00,8.00%,4.01%,2263375.61,,2263375.61,365.00,183.00
2027-12-03T00:00:00.000Z,6,2027-12-03T00:00:00.000Z,Fortecar,FCS1M,Argentina,Argentina,4200000.00,COR USD Fortecar S1 (FCS1M),USD,USD,20.00%,40.00%,1.20,20.00,21.20,,,,1.00,8.00%,1.20%,50261.92,840000.00,890261.92,365.00,91.00
2027-12-06T00:00:00.000Z,3,2027-12-05T00:00:00.000Z,B. Comafi,AFCPO,Argentina,Argentina,12833373.00,COR USD B. Comafi C24 (AFCPO),USD,USD,,100.00%,2.63,,2.63,,,,1.00,5.25%,2.63%,337798.99,,337798.99,365.00,183.00
2027-12-06T00:00:00.000Z,3,2027-12-06T00:00:00.000Z,B. Comafi,AFCQO,Argentina,Estados Unidos,55185240.00,COR USD B. Comafi C25 (AFCQO),USD,USD,100.00%,,1.76,100.00,101.76,,,,1.00,3.50%,1.76%,973679.30,55185240.00,56158919.30,365.00,184.00
2027-12-06T00:00:00.000Z,3,2027-12-05T00:00:00.000Z,B. Galicia,BYY2O,Argentina,Argentina,53059085.00,COR USD B. Galicia C32 S2 (BYY2O),USD,USD,,100.00%,2.38,,2.38,,,,1.00,4.75%,2.38%,1263605.74,,1263605.74,365.00,183.00
2027-12-06T00:00:00.000Z,1,2027-12-05T00:00:00.000Z,B. Galicia,BYY3O,Argentina,Estados Unidos,36728372.00,COR USD B. Galicia C32 S3 (BYY3O),USD,USD,100.00%,,4.51,100.00,104.51,,,,1.00,3.00%,4.51%,1657304.90,36728372.00,38385676.90,365.00,549.00
2027-12-06T00:00:00.000Z,4,2027-12-04T00:00:00.000Z,Capex,CACDO,Argentina,Argentina,70905879.00,COR USD Capex C12 (CACDO),USD,USD,,100.00%,4.14,,4.14,,,,1.00,8.25%,4.14%,2932880.84,,2932880.84,365.00,183.00
2027-12-06T00:00:00.000Z,6,2027-12-05T00:00:00.000Z,MSU Energy,RUCDO,Nueva York,Estados Unidos,400000000.00,COR USD MSU Energy C12 (RUCDO),USD,USD,,100.00%,4.88,,4.88,,,,1.00,9.75%,4.88%,19500000.00,,19500000.00,360.00,180.00
2027-12-06T00:00:00.000Z,4,2027-12-05T00:00:00.000Z,Oleoductos del Valle,OLC6O,Argentina,Argentina,115514950.00,COR USD Oleoductos del Valle C6 (OLC6O),USD,USD,,100.00%,3.76,,3.76,,,,1.00,7.50%,3.76%,4343678.60,,4343678.60,365.00,183.00
2027-12-06T00:00:00.000Z,11,2027-12-04T00:00:00.000Z,Plaza Logistica,PZCGO,Argentina,Argentina,9587538.00,COR USD Plaza Logistica C15 (PZCGO),USD,USD,,100.00%,1.75,,1.75,,,,1.00,7.00%,1.75%,167781.92,,167781.92,360.00,90.00
2027-12-07T00:00:00.000Z,8,2027-12-07T00:00:00.000Z,Edisur,EDS1P,Argentina,Argentina,5000000.00,COR USD Edisur S1 (EDS1P),USD,USD,20.00%,,0.88,20.00,20.88,,,,1.00,8.75%,0.88%,43869.86,1000000.00,1043869.86,365.00,183.00
2027-12-09T00:00:00.000Z,7,2027-12-09T00:00:00.000Z,CGC,CP40O,Argentina,Argentina,55197497.00,COR USD CGC C40 (CP40O),USD,USD,,100.00%,2.37,,2.37,,,,1.00,9.50%,2.37%,1307348.94,,1307348.94,365.00,91.00
2027-12-09T00:00:00.000Z,3,2027-12-08T00:00:00.000Z,John Deere,HJCLO,Argentina,Argentina,80000000.00,COR USD John Deere C20 (HJCLO),USD,USD,,100.00%,3.26,,3.26,,,,1.00,6.50%,3.26%,2607123.29,,2607123.29,365.00,183.00
2027-12-10T00:00:00.000Z,6,2027-12-10T00:00:00.000Z,Clisa,CLI1O,Nueva York,Estados Unidos,74985749.00,COR USD Clisa C1 (CLI1O),USD,USD,,100.00%,3.50,,3.50,,,,1.00,7.00%,3.50%,2624501.22,,2624501.22,360.00,180.00
2027-12-10T00:00:00.000Z,7,2027-12-10T00:00:00.000Z,Clisa,CLSIO,Nueva York,Estados Unidos,200000000.00,COR USD Clisa (CLSIO),USD,USD,,100.00%,3.50,,3.50,,,,1.00,7.00%,3.50%,7000000.00,,7000000.00,360.00,180.00
2027-12-10T00:00:00.000Z,6,2027-12-10T00:00:00.000Z,Vista Energy Argentina,VSCTO,Nueva York,Estados Unidos,600000000.00,COR USD Vista Energy Argentina C27 (VSCTO),USD,USD,,100.00%,3.81,,3.81,,,,1.00,7.63%,3.81%,22875000.00,,22875000.00,360.00,180.00
2027-12-10T00:00:00.000Z,5,2027-12-10T00:00:00.000Z,Vista Energy Argentina,VSCVO,Nueva York,Estados Unidos,900000000.00,COR USD Vista Energy Argentina C29 (VSCVO),USD,USD,,100.00%,4.25,,4.25,,,,1.00,8.50%,4.25%,38250000.00,,38250000.00,360.00,180.00
2027-12-13T00:00:00.000Z,5,2027-12-12T00:00:00.000Z,Oleoductos del Valle,OLC5O,Argentina,Argentina,85000000.00,COR USD Oleoductos del Valle C5 (OLC5O),USD,USD,,100.00%,3.96,,3.96,,,,1.00,7.89%,3.96%,3362436.99,,3362436.99,365.00,183.00
2027-12-13T00:00:00.000Z,6,2027-12-11T00:00:00.000Z,Raghsa,RAC7O,Nueva York,Estados Unidos,48705263.00,COR USD Raghsa C7 (RAC7O),USD,USD,,100.00%,4.25,,4.25,,,,1.00,8.50%,4.25%,2069973.68,,2069973.68,360.00,180.00
2027-12-15T00:00:00.000Z,1,2027-12-15T00:00:00.000Z,Argentina,TZXD7,Argentina,Argentina,9092457492943.00,GOB ARS ARG Boncer (TZXD7),ARS,ARS,100.00%,,,287.49,287.49,CER,,2.87,1.00,,,,26139906046461.83,26139906046461.83,360.00,1350.00
2027-12-15T00:00:00.000Z,20,2027-12-15T00:00:00.000Z,YPF,YCANO,Nueva York,Estados Unidos,536612500.00,COR USD YPF 15-12-47,USD,USD,,100.00%,3.50,,3.50,,,,1.00,7.00%,3.50%,18781437.50,,18781437.50,360.00,180.00
2027-12-15T00:00:00.000Z,6,2027-12-15T00:00:00.000Z,YPF Luz,YFCOO,Argentina,Argentina,45021217.00,COR USD YPF Luz C23 (YFCOO),USD,USD,,100.00%,1.69,,1.69,,,,1.00,6.75%,1.69%,759733.04,,759733.04,360.00,90.00
2027-12-16T00:00:00.000Z,6,2027-12-16T00:00:00.000Z,Pampa Energia,MGCOO,Nueva York,Estados Unidos,700000000.00,COR USD Pampa Energia C23 (MGCOO),USD,USD,,100.00%,3.94,,3.94,,,,1.00,7.88%,3.94%,27562500.00,,27562500.00,360.00,180.00
2027-12-17T00:00:00.000Z,10,2027-12-17T00:00:00.000Z,Capex,CACBO,Argentina,Argentina,45097020.00,COR USD Capex C11 (CACBO),USD,USD,,100.00%,1.93,,1.93,,,,1.00,7.75%,1.93%,871360.91,,871360.91,365.00,91.00
2027-12-20T00:00:00.000Z,6,2027-12-19T00:00:00.000Z,Hijos de Salvador Muñoz,MU32O,Argentina,Argentina,7929057.00,COR USD Hijos de Salvador Muñoz C3 S2 (MU32O),USD,USD,100.00%,,4.54,100.00,104.54,,,,1.00,9.00%,4.54%,359740.23,7929057.00,8288797.23,365.00,184.00
2027-12-20T00:00:00.000Z,6,2027-12-20T00:00:00.000Z,MSU Green Energy,EAC3O,Argentina,Argentina,21376563.00,COR USD MSU Green Energy C3 (EAC3O),USD,USD,,100.00%,4.26,,4.26,,,,1.00,8.50%,4.26%,910992.98,,910992.98,365.00,183.00
2027-12-21T00:00:00.000Z,9,2027-12-21T00:00:00.000Z,Hattrick Energy,HT11M,Argentina,Argentina,7000000.00,COR USD Hattrick Energy S1 C1 (HT11M),USD,USD,9.09%,27.28%,0.86,9.09,9.95,,,,1.00,9.50%,0.86%,60299.47,636300.00,696599.47,365.00,91.00
2027-12-22T00:00:00.000Z,4,2027-12-22T00:00:00.000Z,Alz Nutrientes,AUS1L,Argentina,Argentina,900000.00,COR USD Alz Nutrientes S1 (AUS1L),USD,USD,34.00%,,1.49,34.00,35.49,,,,1.00,8.75%,1.49%,13424.18,306000.00,319424.18,365.00,183.00
2027-12-22T00:00:00.000Z,11,2027-12-22T00:00:00.000Z,Irsa Prop,IRCFO,Nueva York,Estados Unidos,103292263.00,COR USD Irsa Prop C14 (IRCFO),USD,USD,,30.00%,1.31,,1.31,,,,1.00,8.75%,1.31%,1355710.95,,1355710.95,360.00,180.00
2027-12-23T00:00:00.000Z,5,2027-12-23T00:00:00.000Z,B. Macro,BACGO,Nueva York,Estados Unidos,530000000.00,COR USD B. Macro CG (BACGO),USD,USD,,100.00%,4.00,,4.00,,,,1.00,8.00%,4.00%,21200000.00,,21200000.00,360.00,180.00
2027-12-23T00:00:00.000Z,4,2027-12-23T00:00:00.000Z,Promedon,PBS1M,Argentina,Argentina,4500000.00,COR USD Promedon S1 (PBS1M),USD,USD,20.00%,40.00%,2.83,20.00,22.83,,,,1.00,9.40%,2.83%,127247.67,900000.00,1027247.67,365.00,183.00
2027-12-27T00:00:00.000Z,17,2027-12-27T00:00:00.000Z,YPF,YMC1O,Nueva York,Estados Unidos,398972000.00,COR USD YPF (YMC1O),USD,USD,,100.00%,4.25,,4.25,,,,1.00,8.50%,4.25%,16956310.00,,16956310.00,360.00,180.00
2027-12-28T00:00:00.000Z,27,2027-12-28T00:00:00.000Z,Generación Litoral,GOC4O,Argentina,Argentina,14949364.00,COR USD Generación Litoral C4 (GOC4O),USD,USD,2.00%,84.00%,0.75,2.00,2.75,,,,1.00,11.00%,0.75%,112361.88,298987.28,411349.16,365.00,29.00
2027-12-30T00:00:00.000Z,21,2027-12-30T00:00:00.000Z,Argentina,AO28,Argentina,Argentina,1534369685.00,GOB USD ARG Bonar (AO28),USD,USD,,100.00%,0.50,,0.50,,,,1.00,6.00%,0.50%,7671848.42,,7671848.43,360.00,30.00
2027-12-30T00:00:00.000Z,14,2027-12-30T00:00:00.000Z,YPF,YMCIO,Nueva York,Estados Unidos,747833257.00,COR USD YPF C17 (YMCIO),USD,USD,14.29%,42.86%,2.57,14.29,16.86,,,,1.00,9.00%,2.57%,19229998.33,106833320.29,126063318.62,360.00,180.00
2027-12-31T00:00:00.000Z,48,2027-12-31T00:00:00.000Z,Argentina,DICP,Argentina,Argentina,4243693957.00,GOB ARS ARG Boncer (DICP),ARS,ARS,5.00%,60.00%,1288.58,3400.41,4688.99,CER,,535.52,1.27,5.83%,2.41%,54683542666.62,144302790834.65,198986333076.90,360.00,180.00
2027-12-31T00:00:00.000Z,48,2027-12-31T00:00:00.000Z,Argentina,DIP0,Argentina,Argentina,125510513.00,GOB ARS ARG Boncer (DIP0),ARS,ARS,5.00%,60.00%,1288.58,3400.41,4688.99,CER,,535.52,1.27,5.83%,2.41%,1617307836.59,4267866035.70,5885173859.74,360.00,180.00
2027-12-31T00:00:00.000Z,48,2027-12-31T00:00:00.000Z,Argentina,CUAP,Argentina,Argentina,23434050685.00,GOB ARS ARG (CUAP),ARS,ARS,,100.00%,1230.70,,1230.70,CER,,535.52,1.39,3.31%,2.30%,288402364978.42,,288402364978.42,360.00,180.00
2027-12-31T00:00:00.000Z,7,2027-12-31T00:00:00.000Z,Apache,AQ11L,Argentina,Argentina,3900000.00,COR USD Apache S1 C1 (AQ11L),USD,USD,,34.00%,0.58,,0.58,,,,1.00,6.75%,0.58%,22560.16,,22560.16,365.00,92.00
2028-01-10T00:00:00.000Z,14,2028-01-09T00:00:00.000Z,Argentina,GD29,Nueva York,Estados Unidos,2620524000.00,GOB USD ARG Birad (GD29),USD,USD,10.00%,30.00%,0.20,10.00,10.20,,,,1.00,1.00%,0.20%,5241048.00,262052400.00,267293448.00,360.00,180.00
2028-01-10T00:00:00.000Z,14,2028-01-09T00:00:00.000Z,Argentina,GD30,Nueva York,Estados Unidos,13587430959.00,GOB USD ARG Birad (GD30),USD,USD,8.00%,40.00%,0.42,8.00,8.42,,,,1.00,1.75%,0.42%,57067210.03,1086994476.72,1144061686.75,360.00,180.00
2028-01-10T00:00:00.000Z,14,2028-01-09T00:00:00.000Z,Argentina,GD35,Nueva York,Estados Unidos,20436350000.00,GOB USD ARG Birad (GD35),USD,USD,,100.00%,2.38,,2.38,,,,1.00,4.75%,2.38%,485363312.50,,485363312.50,360.00,180.00
2028-01-10T00:00:00.000Z,14,2028-01-09T00:00:00.000Z,Argentina,GD38,Nueva York,Estados Unidos,10063292000.00,GOB USD ARG Birad (GD38),USD,USD,4.55%,90.91%,2.39,4.55,6.93,,,,1.00,5.00%,2.39%,240146739.77,457422363.64,697569103.40,360.00,180.00
2028-01-10T00:00:00.000Z,14,2028-01-09T00:00:00.000Z,Argentina,GD41,Nueva York,Estados Unidos,10482111279.00,GOB USD ARG Birad (GD41),USD,USD,3.57%,96.43%,1.75,3.57,5.32,,,,1.00,3.50%,1.75%,183436947.38,374361117.11,557798064.49,360.00,180.00
2028-01-10T00:00:00.000Z,14,2028-01-09T00:00:00.000Z,Argentina,GD46,Nueva York,Estados Unidos,2091997124.00,GOB USD ARG Birad (GD46),USD,USD,2.27%,84.09%,1.89,2.27,4.16,,,,1.00,4.38%,1.89%,39522105.51,47545389.18,87067494.69,360.00,180.00
2028-01-10T00:00:00.000Z,14,2028-01-09T00:00:00.000Z,Argentina,AE38,Argentina,Argentina,12324977546.00,GOB USD ARG Bonar (AE38),USD,USD,4.55%,90.91%,2.39,4.55,6.93,,,,1.00,5.00%,2.39%,294118780.95,560226308.11,854345089.06,360.00,180.00
2028-01-10T00:00:00.000Z,14,2028-01-09T00:00:00.000Z,Argentina,AL29,Argentina,Argentina,1394901484.00,GOB USD ARG Bonar (AL29),USD,USD,10.00%,30.00%,0.20,10.00,10.20,,,,1.00,1.00%,0.20%,2789802.97,139490148.40,142279951.37,360.00,180.00
2028-01-10T00:00:00.000Z,14,2028-01-09T00:00:00.000Z,Argentina,AL30,Argentina,Argentina,13102738119.00,GOB USD ARG Bonar (AL30),USD,USD,8.00%,40.00%,0.42,8.00,8.42,,,,1.00,1.75%,0.42%,55031500.10,1048219049.52,1103250549.62,360.00,180.00
2028-01-10T00:00:00.000Z,14,2028-01-09T00:00:00.000Z,Argentina,AL35,Argentina,Argentina,20243999549.00,GOB USD ARG Bonar (AL35),USD,USD,,100.00%,2.38,,2.38,,,,1.00,4.75%,2.38%,480794989.29,,480794989.29,360.00,180.00
2028-01-10T00:00:00.000Z,14,2028-01-09T00:00:00.000Z,Argentina,AL41,Argentina,Argentina,1542233749.00,GOB USD ARG Bonar (AL41),USD,USD,3.57%,96.43%,1.75,3.57,5.32,,,,1.00,3.50%,1.75%,26989090.61,55079776.75,82068867.36,360.00,180.00
2028-01-10T00:00:00.000Z,11,2028-01-09T00:00:00.000Z,Finanlease,FAS1M,Argentina,Argentina,3000000.00,COR USD Finanlease S1 (FAS1M),USD,USD,10.00%,10.00%,0.31,10.00,10.31,,,,1.00,9.00%,0.31%,9172.60,300000.00,309172.60,365.00,62.00
2028-01-10T00:00:00.000Z,10,2028-01-08T00:00:00.000Z,Havanna Holding,HVS1O,Argentina,Argentina,18534790.00,COR USD Havanna S1 (HVS1O),USD,USD,,100.00%,2.21,,2.21,,,,1.00,8.75%,2.21%,408780.98,,408780.98,365.00,92.00
2028-01-10T00:00:00.000Z,11,2028-01-10T00:00:00.000Z,YPF,YMCYO,Argentina,Argentina,125000000.00,COR USD YPF C32 (YMCYO),USD,USD,,100.00%,1.64,,1.64,,,,1.00,6.50%,1.64%,2047945.21,,2047945.21,365.00,92.00
2028-01-11T00:00:00.000Z,5,2028-01-11T00:00:00.000Z,Cresud,CS48O,Argentina,Argentina,43656188.00,COR USD Cresud C48 (CS48O),USD,USD,,100.00%,4.03,,4.03,,,,1.00,8.00%,4.03%,1760600.24,,1760600.24,365.00,184.00
2028-01-12T00:00:00.000Z,16,2028-01-12T00:00:00.000Z,Aluar,LMS7O,Argentina,Estados Unidos,137898136.00,COR USD Aluar S7 (LMS7O),USD,USD,8.33%,25.03%,0.60,8.33,8.93,,,,1.00,7.00%,0.60%,822939.30,11486914.73,12309854.03,360.00,92.00
2028-01-14T00:00:00.000Z,9,2028-01-14T00:00:00.000Z,San Miguel,SNABO,Argentina,Argentina,1128461.00,COR USD San Miguel S10 CB (SNABO),USD,USD,5.00%,90.00%,3.83,5.00,8.83,,,,1.00,8.00%,3.83%,43233.97,56423.05,99657.02,365.00,184.00
2028-01-14T00:00:00.000Z,8,2028-01-14T00:00:00.000Z,San Miguel,SNSBO,Argentina,Argentina,5864584.00,COR USD San Miguel S11 (SNSBO),USD,USD,5.00%,90.00%,3.83,5.00,8.83,,,,1.00,8.00%,3.83%,224685.87,293229.20,517915.07,365.00,184.00
2028-01-14T00:00:00.000Z,6,2028-01-14T00:00:00.000Z,San Miguel,SNSDO,Argentina,Argentina,2924676.00,COR USD San Miguel S12 (SNSDO),USD,USD,5.00%,90.00%,3.83,5.00,8.83,,,,1.00,8.00%,3.83%,112051.15,146233.80,258284.95,365.00,184.00
2028-01-14T00:00:00.000Z,5,2028-01-14T00:00:00.000Z,San Miguel,SNEBO,Argentina,Argentina,47759471.00,COR USD San Miguel S13 CB (SNEBO),USD,USD,4.25%,76.50%,3.26,4.25,7.51,,,,1.00,8.00%,3.26%,1555310.07,2029777.52,3585087.59,365.00,184.00
2028-01-14T00:00:00.000Z,3,2028-01-14T00:00:00.000Z,YPF,YM43O,Argentina,Argentina,122146525.00,COR USD YPF C43 (YM43O),USD,USD,,100.00%,2.77,,2.77,,,,1.00,5.50%,2.77%,3386637.90,,3386637.90,365.00,184.00
2028-01-17T00:00:00.000Z,6,2028-01-17T00:00:00.000Z,John Deere,HJCHO,Argentina,Argentina,50000000.00,COR USD John Deere C16 (HJCHO),USD,USD,100.00%,,3.49,100.00,103.49,,,,1.00,7.00%,3.49%,1745205.48,50000000.00,51745205.48,365.00,182.00
2028-01-17T00:00:00.000Z,4,2028-01-16T00:00:00.000Z,John Deere,HJCKO,Argentina,Argentina,80000000.00,COR USD John Deere C19 (HJCKO),USD,USD,,100.00%,3.91,,3.91,,,,1.00,7.75%,3.91%,3125479.45,,3125479.45,365.00,184.00
2028-01-17T00:00:00.000Z,10,2028-01-17T00:00:00.000Z,Otamerica Ebytem,OT41O,Argentina,Argentina,28306584.00,COR USD Oiltanking Ebytem S4 C1 (OT41O),USD,USD,100.00%,,1.76,100.00,101.76,,,,1.00,7.00%,1.76%,499436.71,28306584.00,28806020.71,365.00,92.00
2028-01-17T00:00:00.000Z,10,2028-01-17T00:00:00.000Z,Otamerica Ebytem,OT42O,Argentina,Argentina,35231293.00,COR USD Oiltanking Ebytem S4 C2 (OT42O),USD,USD,,100.00%,2.02,,2.02,,,,1.00,8.00%,2.02%,710417.31,,710417.31,365.00,92.00
2028-01-17T00:00:00.000Z,4,2028-01-15T00:00:00.000Z,Pan American Energy,PN43O,Nueva York,Estados Unidos,375000000.00,COR USD Pan American Energy C43 (PN43O),USD,USD,,100.00%,3.88,,3.88,,,,1.00,7.75%,3.88%,14531250.00,,14531250.00,360.00,180.00
2028-01-17T00:00:00.000Z,7,2028-01-16T00:00:00.000Z,Scania Credit Argentina,SBC2O,Argentina,Argentina,40979825.00,COR USD Scania Credit Argentina C2 (SBC2O),USD,USD,9.00%,37.00%,0.87,9.00,9.87,,,,1.00,7.49%,0.87%,355880.93,3688184.25,4044065.18,365.00,92.00
2028-01-17T00:00:00.000Z,8,2028-01-17T00:00:00.000Z,YPF,YMCUO,Nueva York,Estados Unidos,800000000.00,COR USD YPF C28 (YMCUO),USD,USD,10.00%,60.00%,3.33,10.00,13.33,,,,1.00,9.50%,3.32%,26600000.00,80000000.00,106600000.00,360.00,180.00
2028-01-17T00:00:00.000Z,4,2028-01-17T00:00:00.000Z,YPF,Y134O,Nueva York,Estados Unidos,,COR USD YPF C34 Adicionales (Y134O),USD,USD,,100.00%,4.13,,4.13,,,,1.00,8.25%,4.13%,,,,360.00,180.00
2028-01-17T00:00:00.000Z,6,2028-01-17T00:00:00.000Z,YPF,YM34O,Nueva York,Estados Unidos,1650000000.00,COR USD YPF C34 (YM34O),USD,USD,,100.00%,4.13,,4.13,,,,1.00,8.25%,4.13%,68062500.00,,68062500.00,360.00,180.00
2028-01-18T00:00:00.000Z,7,2028-01-18T00:00:00.000Z,Telecom Argentina,TLCMO,Nueva York,Estados Unidos,817217000.00,COR USD Telecom C21 (TLCMO),USD,USD,,100.00%,4.75,,4.75,,,,1.00,9.50%,4.75%,38817807.50,,38817807.50,360.00,180.00
2028-01-20T00:00:00.000Z,4,2028-01-20T00:00:00.000Z,Telecom Argentina,TLCTO,Nueva York,Estados Unidos,600000000.00,COR USD Telecom Argentina C27 (TLCTO),USD,USD,,100.00%,4.25,,4.25,,,,1.00,8.50%,4.25%,25500000.00,,25500000.00,360.00,180.00
2028-01-21T00:00:00.000Z,5,2028-01-21T00:00:00.000Z,PCR,PQCTO,Argentina,Argentina,38916527.00,COR USD PCR CT (PQCTO),USD,USD,,100.00%,4.28,,4.28,,,,1.00,8.50%,4.28%,1667546.53,,1667546.53,365.00,184.00
2028-01-24T00:00:00.000Z,6,2028-01-23T00:00:00.000Z,IRSA,IRCOO,Argentina,Argentina,51467822.00,COR USD IRSA C23 (IRCOO),USD,USD,,100.00%,3.65,,3.65,,,,1.00,7.25%,3.65%,1881043.14,,1881043.14,365.00,184.00
2028-01-24T00:00:00.000Z,4,2028-01-23T00:00:00.000Z,Loma Negra,LOC6O,Argentina,Argentina,60000000.00,COR USD Loma Negra C6 (LOC6O),USD,USD,,100.00%,3.28,,3.28,,,,1.00,6.50%,3.28%,1966027.40,,1966027.40,365.00,184.00
2028-01-24T00:00:00.000Z,6,2028-01-22T00:00:00.000Z,Tecpetrol,TTCAO,Nueva York,Estados Unidos,400000000.00,COR USD Tecpetrol C10 (TTCAO),USD,USD,,100.00%,3.81,,3.81,,,,1.00,7.63%,3.81%,15250000.00,,15250000.00,360.00,180.00
2028-01-24T00:00:00.000Z,7,2028-01-24T00:00:00.000Z,Transportadora de Gas del Sur,TSC3O,Nueva York,Estados Unidos,490000000.00,COR USD Transportadora de Gas del Sur C3 (TSC3O),USD,USD,,100.00%,4.25,,4.25,,,,1.00,8.50%,4.25%,20825000.00,,20825000.00,360.00,180.00
2028-01-24T00:00:00.000Z,5,2028-01-22T00:00:00.000Z,YPF,YM39O,Argentina,Estados Unidos,224801688.00,COR USD YPF C39 (YM39O),USD,USD,,100.00%,4.41,,4.41,,,,1.00,8.75%,4.41%,9915910.07,,9915910.07,365.00,184.00
2028-01-27T00:00:00.000Z,6,2028-01-27T00:00:00.000Z,Pluspetrol,PLC1O,Argentina,Argentina,74164370.00,COR USD Pluspetrol C1 (PLC1O),USD,USD,100.00%,,1.51,100.00,101.51,,,,1.00,6.00%,1.51%,1121609.10,74164370.00,75285979.10,365.00,92.00
2028-01-28T00:00:00.000Z,4,2028-01-28T00:00:00.000Z,B. Macro,BACHO,Nueva York,Estados Unidos,400000000.00,COR USD B. Macro CH (BACHO),USD,USD,,100.00%,4.00,,4.00,,,,1.00,8.00%,4.00%,16000000.00,,16000000.00,360.00,180.00
2028-01-28T00:00:00.000Z,5,2028-01-28T00:00:00.000Z,Edemsa,OZC6O,Nueva York,Estados Unidos,150000000.00,COR USD Edemsa C6 (OZC6O),USD,USD,,100.00%,4.88,,4.88,,,,1.00,9.75%,4.88%,7312500.00,,7312500.00,360.00,180.00
2028-01-28T00:00:00.000Z,28,2028-01-28T00:00:00.000Z,Generación Litoral,GOC4O,Argentina,Argentina,14949364.00,COR USD Generación Litoral C4 (GOC4O),USD,USD,2.00%,82.00%,0.78,2.00,2.78,,,,1.00,11.00%,0.78%,117317.69,298987.28,416304.97,365.00,31.00
2028-01-28T00:00:00.000Z,7,2028-01-28T00:00:00.000Z,Ricardo Venturino,VES2L,Argentina,Argentina,7000000.00,COR USD Ricardo Venturino S2 (VES2L),USD,USD,,50.00%,0.75,,0.75,,,,1.00,5.97%,0.75%,52666.85,,52666.85,365.00,92.00
2028-01-31T00:00:00.000Z,5,2028-01-31T00:00:00.000Z,Arcor,RC1CO,Nueva York,Estados Unidos,350000000.00,COR USD Arcor C1 (RC1CO),USD,USD,,100.00%,3.80,,3.80,,,,1.00,7.60%,3.80%,13300000.00,,13300000.00,360.00,180.00
2028-01-31T00:00:00.000Z,22,2028-01-31T00:00:00.000Z,Argentina,AO28,Argentina,Argentina,1534369685.00,GOB USD ARG Bonar (AO28),USD,USD,,100.00%,0.50,,0.50,,,,1.00,6.00%,0.50%,7671848.42,,7671848.43,360.00,30.00
2028-01-31T00:00:00.000Z,6,2028-01-29T00:00:00.000Z,Otamerica Ebytem,OTS6O,Argentina,Argentina,50000000.00,COR USD Otamerica Ebytem S6 (OTS6O),USD,USD,,100.00%,1.70,,1.70,,,,1.00,6.74%,1.70%,849424.66,,849424.66,365.00,92.00
2028-01-31T00:00:00.000Z,5,2028-01-30T00:00:00.000Z,Pluspetrol,PLC3O,Argentina,Argentina,90722914.00,COR USD Pluspetrol C3 (PLC3O),USD,USD,,100.00%,3.65,,3.65,,,,1.00,7.25%,3.65%,3315736.09,,3315736.09,365.00,184.00
2028-02-01T00:00:00.000Z,25,2028-02-01T00:00:00.000Z,AA 2000,AER4O,Nueva York,Estados Unidos,62016667.00,COR USD AA 2000 (AER4O),USD,USD,4.44%,42.28%,1.11,4.44,5.55,,,,1.00,9.50%,1.11%,688136.94,2753540.01,3441676.95,360.00,90.00
2028-02-01T00:00:00.000Z,25,2028-02-01T00:00:00.000Z,AA 2000,ARC1O,Nueva York,Estados Unidos,272949631.00,COR USD AA 2000 (ARC1O),USD,USD,5.64%,76.91%,1.75,5.64,7.39,,,,1.00,8.50%,1.75%,4787729.30,15391083.79,20178813.09,360.00,90.00
2028-02-01T00:00:00.000Z,11,2028-02-01T00:00:00.000Z,Otamerica Ebytem,OTS3O,Argentina,Argentina,35529895.00,COR USD Oiltanking Ebytem S3 (OTS3O),USD,USD,,100.00%,1.76,,1.76,,,,1.00,7.00%,1.76%,626883.63,,626883.63,365.00,92.00
2028-02-07T00:00:00.000Z,4,2028-02-06T00:00:00.000Z,B. Comafi,AFCKO,Argentina,Argentina,7035509.00,COR USD B. Comafi C19 (AFCKO),USD,USD,,100.00%,3.53,,3.53,,,,1.00,7.00%,3.53%,248266.73,,248266.73,365.00,184.00
2028-02-07T00:00:00.000Z,7,2028-02-05T00:00:00.000Z,Edenor,DNC5O,Argentina,Argentina,81920187.00,COR USD Edenor C5 (DNC5O),USD,USD,,100.00%,4.79,,4.79,,,,1.00,9.50%,4.79%,3923191.42,,3923191.42,365.00,184.00
2028-02-07T00:00:00.000Z,5,2028-02-06T00:00:00.000Z,Pampa Energia,MGCQO,Argentina,Estados Unidos,104633623.00,COR USD Pampa Energía C25 (MGCQO),USD,USD,,100.00%,3.65,,3.65,,,,1.00,7.25%,3.65%,3824143.92,,3824143.92,365.00,184.00
2028-02-09T00:00:00.000Z,4,2028-02-09T00:00:00.000Z,CNH,CICBO,Argentina,Argentina,46506336.00,COR USD CNH C11 (CICBO),USD,USD,,100.00%,3.78,,3.78,,,,1.00,7.50%,3.78%,1758321.74,,1758321.74,365.00,184.00
2028-02-10T00:00:00.000Z,12,2028-02-10T00:00:00.000Z,Fiplasto,FPC1O,Argentina,Argentina,1366225.00,COR USD Fiplasto C1 (FPC1O),USD,USD,100.00%,,1.51,100.00,101.51,,,,1.00,6.00%,1.51%,20661.81,1366225.00,1386886.81,365.00,92.00
2028-02-14T00:00:00.000Z,7,2028-02-13T00:00:00.000Z,Agronorte,ORS1L,Argentina,Argentina,7500000.00,COR USD Agronorte S1 (ORS1L),USD,USD,,60.00%,0.89,,0.89,,,,1.00,5.95%,0.89%,66754.11,,66754.11,365.00,91.00
2028-02-17T00:00:00.000Z,6,2028-02-17T00:00:00.000Z,PCR,PQCSO,Argentina,Argentina,65000000.00,COR USD PCR CS (PQCSO),USD,USD,,100.00%,4.01,,4.01,,,,1.00,8.00%,4.01%,2607123.29,,2607123.29,365.00,183.00
2028-02-22T00:00:00.000Z,11,2028-02-22T00:00:00.000Z,YPF Luz,YFCLO,Argentina,Argentina,50981768.00,COR USD YPF Luz C20 (YFCLO),USD,USD,,100.00%,1.69,,1.69,,,,1.00,6.75%,1.69%,860317.34,,860317.34,360.00,90.00
2028-02-23T00:00:00.000Z,4,2028-02-23T00:00:00.000Z,Oleoductos del Valle,OLC7O,Argentina,Argentina,110000000.00,COR USD Oleoductos del Valle C7 (OLC7O),USD,USD,,100.00%,3.48,,3.48,,,,1.00,6.90%,3.48%,3826191.78,,3826191.78,365.00,184.00
2028-02-25T00:00:00.000Z,1,2028-02-25T00:00:00.000Z,Argentina,TMF28,Argentina,Argentina,9984904027084.00,GOB ARS ARG Tamar (TMF28),ARS,ARS,100.00%,,68.09,100.00,168.09,Tamar,,,1.00,28.46%,68.09%,6798321755880.41,9984904027084.00,16783225782964.41,360.00,665.00
2028-02-25T00:00:00.000Z,9,2028-02-25T00:00:00.000Z,Capex,CAC5O,Nueva York,Estados Unidos,188801600.00,COR USD Capex C5 (CAC5O),USD,USD,12.50%,12.50%,1.16,12.50,13.66,,,,1.00,9.25%,1.16%,2183018.50,23600200.00,25783218.50,360.00,180.00
2028-02-25T00:00:00.000Z,5,2028-02-25T00:00:00.000Z,Central Puerto,NPCCO,Argentina,Estados Unidos,89067309.00,COR USD Central Puerto CC (NPCCO),USD,USD,,100.00%,4.03,,4.03,,,,1.00,8.00%,4.03%,3591974.76,,3591974.76,365.00,184.00
2028-02-28T00:00:00.000Z,29,2028-02-28T00:00:00.000Z,Generación Litoral,GOC4O,Argentina,Argentina,14949364.00,COR USD Generación Litoral C4 (GOC4O),USD,USD,2.00%,80.00%,0.77,2.00,2.77,,,,1.00,11.00%,0.77%,114524.42,298987.28,413511.70,365.00,31.00
2028-02-28T00:00:00.000Z,4,2028-02-26T00:00:00.000Z,Luz de Tres Picos,LUC5O,Argentina,Argentina,49624241.00,COR USD Luz de Tres Picos C5 (LUC5O),USD,USD,,100.00%,4.08,,4.08,,,,1.00,8.00%,4.08%,2023037.55,,2023037.55,365.00,186.00
2028-02-28T00:00:00.000Z,7,2028-02-28T00:00:00.000Z,Mirgor,MIC6O,Argentina,Argentina,22382970.00,COR USD Mirgor C6 (MIC6O),USD,USD,,100.00%,2.02,,2.02,,,,1.00,8.00%,2.02%,451338.79,,451338.79,365.00,92.00
2028-02-28T00:00:00.000Z,5,2028-02-27T00:00:00.000Z,Pan American Energy,PN41O,Argentina,Argentina,85939129.00,COR USD Pan American Energy C41 (PN41O),USD,USD,,100.00%,3.78,,3.78,,,,1.00,7.50%,3.78%,3249205.43,,3249205.43,365.00,184.00
2028-02-28T00:00:00.000Z,6,2028-02-26T00:00:00.000Z,Scania Credit Argentina,SBC3O,Argentina,Argentina,26971883.00,COR USD Scania Credit Argentina C3 (SBC3O),USD,USD,9.00%,46.00%,0.90,9.00,9.90,,,,1.00,6.50%,0.90%,243042.53,2427469.47,2670512.00,365.00,92.00
2028-02-28T00:00:00.000Z,10,2028-02-28T00:00:00.000Z,YPF,YM40O,Argentina,Argentina,51383412.00,COR USD YPF C40 (YM40O),USD,USD,,100.00%,1.89,,1.89,,,,1.00,7.50%,1.89%,971357.65,,971357.65,365.00,92.00
2028-02-29T00:00:00.000Z,23,2028-02-29T00:00:00.000Z,Argentina,AO28,Argentina,Argentina,1534369685.00,GOB USD ARG Bonar (AO28),USD,USD,,100.00%,0.48,,0.48,,,,1.00,6.00%,0.48%,7416120.14,,7416120.14,360.00,29.00
2028-02-29T00:00:00.000Z,7,2028-02-29T00:00:00.000Z,Del Fabro,DFS1L,Argentina,Argentina,5000000.00,COR USD Del Fabro S1 (DFS1L),USD,USD,,60.00%,1.02,,1.02,,,,1.00,6.74%,1.02%,50965.48,,50965.48,365.00,92.00
2028-02-29T00:00:00.000Z,7,2028-02-29T00:00:00.000Z,Diransa,DIC2L,Argentina,Argentina,3000000.00,COR USD Diransa C2 (DIC2L),USD,USD,,50.00%,0.75,,0.75,,,,1.00,5.99%,0.75%,22647.12,,22647.12,365.00,92.00
2028-03-03T00:00:00.000Z,7,2028-03-03T00:00:00.000Z,Fortecar,FCS1M,Argentina,Argentina,4200000.00,COR USD Fortecar S1 (FCS1M),USD,USD,20.00%,20.00%,0.80,20.00,20.80,,,,1.00,8.00%,0.80%,33507.95,840000.00,873507.95,365.00,91.00
2028-03-03T00:00:00.000Z,4,2028-03-03T00:00:00.000Z,Rizobacter,RZBBO,Argentina,Argentina,5390966.00,COR USD Rizobacter S11 CB (RZBBO),USD,USD,5.00%,55.00%,1.42,5.00,6.42,,,,1.00,9.00%,1.42%,76566.49,269548.30,346114.79,365.00,96.00
2028-03-03T00:00:00.000Z,4,2028-03-03T00:00:00.000Z,Rizobacter,RZBCO,Argentina,Argentina,20214109.00,COR USD Rizobacter S11 CC (RZBCO),USD,USD,5.00%,55.00%,1.42,5.00,6.42,,,,1.00,9.00%,1.42%,287095.73,1010705.45,1297801.18,365.00,96.00
2028-03-06T00:00:00.000Z,6,2028-03-05T00:00:00.000Z,Genneia,GN48O,Argentina,Argentina,27760264.00,COR USD Genneia C48 (GN48O),USD,USD,100.00%,,3.26,100.00,103.26,,,,1.00,6.50%,3.26%,904680.38,27760264.00,28664944.38,365.00,183.00
2028-03-06T00:00:00.000Z,12,2028-03-04T00:00:00.000Z,Plaza Logistica,PZCGO,Argentina,Argentina,9587538.00,COR USD Plaza Logistica C15 (PZCGO),USD,USD,,100.00%,1.75,,1.75,,,,1.00,7.00%,1.75%,167781.92,,167781.92,360.00,90.00
2028-03-06T00:00:00.000Z,4,2028-03-05T00:00:00.000Z,Telecom Argentina,TLCUO,Argentina,Argentina,81329886.00,COR USD Telecom Argentina C28 (TLCUO),USD,USD,,100.00%,3.24,,3.24,,,,1.00,6.50%,3.24%,2635979.59,,2635979.59,365.00,182.00
2028-03-07T00:00:00.000Z,6,2028-03-07T00:00:00.000Z,Vista Energy Argentina,VSCUO,Argentina,Estados Unidos,92413570.00,COR USD Vista Energy Argentina C28 (VSCUO),USD,USD,,100.00%,3.74,,3.74,,,,1.00,7.50%,3.74%,3456014.33,,3456014.33,365.00,182.00
2028-03-09T00:00:00.000Z,8,2028-03-09T00:00:00.000Z,CGC,CP40O,Argentina,Argentina,55197497.00,COR USD CGC C40 (CP40O),USD,USD,100.00%,,2.37,100.00,102.37,,,,1.00,9.50%,2.37%,1307348.94,55197497.00,56504845.94,365.00,91.00
2028-03-09T00:00:00.000Z,12,2028-03-09T00:00:00.000Z,Finanlease,FAS1M,Argentina,Argentina,3000000.00,COR USD Finanlease S1 (FAS1M),USD,USD,10.00%,,0.15,10.00,10.15,,,,1.00,9.00%,0.15%,4364.38,300000.00,304364.38,365.00,59.00
2028-03-10T00:00:00.000Z,4,2028-03-10T00:00:00.000Z,Cresud,CS50O,Argentina,Argentina,70381079.00,COR USD Cresud S34 C50 (CS50O),USD,USD,,100.00%,3.62,,3.62,,,,1.00,7.25%,3.62%,2544324.21,,2544324.21,365.00,182.00
2028-03-10T00:00:00.000Z,7,2028-03-10T00:00:00.000Z,Pampa Energia,MGCMO,Nueva York,Estados Unidos,410000000.00,COR USD Pampa Energia C21 (MGCMO),USD,USD,,100.00%,3.98,,3.98,,,,1.00,7.95%,3.98%,16297500.00,,16297500.00,360.00,180.00
2028-03-10T00:00:00.000Z,6,2028-03-10T00:00:00.000Z,Pecom Servicios Energia,MCC1O,Argentina,Argentina,29887257.00,COR USD Pecom Servicios Energia C1 (MCC1O),USD,USD,,100.00%,3.94,,3.94,,,,1.00,7.90%,3.94%,1177312.28,,1177312.28,365.00,182.00
2028-03-13T00:00:00.000Z,5,2028-03-11T00:00:00.000Z,YPF,YM1XO,Nueva York,Estados Unidos,,COR USD YPF C31 (YM1XO),USD,USD,,100.00%,4.38,,4.38,,,,1.00,8.75%,4.38%,,,,360.00,180.00
2028-03-13T00:00:00.000Z,7,2028-03-11T00:00:00.000Z,YPF,YMCXO,Nueva York,Estados Unidos,1040649400.00,COR USD YPF C31 (YMCXO),USD,USD,,100.00%,4.38,,4.38,,,,1.00,8.75%,4.38%,45528411.25,,45528411.25,360.00,180.00
2028-03-15T00:00:00.000Z,7,2028-03-15T00:00:00.000Z,YPF Luz,YFCOO,Argentina,Argentina,45021217.00,COR USD YPF Luz C23 (YFCOO),USD,USD,,100.00%,1.69,,1.69,,,,1.00,6.75%,1.69%,759733.04,,759733.04,360.00,90.00
2028-03-17T00:00:00.000Z,11,2028-03-17T00:00:00.000Z,Capex,CACBO,Argentina,Argentina,45097020.00,COR USD Capex C11 (CACBO),USD,USD,,100.00%,1.93,,1.93,,,,1.00,7.75%,1.93%,871360.91,,871360.91,365.00,91.00
2028-03-21T00:00:00.000Z,10,2028-03-21T00:00:00.000Z,Hattrick Energy,HT11M,Argentina,Argentina,7000000.00,COR USD Hattrick Energy S1 C1 (HT11M),USD,USD,9.09%,18.19%,0.65,9.09,9.74,,,,1.00,9.50%,0.65%,45228.75,636300.00,681528.75,365.00,91.00
2028-03-27T00:00:00.000Z,7,2028-03-27T00:00:00.000Z,Pan American Energy,PN35O,Argentina,Argentina,176944529.00,COR USD Pan American Energy C35 (PN35O),USD,USD,,100.00%,3.49,,3.49,,,,1.00,7.00%,3.49%,6176091.23,,6176091.23,365.00,182.00
2028-03-28T00:00:00.000Z,30,2028-03-28T00:00:00.000Z,Generación Litoral,GOC4O,Argentina,Argentina,14949364.00,COR USD Generación Litoral C4 (GOC4O),USD,USD,2.00%,78.00%,0.70,2.00,2.70,,,,1.00,11.00%,0.70%,104522.68,298987.28,403509.96,365.00,29.00
2028-03-30T00:00:00.000Z,15,2028-03-30T00:00:00.000Z,YPF,YMCJO,Nueva York,Estados Unidos,575649021.00,COR USD YPF C18 (YMCJO),USD,USD,,100.00%,3.50,,3.50,,,,1.00,7.00%,3.50%,20147715.74,,20147715.74,360.00,180.00
2028-03-31T00:00:00.000Z,48,2028-03-31T00:00:00.000Z,Argentina,PAP0,Argentina,Argentina,11245518.00,GOB ARS ARG Boncer (PAP0),ARS,ARS,,100.00%,473.94,,473.94,CER,,535.52,1.00,1.77%,0.89%,53296866.32,,53296866.32,360.00,180.00
2028-03-31T00:00:00.000Z,48,2028-03-31T00:00:00.000Z,Argentina,PARP,Argentina,Argentina,2858331172.00,GOB ARS ARG Boncer (PARP),ARS,ARS,,100.00%,473.94,,473.94,CER,,535.52,1.00,1.77%,0.89%,13546738741.60,,13546738741.60,360.00,180.00
2028-03-31T00:00:00.000Z,1,2028-03-31T00:00:00.000Z,Argentina,TZXM8,Argentina,Argentina,16645701152863.00,GOB ARS ARG Boncer (TZXM8),ARS,ARS,100.00%,,,107.45,107.45,CER,,1.07,1.00,,,,17885805888751.30,17885805888751.30,360.00,719.00
2028-03-31T00:00:00.000Z,8,2028-03-31T00:00:00.000Z,Apache,AQ11L,Argentina,Argentina,3900000.00,COR USD Apache S1 C1 (AQ11L),USD,USD,34.00%,,0.57,34.00,34.57,,,,1.00,6.75%,0.57%,22314.95,1326000.00,1348314.95,365.00,91.00
2028-03-31T00:00:00.000Z,24,2028-03-31T00:00:00.000Z,Argentina,AO28,Argentina,Argentina,1534369685.00,GOB USD ARG Bonar (AO28),USD,USD,,100.00%,0.50,,0.50,,,,1.00,6.00%,0.50%,7671848.42,,7671848.43,360.00,30.00
2028-03-31T00:00:00.000Z,38,2028-03-31T00:00:00.000Z,Argentina,PAY0,Nueva York,Estados Unidos,35014186.00,GOB USD ARG (PAY0),USD,USD,,100.00%,1.88,,1.88,,,,1.00,3.75%,1.88%,656515.99,,656515.99,360.00,180.00
2028-03-31T00:00:00.000Z,6,2028-03-31T00:00:00.000Z,IRSA,IRCPO,Nueva York,Estados Unidos,480454198.00,COR USD IRSA C24 (IRCPO),USD,USD,,100.00%,4.00,,4.00,,,,1.00,8.00%,4.00%,19218167.92,,19218167.92,360.00,180.00
2028-04-03T00:00:00.000Z,4,2028-04-01T00:00:00.000Z,Pampa Energia,MGCTO,Argentina,Argentina,200000000.00,COR USD Pampa Energia C27 (MGCTO),USD,USD,,100.00%,2.75,,2.75,,,,1.00,5.49%,2.75%,5505041.10,,5505041.10,365.00,183.00
2028-04-04T00:00:00.000Z,7,2028-04-04T00:00:00.000Z,Pampa Energia,MGCNO,Argentina,Argentina,83977835.00,COR USD Pampa Energia C22 (MGCNO),USD,USD,,100.00%,2.88,,2.88,,,,1.00,5.75%,2.88%,2420977.45,,2420977.45,365.00,183.00
2028-04-06T00:00:00.000Z,4,2028-04-06T00:00:00.000Z,Tropfen,OFS1L,Argentina,Argentina,1000000.00,COR USD Tropfen S1 (OFS1L),USD,USD,20.00%,40.00%,2.09,20.00,22.09,,,,1.00,6.95%,2.09%,20907.12,200000.00,220907.12,365.00,183.00
2028-04-10T00:00:00.000Z,4,2028-04-09T00:00:00.000Z,Akron,AXS1M,Argentina,Argentina,2000000.00,COR USD Akron S1 (AXS1M),USD,USD,25.00%,50.00%,3.20,25.00,28.20,,,,1.00,8.50%,3.20%,63924.66,500000.00,563924.66,365.00,183.00
2028-04-10T00:00:00.000Z,7,2028-04-10T00:00:00.000Z,B. Galicia,BYCHO,Nueva York,Estados Unidos,325000000.00,COR USD B. Galicia C16 (BYCHO),USD,USD,,100.00%,3.88,,3.88,,,,1.00,7.75%,3.88%,12593750.00,,12593750.00,360.00,180.00
2028-04-10T00:00:00.000Z,11,2028-04-08T00:00:00.000Z,Havanna Holding,HVS1O,Argentina,Argentina,18534790.00,COR USD Havanna S1 (HVS1O),USD,USD,,100.00%,2.18,,2.18,,,,1.00,8.75%,2.18%,404337.71,,404337.71,365.00,91.00
2028-04-10T00:00:00.000Z,7,2028-04-10T00:00:00.000Z,Vista Energy Argentina,VSCRO,Argentina,Estados Unidos,150000000.00,COR USD Vista Energy Argentina C26 (VSCRO),USD,USD,,100.00%,3.84,,3.84,,,,1.00,7.65%,3.84%,5753219.18,,5753219.18,365.00,183.00
2028-04-10T00:00:00.000Z,4,2028-04-08T00:00:00.000Z,Vista Energy Argentina,VSCXO,Nueva York,Estados Unidos,500000000.00,COR USD Vista Energy Argentina C31 (VSCXO),USD,USD,,100.00%,3.94,,3.94,,,,1.00,7.88%,3.94%,19687500.00,,19687500.00,360.00,180.00
2028-04-10T00:00:00.000Z,12,2028-04-10T00:00:00.000Z,YPF,YMCYO,Argentina,Argentina,125000000.00,COR USD YPF C32 (YMCYO),USD,USD,,100.00%,1.62,,1.62,,,,1.00,6.50%,1.62%,2025684.93,,2025684.93,365.00,91.00
2028-04-10T00:00:00.000Z,7,2028-04-10T00:00:00.000Z,YPF,YMCZO,Argentina,Estados Unidos,25000000.00,COR USD YPF C33 (YMCZO),USD,USD,,100.00%,3.51,,3.51,,,,1.00,7.00%,3.51%,877397.26,,877397.26,365.00,183.00
2028-04-12T00:00:00.000Z,17,2028-04-12T00:00:00.000Z,Aluar,LMS7O,Argentina,Estados Unidos,137898136.00,COR USD Aluar S7 (LMS7O),USD,USD,8.33%,16.70%,0.44,8.33,8.77,,,,1.00,7.00%,0.44%,610739.74,11486914.73,12097654.46,360.00,91.00
2028-04-17T00:00:00.000Z,7,2028-04-17T00:00:00.000Z,Genneia,GN47O,Argentina,Argentina,48349695.00,COR USD Genneia C47 (GN47O),USD,USD,,100.00%,3.01,,3.01,,,,1.00,6.00%,3.01%,1454464.80,,1454464.80,365.00,183.00
2028-04-17T00:00:00.000Z,6,2028-04-16T00:00:00.000Z,MSU,MSSGO,Argentina,Argentina,34876339.00,COR USD MSU S15 (MSSGO),USD,USD,,100.00%,4.26,,4.26,,,,1.00,8.50%,4.26%,1486305.35,,1486305.35,365.00,183.00
2028-04-17T00:00:00.000Z,11,2028-04-17T00:00:00.000Z,Otamerica Ebytem,OT42O,Argentina,Argentina,35231293.00,COR USD Oiltanking Ebytem S4 C2 (OT42O),USD,USD,,100.00%,1.99,,1.99,,,,1.00,8.00%,1.99%,702695.38,,702695.38,365.00,91.00
2028-04-17T00:00:00.000Z,8,2028-04-16T00:00:00.000Z,Scania Credit Argentina,SBC2O,Argentina,Argentina,40979825.00,COR USD Scania Credit Argentina C2 (SBC2O),USD,USD,9.00%,28.00%,0.69,9.00,9.69,,,,1.00,7.49%,0.69%,283140.61,3688184.25,3971324.86,365.00,91.00
2028-04-17T00:00:00.000Z,7,2028-04-16T00:00:00.000Z,YPF Luz,YFCJO,Nueva York,Estados Unidos,420000000.00,COR USD YPF Luz C18 (YFCJO),USD,USD,,100.00%,3.94,,3.94,,,,1.00,7.88%,3.94%,16537500.00,,16537500.00,360.00,180.00
2028-04-21T00:00:00.000Z,7,2028-04-21T00:00:00.000Z,John Deere,HJCGO,Argentina,Argentina,16405232.00,COR USD John Deere C15 (HJCGO),USD,USD,,100.00%,3.26,,3.26,,,,1.00,6.50%,3.26%,534630.78,,534630.78,365.00,183.00
2028-04-24T00:00:00.000Z,7,2028-04-24T00:00:00.000Z,Edenor,DNC7O,Nueva York,Estados Unidos,300000000.00,COR USD Edenor C7 (DNC7O),USD,USD,,100.00%,4.88,,4.88,,,,1.00,9.75%,4.88%,14625000.00,,14625000.00,360.00,180.00
2028-04-24T00:00:00.000Z,7,2028-04-22T00:00:00.000Z,PCR,PQCRO,Argentina,Argentina,46018072.00,COR USD PCR CR (PQCRO),USD,USD,,100.00%,3.42,,3.42,,,,1.00,6.75%,3.42%,1574385.41,,1574385.41,365.00,185.00
2028-04-24T00:00:00.000Z,10,2028-04-24T00:00:00.000Z,Raghsa,RAC5O,Nueva York,Estados Unidos,56777276.00,COR USD Raghsa C5 (RAC5O),USD,USD,,100.00%,4.13,,4.13,,,,1.00,8.25%,4.13%,2342062.63,,2342062.63,360.00,180.00
2028-04-24T00:00:00.000Z,7,2028-04-24T00:00:00.000Z,Tecpetrol,TTC9O,Argentina,Argentina,80541942.00,COR USD Tecpetrol C9 (TTC9O),USD,USD,,100.00%,3.41,,3.41,,,,1.00,6.80%,3.41%,2745928.57,,2745928.57,365.00,183.00
2028-04-27T00:00:00.000Z,6,2028-04-27T00:00:00.000Z,Pluspetrol,PLC2O,Argentina,Argentina,123020337.00,COR USD Pluspetrol C2 (PLC2O),USD,USD,,100.00%,3.76,,3.76,,,,1.00,7.50%,3.76%,4625901.71,,4625901.71,365.00,183.00
2028-04-28T00:00:00.000Z,25,2028-04-28T00:00:00.000Z,Argentina,AO28,Argentina,Argentina,1534369685.00,GOB USD ARG Bonar (AO28),USD,USD,,100.00%,0.47,,0.47,,,,1.00,6.00%,0.47%,7160391.86,,7160391.86,360.00,28.00
2028-04-28T00:00:00.000Z,4,2028-04-28T00:00:00.000Z,Edenor,DNCAO,Nueva York,Estados Unidos,550000000.00,COR USD Edenor C10 S1 (DNCAO),USD,USD,,100.00%,4.75,,4.75,,,,1.00,9.50%,4.75%,26125000.00,,26125000.00,360.00,180.00
2028-04-28T00:00:00.000Z,31,2028-04-28T00:00:00.000Z,Generación Litoral,GOC4O,Argentina,Argentina,14949364.00,COR USD Generación Litoral C4 (GOC4O),USD,USD,2.00%,76.00%,0.73,2.00,2.73,,,,1.00,11.00%,0.73%,108937.86,298987.28,407925.14,365.00,31.00
2028-04-28T00:00:00.000Z,8,2028-04-28T00:00:00.000Z,Ricardo Venturino,VES2L,Argentina,Argentina,7000000.00,COR USD Ricardo Venturino S2 (VES2L),USD,USD,25.00%,25.00%,0.74,25.00,25.74,,,,1.00,5.97%,0.74%,52094.38,1750000.00,1802094.38,365.00,91.00
2028-05-02T00:00:00.000Z,26,2028-05-01T00:00:00.000Z,AA 2000,AER4O,Nueva York,Estados Unidos,62016667.00,COR USD AA 2000 (AER4O),USD,USD,4.44%,37.84%,1.02,4.44,5.46,,,,1.00,9.50%,1.02%,629659.70,2753540.01,3383199.71,360.00,91.00
2028-05-02T00:00:00.000Z,26,2028-05-01T00:00:00.000Z,AA 2000,ARC1O,Nueva York,Estados Unidos,272949631.00,COR USD AA 2000 (ARC1O),USD,USD,3.49%,73.41%,1.65,3.49,5.15,,,,1.00,8.50%,1.65%,4510231.75,9533311.76,14043543.52,360.00,91.00
2028-05-02T00:00:00.000Z,4,2028-04-30T00:00:00.000Z,Central Puerto,NPCDO,Argentina,Argentina,130120007.00,COR USD Central Puerto CD (NPCDO),USD,USD,,100.00%,3.01,,3.01,,,,1.00,6.00%,3.01%,3914295.01,,3914295.01,365.00,183.00
2028-05-02T00:00:00.000Z,4,2028-04-30T00:00:00.000Z,Cresud,CS52O,Argentina,Argentina,41201813.00,COR USD Cresud C52 (CS52O),USD,USD,100.00%,,2.38,100.00,102.38,,,,1.00,4.75%,2.38%,981224.00,41201813.00,42183037.00,365.00,183.00
2028-05-02T00:00:00.000Z,4,2028-04-30T00:00:00.000Z,Cresud,CS53O,Argentina,Argentina,22998047.00,COR USD Cresud C53 (CS53O),USD,USD,,100.00%,3.13,,3.13,,,,1.00,6.25%,3.13%,720657.98,,720657.98,365.00,183.00
2028-05-02T00:00:00.000Z,12,2028-05-01T00:00:00.000Z,Otamerica Ebytem,OTS3O,Argentina,Argentina,35529895.00,COR USD Oiltanking Ebytem S3 (OTS3O),USD,USD,,100.00%,1.73,,1.73,,,,1.00,7.00%,1.73%,613255.72,,613255.72,365.00,90.00
2028-05-02T00:00:00.000Z,7,2028-04-29T00:00:00.000Z,Otamerica Ebytem,OTS6O,Argentina,Argentina,50000000.00,COR USD Otamerica Ebytem S6 (OTS6O),USD,USD,,100.00%,1.68,,1.68,,,,1.00,6.74%,1.68%,840191.78,,840191.78,365.00,91.00
2028-05-02T00:00:00.000Z,8,2028-04-30T00:00:00.000Z,Pan American Energy,PNXCO,Nueva York,Estados Unidos,400000000.00,COR USD Pan American Energy C31 (PNXCO),USD,USD,,100.00%,4.25,,4.25,,,,1.00,8.50%,4.25%,17000000.00,,17000000.00,360.00,180.00
2028-05-02T00:00:00.000Z,6,2028-04-30T00:00:00.000Z,Pluspetrol,PLC3O,Argentina,Argentina,90722914.00,COR USD Pluspetrol C3 (PLC3O),USD,USD,100.00%,,1.85,100.00,101.85,,,,1.00,7.25%,1.85%,1675888.35,90722914.00,92398802.35,365.00,93.00
2028-05-02T00:00:00.000Z,59,2028-05-02T00:00:00.000Z,YPF,YPC4O,Nueva York,Estados Unidos,14818000.00,COR USD YPF SA (YPC4O),USD,USD,,100.00%,5.00,,5.00,,,,1.00,10.00%,5.00%,740900.00,,740900.00,360.00,180.00
2028-05-03T00:00:00.000Z,5,2028-05-03T00:00:00.000Z,Tecpetrol,TTCDO,Nueva York,Estados Unidos,750000000.00,COR USD Tecpetrol C12 (TTCDO),USD,USD,,100.00%,3.81,,3.81,,,,1.00,7.63%,3.81%,28593750.00,,28593750.00,360.00,180.00
2028-05-03T00:00:00.000Z,8,2028-05-03T00:00:00.000Z,Vista Energy Argentina,VSCPO,Argentina,Estados Unidos,46561789.00,COR USD Vista Energy Argentina C24 (VSCPO),USD,USD,25.00%,50.00%,2.99,25.00,27.99,,,,1.00,8.00%,2.99%,1393026.67,11640447.25,13033473.92,365.00,182.00
2028-05-08T00:00:00.000Z,4,2028-05-08T00:00:00.000Z,BBVA Argentina,BF44O,Argentina,Argentina,48018887.00,COR USD BBVA Argentina C44 (BF44O),USD,USD,100.00%,,2.49,100.00,102.49,,,,1.00,5.00%,2.49%,1197183.21,48018887.00,49216070.21,365.00,182.00
2028-05-08T00:00:00.000Z,4,2028-05-08T00:00:00.000Z,Profertil,PFC3O,Argentina,Argentina,70000000.00,COR USD Profertil C3 (PFC3O),USD,USD,,100.00%,2.87,,2.87,,,,1.00,5.75%,2.87%,2006986.30,,2006986.30,365.00,182.00
2028-05-09T00:00:00.000Z,15,2028-05-09T00:00:00.000Z,Argentina,TX28,Argentina,Argentina,75904842660.00,GOB ARS ARG Boncer (TX28),ARS,ARS,10.00%,10.00%,7.78,345.65,353.43,CER,,34.57,1.00,2.25%,0.22%,5903263832.87,262367365799.57,268270629632.44,360.00,180.00
2028-05-11T00:00:00.000Z,4,2028-05-11T00:00:00.000Z,BNA,NZC2O,Argentina,Argentina,30445485.00,COR USD BNA C2 (NZC2O),USD,USD,,100.00%,2.74,,2.74,,,,1.00,5.50%,2.74%,834957.00,,834957.00,365.00,182.00
2028-05-11T00:00:00.000Z,4,2028-05-11T00:00:00.000Z,Farmacity,FYC1O,Argentina,Argentina,15000000.00,COR USD Farmacity C1 (FYC1O),USD,USD,,100.00%,3.74,,3.74,,,,1.00,7.50%,3.74%,560958.90,,560958.90,365.00,182.00
2028-05-11T00:00:00.000Z,4,2028-05-11T00:00:00.000Z,Pecom Servicios Energia,MCC3O,Argentina,Argentina,196759808.00,COR USD Pecom Servicios Energia C3 (MCC3O),USD,USD,,100.00%,3.74,,3.74,,,,1.00,7.50%,3.74%,7358277.75,,7358277.75,365.00,182.00
2028-05-12T00:00:00.000Z,7,2028-05-12T00:00:00.000Z,CNH,CIC8O,Argentina,Argentina,11056884.00,COR USD CNH C8 (CIC80),USD,USD,,100.00%,3.74,,3.74,,,,1.00,7.50%,3.74%,413497.17,,413497.17,365.00,182.00
2028-05-12T00:00:00.000Z,4,2028-05-12T00:00:00.000Z,Puente,PHC4O,Argentina,Argentina,20394733.00,COR USD Puente C4 (PHC4O),USD,USD,33.00%,34.00%,2.17,33.00,35.17,,,,1.00,6.50%,2.17%,442878.61,6730261.89,7173140.50,365.00,182.00
2028-05-15T00:00:00.000Z,8,2028-05-13T00:00:00.000Z,Agronorte,ORS1L,Argentina,Argentina,7500000.00,COR USD Agronorte S1 (ORS1L),USD,USD,20.00%,40.00%,0.89,20.00,20.89,,,,1.00,5.95%,0.89%,66754.11,1500000.00,1566754.11,365.00,91.00
2028-05-15T00:00:00.000Z,7,2028-05-15T00:00:00.000Z,Cresud,CS47O,Argentina,Argentina,64417023.00,COR USD Cresud C47 (CS47O),USD,USD,,100.00%,3.49,,3.49,,,,1.00,7.00%,3.49%,2248418.83,,2248418.83,365.00,182.00
2028-05-15T00:00:00.000Z,4,2028-05-14T00:00:00.000Z,Pampa Energia,MG1RO,Nueva York,Estados Unidos,500000000.00,COR USD Pampa Energia C26 Adicionales (MG1RO),USD,USD,,100.00%,3.88,,3.88,,,,1.00,7.75%,3.88%,19375000.00,,19375000.00,360.00,180.00
2028-05-15T00:00:00.000Z,5,2028-05-14T00:00:00.000Z,Pampa Energia,MGCRO,Nueva York,Estados Unidos,450000000.00,COR USD Pampa Energia C26 (MGCRO),USD,USD,,100.00%,3.88,,3.88,,,,1.00,7.75%,3.88%,17437500.00,,17437500.00,360.00,180.00
2028-05-15T00:00:00.000Z,7,2028-05-13T00:00:00.000Z,Pan American Energy,PN36O,Argentina,Argentina,78100553.00,COR USD Pan American Energy C36 (PN36O),USD,USD,,100.00%,3.62,,3.62,,,,1.00,7.25%,3.62%,2823388.48,,2823388.48,365.00,182.00
2028-05-15T00:00:00.000Z,7,2028-05-13T00:00:00.000Z,Pan American Energy,PN37O,Argentina,Argentina,74172648.00,COR USD Pan American Energy C37 (PN37O),USD,USD,,100.00%,3.12,,3.12,,,,1.00,6.25%,3.12%,2311544.85,,2311544.85,365.00,182.00
2028-05-18T00:00:00.000Z,5,2028-05-18T00:00:00.000Z,Pluspetrol,PLC5O,Nueva York,Estados Unidos,500000000.00,COR USD Pluspetrol C5 (PLC5O),USD,USD,,100.00%,4.06,,4.06,,,,1.00,8.13%,4.06%,20312500.00,,20312500.00,360.00,180.00
2028-05-22T00:00:00.000Z,4,2028-05-21T00:00:00.000Z,Arcor,RC5CO,Argentina,Argentina,50000000.00,COR USD Arcor C5 (RC5CO),USD,USD,,100.00%,2.62,,2.62,,,,1.00,5.25%,2.62%,1308904.11,,1308904.11,365.00,182.00
2028-05-22T00:00:00.000Z,4,2028-05-21T00:00:00.000Z,Tecpetrol,TTCEO,Argentina,Argentina,100000000.00,COR USD Tecpetrol C13 (TTCEO),USD,USD,,100.00%,2.74,,2.74,,,,1.00,5.50%,2.74%,2742465.75,,2742465.75,365.00,182.00
2028-05-22T00:00:00.000Z,5,2028-05-20T00:00:00.000Z,Transportadora de Gas del Sur,TSC4O,Nueva York,Estados Unidos,500000000.00,COR USD Transportadora de Gas del Sur C4 (TSC4O),USD,USD,,100.00%,3.88,,3.88,,,,1.00,7.75%,3.88%,19375000.00,,19375000.00,360.00,180.00
2028-05-22T00:00:00.000Z,12,2028-05-22T00:00:00.000Z,YPF Luz,YFCLO,Argentina,Argentina,50981768.00,COR USD YPF Luz C20 (YFCLO),USD,USD,,100.00%,1.69,,1.69,,,,1.00,6.75%,1.69%,860317.34,,860317.34,360.00,90.00
2028-05-26T00:00:00.000Z,7,2028-05-26T00:00:00.000Z,Scania Credit Argentina,SBC3O,Argentina,Argentina,26971883.00,COR USD Scania Credit Argentina C3 (SBC3O),USD,USD,9.00%,37.00%,0.74,9.00,9.74,,,,1.00,6.50%,0.74%,198852.98,2427469.47,2626322.45,365.00,90.00
2028-05-29T00:00:00.000Z,5,2028-05-28T00:00:00.000Z,CGC,CP38O,Nueva York,Estados Unidos,500000000.00,COR USD CGC C38 (CP38O),USD,USD,,100.00%,5.94,,5.94,,,,1.00,11.88%,5.94%,29687500.00,,29687500.00,360.00,180.00
2028-05-29T00:00:00.000Z,8,2028-05-29T00:00:00.000Z,Del Fabro,DFS1L,Argentina,Argentina,5000000.00,COR USD Del Fabro S1 (DFS1L),USD,USD,20.00%,40.00%,1.00,20.00,21.00,,,,1.00,6.74%,1.00%,49857.53,1000000.00,1049857.53,365.00,90.00
2028-05-29T00:00:00.000Z,8,2028-05-29T00:00:00.000Z,Diransa,DIC2L,Argentina,Argentina,3000000.00,COR USD Diransa C2 (DIC2L),USD,USD,25.00%,25.00%,0.74,25.00,25.74,,,,1.00,5.99%,0.74%,22154.79,750000.00,772154.79,365.00,90.00
2028-05-29T00:00:00.000Z,32,2028-05-28T00:00:00.000Z,Generación Litoral,GOC4O,Argentina,Argentina,14949364.00,COR USD Generación Litoral C4 (GOC4O),USD,USD,2.25%,73.75%,0.71,2.25,2.96,,,,1.00,11.00%,0.71%,106144.58,336360.69,442505.27,365.00,31.00
2028-05-29T00:00:00.000Z,8,2028-05-28T00:00:00.000Z,Mirgor,MIC6O,Argentina,Argentina,22382970.00,COR USD Mirgor C6 (MIC6O),USD,USD,100.00%,,1.99,100.00,101.99,,,,1.00,8.00%,1.99%,446432.94,22382970.00,22829402.94,365.00,91.00
2028-05-29T00:00:00.000Z,4,2028-05-27T00:00:00.000Z,Pluspetrol,PLC6O,Argentina,Argentina,167492889.00,COR USD Pluspetrol C6 (PLC6O),USD,USD,,100.00%,3.24,,3.24,,,,1.00,6.50%,3.24%,5428605.14,,5428605.14,365.00,182.00
2028-05-29T00:00:00.000Z,6,2028-05-28T00:00:00.000Z,Telecom Argentina,TLCPO,Nueva York,Estados Unidos,1000000000.00,COR USD Telecom Argentina C24 (TLCPO),USD,USD,,100.00%,4.63,,4.63,,,,1.00,9.25%,4.63%,46250000.00,,46250000.00,360.00,180.00
2028-05-29T00:00:00.000Z,4,2028-05-29T00:00:00.000Z,Telecom Argentina,TLCWO,Argentina,Argentina,35149670.00,COR USD Telecom Argentina C30 (TLCWO),USD,USD,,100.00%,3.12,,3.12,,,,1.00,6.25%,3.12%,1095417.80,,1095417.80,365.00,182.00
2028-05-29T00:00:00.000Z,7,2028-05-28T00:00:00.000Z,Telecom Argentina,TLCOO,Argentina,Argentina,75247975.00,COR USD Telecom C23 (TLCOO),USD,USD,,100.00%,3.49,,3.49,,,,1.00,7.00%,3.49%,2626463.57,,2626463.57,365.00,182.00
2028-05-29T00:00:00.000Z,11,2028-05-28T00:00:00.000Z,YPF,YM40O,Argentina,Argentina,51383412.00,COR USD YPF C40 (YM40O),USD,USD,,100.00%,1.85,,1.85,,,,1.00,7.50%,1.85%,950241.18,,950241.18,365.00,90.00
2028-05-30T00:00:00.000Z,12,2028-05-30T00:00:00.000Z,Argentina,TX31,Argentina,Argentina,110944599869.00,GOB ARS ARG Boncer (TX31),ARS,ARS,10.00%,70.00%,16.61,166.10,182.71,CER,,16.61,1.00,2.50%,1.00%,18428230872.04,184282308720.41,202710539592.45,360.00,180.00
2028-05-30T00:00:00.000Z,6,2028-05-30T00:00:00.000Z,Argentina,TY30P,Argentina,Argentina,1691807339451.00,GOB ARS ARG Bote (TY30P),ARS,ARS,,100.00%,14.75,,14.75,,,,1.00,29.50%,14.75%,249541582569.02,,249541582569.02,360.00,180.00
2028-05-30T00:00:00.000Z,5,2028-05-30T00:00:00.000Z,Argentina,AN29,Argentina,Argentina,1000000000.00,GOB USD ARG Bonar (AN29),USD,USD,,100.00%,3.25,,3.25,,,,1.00,6.50%,3.25%,32500000.00,,32500000.00,360.00,180.00
2028-05-30T00:00:00.000Z,6,2028-05-30T00:00:00.000Z,Pluspetrol,PLC4O,Nueva York,Estados Unidos,650000000.00,COR USD Pluspetrol C4 (PLC4O),USD,USD,,100.00%,4.25,,4.25,,,,1.00,8.50%,4.25%,27625000.00,,27625000.00,360.00,180.00
2028-05-31T00:00:00.000Z,26,2028-05-31T00:00:00.000Z,Argentina,AO28,Argentina,Argentina,1534369685.00,GOB USD ARG Bonar (AO28),USD,USD,,100.00%,0.55,,0.55,,,,1.00,6.00%,0.55%,8439033.27,,8439033.27,360.00,33.00
2028-06-02T00:00:00.000Z,5,2028-06-02T00:00:00.000Z,Genneia,GN49O,Nueva York,Estados Unidos,400000000.00,COR USD Genneia C49 (GN49O),USD,USD,,100.00%,3.88,,3.88,,,,1.00,7.75%,3.88%,15500000.00,,15500000.00,360.00,180.00
2028-06-02T00:00:00.000Z,5,2028-06-02T00:00:00.000Z,YPF,YM42O,Argentina,Argentina,355922807.00,COR USD YPF C42 (YM42O),USD,USD,,100.00%,3.51,,3.51,,,,1.00,7.00%,3.51%,12491427.83,,12491427.83,365.00,183.00
2028-06-05T00:00:00.000Z,4,2028-06-05T00:00:00.000Z,B. Comafi,AFCPO,Argentina,Argentina,12833373.00,COR USD B. Comafi C24 (AFCPO),USD,USD,100.00%,,2.63,100.00,102.63,,,,1.00,5.25%,2.63%,337798.99,12833373.00,13171171.99,365.00,183.00
2028-06-05T00:00:00.000Z,4,2028-06-05T00:00:00.000Z,B. Galicia,BYY2O,Argentina,Argentina,53059085.00,COR USD B. Galicia C32 S2 (BYY2O),USD,USD,100.00%,,2.38,100.00,102.38,,,,1.00,4.75%,2.38%,1263605.74,53059085.00,54322690.74,365.00,183.00
2028-06-05T00:00:00.000Z,5,2028-06-04T00:00:00.000Z,Capex,CACDO,Argentina,Argentina,70905879.00,COR USD Capex C12 (CACDO),USD,USD,,100.00%,4.14,,4.14,,,,1.00,8.25%,4.14%,2932880.84,,2932880.84,365.00,183.00
2028-06-05T00:00:00.000Z,5,2028-06-03T00:00:00.000Z,CNH,CICAO,Argentina,Argentina,56429788.00,COR USD CNH C10 (CICAO),USD,USD,100.00%,,4.05,100.00,104.05,,,,1.00,8.00%,4.05%,2288111.95,56429788.00,58717899.95,365.00,185.00
2028-06-05T00:00:00.000Z,8,2028-06-03T00:00:00.000Z,Fortecar,FCS1M,Argentina,Argentina,4200000.00,COR USD Fortecar S1 (FCS1M),USD,USD,20.00%,,0.41,20.00,20.41,,,,1.00,8.00%,0.41%,17306.30,840000.00,857306.30,365.00,94.00
2028-06-05T00:00:00.000Z,7,2028-06-05T00:00:00.000Z,MSU Energy,RUCDO,Nueva York,Estados Unidos,400000000.00,COR USD MSU Energy C12 (RUCDO),USD,USD,,100.00%,4.88,,4.88,,,,1.00,9.75%,4.88%,19500000.00,,19500000.00,360.00,180.00
2028-06-05T00:00:00.000Z,5,2028-06-05T00:00:00.000Z,Oleoductos del Valle,OLC6O,Argentina,Argentina,115514950.00,COR USD Oleoductos del Valle C6 (OLC6O),USD,USD,,100.00%,3.76,,3.76,,,,1.00,7.50%,3.76%,4343678.60,,4343678.60,365.00,183.00
2028-06-05T00:00:00.000Z,13,2028-06-04T00:00:00.000Z,Plaza Logistica,PZCGO,Argentina,Argentina,9587538.00,COR USD Plaza Logistica C15 (PZCGO),USD,USD,100.00%,,1.77,100.00,101.77,,,,1.00,7.00%,1.77%,169646.16,9587538.00,9757184.16,360.00,91.00
2028-06-08T00:00:00.000Z,4,2028-06-08T00:00:00.000Z,John Deere,HJCLO,Argentina,Argentina,80000000.00,COR USD John Deere C20 (HJCLO),USD,USD,,100.00%,3.26,,3.26,,,,1.00,6.50%,3.26%,2607123.29,,2607123.29,365.00,183.00
2028-06-12T00:00:00.000Z,7,2028-06-10T00:00:00.000Z,Clisa,CLI1O,Nueva York,Estados Unidos,74985749.00,COR USD Clisa C1 (CLI1O),USD,USD,,100.00%,3.50,,3.50,,,,1.00,7.00%,3.50%,2624501.22,,2624501.22,360.00,180.00
2028-06-12T00:00:00.000Z,8,2028-06-10T00:00:00.000Z,Clisa,CLSIO,Nueva York,Estados Unidos,200000000.00,COR USD Clisa (CLSIO),USD,USD,,100.00%,4.25,,4.25,,,,1.00,8.50%,4.25%,8500000.00,,8500000.00,360.00,180.00
2028-06-12T00:00:00.000Z,6,2028-06-12T00:00:00.000Z,Oleoductos del Valle,OLC5O,Argentina,Argentina,85000000.00,COR USD Oleoductos del Valle C5 (OLC5O),USD,USD,100.00%,,3.96,100.00,103.96,,,,1.00,7.89%,3.96%,3362436.99,85000000.00,88362436.99,365.00,183.00
2028-06-12T00:00:00.000Z,7,2028-06-11T00:00:00.000Z,Raghsa,RAC7O,Nueva York,Estados Unidos,48705263.00,COR USD Raghsa C7 (RAC7O),USD,USD,,100.00%,4.25,,4.25,,,,1.00,8.50%,4.25%,2069973.68,,2069973.68,360.00,180.00
2028-06-12T00:00:00.000Z,7,2028-06-10T00:00:00.000Z,Vista Energy Argentina,VSCTO,Nueva York,Estados Unidos,600000000.00,COR USD Vista Energy Argentina C27 (VSCTO),USD,USD,,100.00%,3.81,,3.81,,,,1.00,7.63%,3.81%,22875000.00,,22875000.00,360.00,180.00
2028-06-12T00:00:00.000Z,6,2028-06-10T00:00:00.000Z,Vista Energy Argentina,VSCVO,Nueva York,Estados Unidos,900000000.00,COR USD Vista Energy Argentina C29 (VSCVO),USD,USD,,100.00%,4.25,,4.25,,,,1.00,8.50%,4.25%,38250000.00,,38250000.00,360.00,180.00
2028-06-15T00:00:00.000Z,21,2028-06-15T00:00:00.000Z,YPF,YCANO,Nueva York,Estados Unidos,536612500.00,COR USD YPF 15-12-47,USD,USD,,100.00%,3.50,,3.50,,,,1.00,7.00%,3.50%,18781437.50,,18781437.50,360.00,180.00
2028-06-15T00:00:00.000Z,8,2028-06-15T00:00:00.000Z,YPF Luz,YFCOO,Argentina,Argentina,45021217.00,COR USD YPF Luz C23 (YFCOO),USD,USD,,100.00%,1.69,,1.69,,,,1.00,6.75%,1.69%,759733.04,,759733.04,360.00,90.00
2028-06-16T00:00:00.000Z,12,2028-06-16T00:00:00.000Z,Capex,CACBO,Argentina,Argentina,45097020.00,COR USD Capex C11 (CACBO),USD,USD,100.00%,,1.93,100.00,101.93,,,,1.00,7.75%,1.93%,871360.91,45097020.00,45968380.91,365.00,91.00
2028-06-16T00:00:00.000Z,7,2028-06-16T00:00:00.000Z,Pampa Energia,MGCOO,Nueva York,Estados Unidos,700000000.00,COR USD Pampa Energia C23 (MGCOO),USD,USD,,100.00%,3.94,,3.94,,,,1.00,7.88%,3.94%,27562500.00,,27562500.00,360.00,180.00
2028-06-21T00:00:00.000Z,11,2028-06-21T00:00:00.000Z,Hattrick Energy,HT11M,Argentina,Argentina,7000000.00,COR USD Hattrick Energy S1 C1 (HT11M),USD,USD,9.09%,9.10%,0.44,9.09,9.53,,,,1.00,9.50%,0.44%,30489.43,636300.00,666789.43,365.00,92.00
2028-06-21T00:00:00.000Z,7,2028-06-20T00:00:00.000Z,MSU Green Energy,EAC3O,Argentina,Argentina,21376563.00,COR USD MSU Green Energy C3 (EAC3O),USD,USD,,100.00%,4.26,,4.26,,,,1.00,8.50%,4.26%,910992.98,,910992.98,365.00,183.00
2028-06-22T00:00:00.000Z,12,2028-06-22T00:00:00.000Z,Irsa Prop,IRCFO,Nueva York,Estados Unidos,103292263.00,COR USD Irsa Prop C14 (IRCFO),USD,USD,30.00%,,1.31,30.00,31.31,,,,1.00,8.75%,1.31%,1355710.95,30987678.90,32343389.85,360.00,180.00
2028-06-23T00:00:00.000Z,6,2028-06-23T00:00:00.000Z,B. Macro,BACGO,Nueva York,Estados Unidos,530000000.00,COR USD B. Macro CG (BACGO),USD,USD,,100.00%,4.00,,4.00,,,,1.00,8.00%,4.00%,21200000.00,,21200000.00,360.00,180.00
2028-06-23T00:00:00.000Z,5,2028-06-23T00:00:00.000Z,Promedon,PBS1M,Argentina,Argentina,4500000.00,COR USD Promedon S1 (PBS1M),USD,USD,20.00%,20.00%,1.89,20.00,21.89,,,,1.00,9.40%,1.89%,84831.78,900000.00,984831.78,365.00,183.00
2028-06-27T00:00:00.000Z,18,2028-06-27T00:00:00.000Z,YPF,YMC1O,Nueva York,Estados Unidos,398972000.00,COR USD YPF (YMC1O),USD,USD,,100.00%,4.25,,4.25,,,,1.00,8.50%,4.25%,16956310.00,,16956310.00,360.00,180.00
2028-06-28T00:00:00.000Z,33,2028-06-28T00:00:00.000Z,Generación Litoral,GOC4O,Argentina,Argentina,14949364.00,COR USD Generación Litoral C4 (GOC4O),USD,USD,2.25%,71.50%,0.67,2.25,2.92,,,,1.00,11.00%,0.67%,99679.49,336360.69,436040.18,365.00,30.00
2028-06-30T00:00:00.000Z,49,2028-06-30T00:00:00.000Z,Argentina,DICP,Argentina,Argentina,4243693957.00,GOB ARS ARG Boncer (DICP),ARS,ARS,5.00%,55.00%,1189.46,3400.41,4589.87,CER,,535.52,1.27,5.83%,2.22%,50477115981.21,144302790834.65,194779906815.86,360.00,180.00
2028-06-30T00:00:00.000Z,49,2028-06-30T00:00:00.000Z,Argentina,DIP0,Argentina,Argentina,125510513.00,GOB ARS ARG Boncer (DIP0),ARS,ARS,5.00%,55.00%,1189.46,3400.41,4589.87,CER,,535.52,1.27,5.83%,2.22%,1492899531.81,4267866035.70,5760765567.51,360.00,180.00
2028-06-30T00:00:00.000Z,1,2028-06-30T00:00:00.000Z,Argentina,TZX28,Argentina,Argentina,5339258590368.00,GOB ARS ARG Boncer (TZX28),ARS,ARS,100.00%,,,388.87,388.87,CER,,3.89,1.00,,,,20762774880364.04,20762774880364.04,360.00,1589.00
2028-06-30T00:00:00.000Z,49,2028-06-30T00:00:00.000Z,Argentina,CUAP,Argentina,Argentina,23434050685.00,GOB ARS ARG (CUAP),ARS,ARS,,100.00%,1230.70,,1230.70,CER,,535.52,1.39,3.31%,2.30%,288402364978.42,,288402364978.42,360.00,180.00
2028-06-30T00:00:00.000Z,1,2028-06-30T00:00:00.000Z,Argentina,TZV28,Argentina,Argentina,1024427262.00,GOB USD-L ARG (TZV28),ARS,USD,100.00%,,,142900.00,142900.00,A3500,1429.00,,1.00,,,,1463906557398.00,1463906557398.00,360.00,810.00
2028-06-30T00:00:00.000Z,27,2028-06-30T00:00:00.000Z,Argentina,AO28,Argentina,Argentina,1534369685.00,GOB USD ARG Bonar (AO28),USD,USD,,100.00%,0.50,,0.50,,,,1.00,6.00%,0.50%,7671848.42,,7671848.43,360.00,30.00
2028-06-30T00:00:00.000Z,15,2028-06-30T00:00:00.000Z,YPF,YMCIO,Nueva York,Estados Unidos,747833257.00,COR USD YPF C17 (YMCIO),USD,USD,14.29%,28.57%,1.93,14.29,16.21,,,,1.00,9.00%,1.93%,14422498.91,106833320.29,121255819.20,360.00,180.00
2028-07-10T00:00:00.000Z,15,2028-07-09T00:00:00.000Z,Argentina,GD29,Nueva York,Estados Unidos,2620524000.00,GOB USD ARG Birad (GD29),USD,USD,10.00%,20.00%,0.15,10.00,10.15,,,,1.00,1.00%,0.15%,3930786.00,262052400.00,265983186.00,360.00,180.00
2028-07-10T00:00:00.000Z,15,2028-07-09T00:00:00.000Z,Argentina,GD30,Nueva York,Estados Unidos,13587430959.00,GOB USD ARG Birad (GD30),USD,USD,8.00%,32.00%,0.35,8.00,8.35,,,,1.00,1.75%,0.35%,47556008.36,1086994476.72,1134550485.08,360.00,180.00
2028-07-10T00:00:00.000Z,15,2028-07-09T00:00:00.000Z,Argentina,GD35,Nueva York,Estados Unidos,20436350000.00,GOB USD ARG Birad (GD35),USD,USD,,100.00%,2.38,,2.38,,,,1.00,4.75%,2.38%,485363312.50,,485363312.50,360.00,180.00
2028-07-10T00:00:00.000Z,15,2028-07-09T00:00:00.000Z,Argentina,GD38,Nueva York,Estados Unidos,10063292000.00,GOB USD ARG Birad (GD38),USD,USD,4.55%,86.36%,2.27,4.55,6.82,,,,1.00,5.00%,2.27%,228711179.53,457422363.64,686133543.17,360.00,180.00
2028-07-10T00:00:00.000Z,15,2028-07-09T00:00:00.000Z,Argentina,GD41,Nueva York,Estados Unidos,10482111279.00,GOB USD ARG Birad (GD41),USD,USD,3.57%,92.86%,1.69,3.57,5.26,,,,1.00,3.50%,1.69%,176885627.05,374361117.11,551246744.15,360.00,180.00
2028-07-10T00:00:00.000Z,15,2028-07-09T00:00:00.000Z,Argentina,GD46,Nueva York,Estados Unidos,2091997124.00,GOB USD ARG Birad (GD46),USD,USD,2.27%,81.82%,1.84,2.27,4.11,,,,1.00,4.38%,1.84%,38482050.24,47545389.18,86027439.42,360.00,180.00
2028-07-10T00:00:00.000Z,15,2028-07-09T00:00:00.000Z,Argentina,AE38,Argentina,Argentina,12324977546.00,GOB USD ARG Bonar (AE38),USD,USD,4.55%,86.36%,2.27,4.55,6.82,,,,1.00,5.00%,2.27%,280113123.24,560226308.11,840339431.36,360.00,180.00
2028-07-10T00:00:00.000Z,15,2028-07-09T00:00:00.000Z,Argentina,AL29,Argentina,Argentina,1394901484.00,GOB USD ARG Bonar (AL29),USD,USD,10.00%,20.00%,0.15,10.00,10.15,,,,1.00,1.00%,0.15%,2092352.23,139490148.40,141582500.63,360.00,180.00
2028-07-10T00:00:00.000Z,15,2028-07-09T00:00:00.000Z,Argentina,AL30,Argentina,Argentina,13102738119.00,GOB USD ARG Bonar (AL30),USD,USD,8.00%,32.00%,0.35,8.00,8.35,,,,1.00,1.75%,0.35%,45859583.42,1048219049.52,1094078632.94,360.00,180.00
2028-07-10T00:00:00.000Z,15,2028-07-09T00:00:00.000Z,Argentina,AL35,Argentina,Argentina,20243999549.00,GOB USD ARG Bonar (AL35),USD,USD,,100.00%,2.38,,2.38,,,,1.00,4.75%,2.38%,480794989.29,,480794989.29,360.00,180.00
2028-07-10T00:00:00.000Z,15,2028-07-09T00:00:00.000Z,Argentina,AL41,Argentina,Argentina,1542233749.00,GOB USD ARG Bonar (AL41),USD,USD,3.57%,92.86%,1.69,3.57,5.26,,,,1.00,3.50%,1.69%,26025194.40,55079776.75,81104971.15,360.00,180.00
2028-07-10T00:00:00.000Z,12,2028-07-08T00:00:00.000Z,Havanna Holding,HVS1O,Argentina,Argentina,18534790.00,COR USD Havanna S1 (HVS1O),USD,USD,100.00%,,2.18,100.00,102.18,,,,1.00,8.75%,2.18%,404337.71,18534790.00,18939127.71,365.00,91.00
2028-07-10T00:00:00.000Z,13,2028-07-10T00:00:00.000Z,YPF,YMCYO,Argentina,Argentina,125000000.00,COR USD YPF C32 (YMCYO),USD,USD,,100.00%,1.62,,1.62,,,,1.00,6.50%,1.62%,2025684.93,,2025684.93,365.00,91.00
2028-07-11T00:00:00.000Z,6,2028-07-11T00:00:00.000Z,Cresud,CS48O,Argentina,Argentina,43656188.00,COR USD Cresud C48 (CS48O),USD,USD,100.00%,,3.99,100.00,103.99,,,,1.00,8.00%,3.99%,1741463.28,43656188.00,45397651.28,365.00,182.00
2028-07-12T00:00:00.000Z,18,2028-07-12T00:00:00.000Z,Aluar,LMS7O,Argentina,Estados Unidos,137898136.00,COR USD Aluar S7 (LMS7O),USD,USD,8.33%,8.37%,0.30,8.33,8.63,,,,1.00,7.00%,0.30%,407485.16,11486914.73,11894399.89,360.00,91.00
2028-07-14T00:00:00.000Z,10,2028-07-14T00:00:00.000Z,San Miguel,SNABO,Argentina,Argentina,1128461.00,COR USD San Miguel S10 CB (SNABO),USD,USD,10.00%,80.00%,3.59,10.00,13.59,,,,1.00,8.00%,3.59%,40513.30,112846.10,153359.40,365.00,182.00
2028-07-14T00:00:00.000Z,9,2028-07-14T00:00:00.000Z,San Miguel,SNSBO,Argentina,Argentina,5864584.00,COR USD San Miguel S11 (SNSBO),USD,USD,10.00%,80.00%,3.59,10.00,13.59,,,,1.00,8.00%,3.59%,210546.60,586458.40,797005.00,365.00,182.00
2028-07-14T00:00:00.000Z,7,2028-07-14T00:00:00.000Z,San Miguel,SNSDO,Argentina,Argentina,2924676.00,COR USD San Miguel S12 (SNSDO),USD,USD,10.00%,80.00%,3.59,10.00,13.59,,,,1.00,8.00%,3.59%,104999.87,292467.60,397467.47,365.00,182.00
2028-07-14T00:00:00.000Z,6,2028-07-14T00:00:00.000Z,San Miguel,SNEBO,Argentina,Argentina,47759471.00,COR USD San Miguel S13 CB (SNEBO),USD,USD,8.50%,68.00%,3.05,8.50,11.55,,,,1.00,8.00%,3.05%,1457435.87,4059555.04,5516990.90,365.00,182.00
2028-07-14T00:00:00.000Z,4,2028-07-14T00:00:00.000Z,YPF,YM43O,Argentina,Argentina,122146525.00,COR USD YPF C43 (YM43O),USD,USD,,100.00%,2.74,,2.74,,,,1.00,5.50%,2.74%,3349826.62,,3349826.62,365.00,182.00
2028-07-17T00:00:00.000Z,5,2028-07-16T00:00:00.000Z,John Deere,HJCKO,Argentina,Argentina,80000000.00,COR USD John Deere C19 (HJCKO),USD,USD,,100.00%,3.86,,3.86,,,,1.00,7.75%,3.86%,3091506.85,,3091506.85,365.00,182.00
2028-07-17T00:00:00.000Z,12,2028-07-17T00:00:00.000Z,Otamerica Ebytem,OT42O,Argentina,Argentina,35231293.00,COR USD Oiltanking Ebytem S4 C2 (OT42O),USD,USD,,100.00%,1.99,,1.99,,,,1.00,8.00%,1.99%,702695.38,,702695.38,365.00,91.00
2028-07-17T00:00:00.000Z,5,2028-07-15T00:00:00.000Z,Pan American Energy,PN43O,Nueva York,Estados Unidos,375000000.00,COR USD Pan American Energy C43 (PN43O),USD,USD,,100.00%,3.88,,3.88,,,,1.00,7.75%,3.88%,14531250.00,,14531250.00,360.00,180.00
2028-07-17T00:00:00.000Z,9,2028-07-16T00:00:00.000Z,Scania Credit Argentina,SBC2O,Argentina,Argentina,40979825.00,COR USD Scania Credit Argentina C2 (SBC2O),USD,USD,9.00%,19.00%,0.52,9.00,9.52,,,,1.00,7.49%,0.52%,214268.57,3688184.25,3902452.82,365.00,91.00
2028-07-17T00:00:00.000Z,9,2028-07-17T00:00:00.000Z,YPF,YMCUO,Nueva York,Estados Unidos,800000000.00,COR USD YPF C28 (YMCUO),USD,USD,10.00%,50.00%,2.85,10.00,12.85,,,,1.00,9.50%,2.85%,22800000.00,80000000.00,102800000.00,360.00,180.00
2028-07-17T00:00:00.000Z,5,2028-07-17T00:00:00.000Z,YPF,Y134O,Nueva York,Estados Unidos,,COR USD YPF C34 Adicionales (Y134O),USD,USD,,100.00%,4.13,,4.13,,,,1.00,8.25%,4.13%,,,,360.00,180.00
2028-07-17T00:00:00.000Z,7,2028-07-17T00:00:00.000Z,YPF,YM34O,Nueva York,Estados Unidos,1650000000.00,COR USD YPF C34 (YM34O),USD,USD,,100.00%,4.13,,4.13,,,,1.00,8.25%,4.13%,68062500.00,,68062500.00,360.00,180.00
2028-07-18T00:00:00.000Z,8,2028-07-18T00:00:00.000Z,Telecom Argentina,TLCMO,Nueva York,Estados Unidos,817217000.00,COR USD Telecom C21 (TLCMO),USD,USD,,100.00%,4.75,,4.75,,,,1.00,9.50%,4.75%,38817807.50,,38817807.50,360.00,180.00
2028-07-20T00:00:00.000Z,5,2028-07-20T00:00:00.000Z,Telecom Argentina,TLCTO,Nueva York,Estados Unidos,600000000.00,COR USD Telecom Argentina C27 (TLCTO),USD,USD,,100.00%,4.25,,4.25,,,,1.00,8.50%,4.25%,25500000.00,,25500000.00,360.00,180.00
2028-07-21T00:00:00.000Z,6,2028-07-21T00:00:00.000Z,PCR,PQCTO,Argentina,Argentina,38916527.00,COR USD PCR CT (PQCTO),USD,USD,100.00%,,4.24,100.00,104.24,,,,1.00,8.50%,4.24%,1649421.02,38916527.00,40565948.02,365.00,182.00
2028-07-24T00:00:00.000Z,7,2028-07-23T00:00:00.000Z,IRSA,IRCOO,Argentina,Argentina,51467822.00,COR USD IRSA C23 (IRCOO),USD,USD,,100.00%,3.62,,3.62,,,,1.00,7.25%,3.62%,1860597.02,,1860597.02,365.00,182.00
2028-07-24T00:00:00.000Z,5,2028-07-23T00:00:00.000Z,Loma Negra,LOC6O,Argentina,Argentina,60000000.00,COR USD Loma Negra C6 (LOC6O),USD,USD,,100.00%,3.24,,3.24,,,,1.00,6.50%,3.24%,1944657.53,,1944657.53,365.00,182.00
2028-07-24T00:00:00.000Z,7,2028-07-22T00:00:00.000Z,Tecpetrol,TTCAO,Nueva York,Estados Unidos,400000000.00,COR USD Tecpetrol C10 (TTCAO),USD,USD,,100.00%,3.81,,3.81,,,,1.00,7.63%,3.81%,15250000.00,,15250000.00,360.00,180.00
2028-07-24T00:00:00.000Z,8,2028-07-24T00:00:00.000Z,Transportadora de Gas del Sur,TSC3O,Nueva York,Estados Unidos,490000000.00,COR USD Transportadora de Gas del Sur C3 (TSC3O),USD,USD,,100.00%,4.25,,4.25,,,,1.00,8.50%,4.25%,20825000.00,,20825000.00,360.00,180.00
2028-07-24T00:00:00.000Z,6,2028-07-22T00:00:00.000Z,YPF,YM39O,Argentina,Estados Unidos,224801688.00,COR USD YPF C39 (YM39O),USD,USD,,100.00%,4.36,,4.36,,,,1.00,8.75%,4.36%,9808128.44,,9808128.44,365.00,182.00
2028-07-28T00:00:00.000Z,5,2028-07-28T00:00:00.000Z,B. Macro,BACHO,Nueva York,Estados Unidos,400000000.00,COR USD B. Macro CH (BACHO),USD,USD,,100.00%,4.00,,4.00,,,,1.00,8.00%,4.00%,16000000.00,,16000000.00,360.00,180.00
2028-07-28T00:00:00.000Z,6,2028-07-28T00:00:00.000Z,Edemsa,OZC6O,Nueva York,Estados Unidos,150000000.00,COR USD Edemsa C6 (OZC6O),USD,USD,,100.00%,4.88,,4.88,,,,1.00,9.75%,4.88%,7312500.00,,7312500.00,360.00,180.00
2028-07-28T00:00:00.000Z,34,2028-07-28T00:00:00.000Z,Generación Litoral,GOC4O,Argentina,Argentina,14949364.00,COR USD Generación Litoral C4 (GOC4O),USD,USD,2.25%,69.25%,0.65,2.25,2.90,,,,1.00,11.00%,0.65%,96638.42,336360.69,432999.11,365.00,30.00
2028-07-28T00:00:00.000Z,9,2028-07-28T00:00:00.000Z,Ricardo Venturino,VES2L,Argentina,Argentina,7000000.00,COR USD Ricardo Venturino S2 (VES2L),USD,USD,,25.00%,0.37,,0.37,,,,1.00,5.97%,0.37%,26047.19,,26047.19,365.00,91.00
2028-07-31T00:00:00.000Z,6,2028-07-31T00:00:00.000Z,Arcor,RC1CO,Nueva York,Estados Unidos,350000000.00,COR USD Arcor C1 (RC1CO),USD,USD,,100.00%,3.80,,3.80,,,,1.00,7.60%,3.80%,13300000.00,,13300000.00,360.00,180.00
2028-07-31T00:00:00.000Z,28,2028-07-31T00:00:00.000Z,Argentina,AO28,Argentina,Argentina,1534369685.00,GOB USD ARG Bonar (AO28),USD,USD,,100.00%,0.50,,0.50,,,,1.00,6.00%,0.50%,7671848.42,,7671848.43,360.00,30.00
2028-07-31T00:00:00.000Z,8,2028-07-29T00:00:00.000Z,Otamerica Ebytem,OTS6O,Argentina,Argentina,50000000.00,COR USD Otamerica Ebytem S6 (OTS6O),USD,USD,,100.00%,1.68,,1.68,,,,1.00,6.74%,1.68%,840191.78,,840191.78,365.00,91.00
2028-08-01T00:00:00.000Z,27,2028-08-01T00:00:00.000Z,AA 2000,AER4O,Nueva York,Estados Unidos,62016667.00,COR USD AA 2000 (AER4O),USD,USD,4.44%,33.40%,0.89,4.44,5.33,,,,1.00,9.50%,0.89%,551151.08,2753540.01,3304691.09,360.00,89.00
2028-08-01T00:00:00.000Z,27,2028-08-01T00:00:00.000Z,AA 2000,ARC1O,Nueva York,Estados Unidos,272949631.00,COR USD AA 2000 (ARC1O),USD,USD,,73.41%,1.54,,1.54,,,,1.00,8.50%,1.54%,4210773.83,,4210773.83,360.00,89.00
2028-08-01T00:00:00.000Z,13,2028-08-01T00:00:00.000Z,Otamerica Ebytem,OTS3O,Argentina,Argentina,35529895.00,COR USD Oiltanking Ebytem S3 (OTS3O),USD,USD,,100.00%,1.76,,1.76,,,,1.00,7.00%,1.76%,626883.63,,626883.63,365.00,92.00
2028-08-07T00:00:00.000Z,5,2028-08-06T00:00:00.000Z,B. Comafi,AFCKO,Argentina,Argentina,7035509.00,COR USD B. Comafi C19 (AFCKO),USD,USD,,100.00%,3.49,,3.49,,,,1.00,7.00%,3.49%,245568.18,,245568.18,365.00,182.00
2028-08-07T00:00:00.000Z,8,2028-08-05T00:00:00.000Z,Edenor,DNC5O,Argentina,Argentina,81920187.00,COR USD Edenor C5 (DNC5O),USD,USD,100.00%,,4.79,100.00,104.79,,,,1.00,9.50%,4.79%,3923191.42,81920187.00,85843378.42,365.00,184.00
2028-08-07T00:00:00.000Z,6,2028-08-06T00:00:00.000Z,Pampa Energia,MGCQO,Argentina,Estados Unidos,104633623.00,COR USD Pampa Energía C25 (MGCQO),USD,USD,100.00%,,3.63,100.00,103.63,,,,1.00,7.25%,3.63%,3803360.53,104633623.00,108436983.53,365.00,183.00
2028-08-09T00:00:00.000Z,5,2028-08-09T00:00:00.000Z,CNH,CICBO,Argentina,Argentina,46506336.00,COR USD CNH C11 (CICBO),USD,USD,,100.00%,3.74,,3.74,,,,1.00,7.50%,3.74%,1739209.55,,1739209.55,365.00,182.00
2028-08-14T00:00:00.000Z,9,2028-08-13T00:00:00.000Z,Agronorte,ORS1L,Argentina,Argentina,7500000.00,COR USD Agronorte S1 (ORS1L),USD,USD,,40.00%,0.59,,0.59,,,,1.00,5.95%,0.59%,44502.74,,44502.74,365.00,91.00
2028-08-18T00:00:00.000Z,7,2028-08-17T00:00:00.000Z,PCR,PQCSO,Argentina,Argentina,65000000.00,COR USD PCR CS (PQCSO),USD,USD,,100.00%,4.01,,4.01,,,,1.00,8.00%,4.01%,2607123.29,,2607123.29,365.00,183.00
2028-08-21T00:00:00.000Z,12,2028-08-21T00:00:00.000Z,Hattrick Energy,HT11M,Argentina,Argentina,7000000.00,COR USD Hattrick Energy S1 C1 (HT11M),USD,USD,9.10%,,0.14,9.10,9.24,,,,1.00,9.50%,0.14%,10113.47,637000.00,647113.47,365.00,61.00
2028-08-22T00:00:00.000Z,13,2028-08-22T00:00:00.000Z,YPF Luz,YFCLO,Argentina,Argentina,50981768.00,COR USD YPF Luz C20 (YFCLO),USD,USD,,100.00%,1.69,,1.69,,,,1.00,6.75%,1.69%,860317.34,,860317.34,360.00,90.00
2028-08-23T00:00:00.000Z,5,2028-08-23T00:00:00.000Z,Oleoductos del Valle,OLC7O,Argentina,Argentina,110000000.00,COR USD Oleoductos del Valle C7 (OLC7O),USD,USD,,100.00%,3.44,,3.44,,,,1.00,6.90%,3.44%,3784602.74,,3784602.74,365.00,182.00
2028-08-25T00:00:00.000Z,10,2028-08-25T00:00:00.000Z,Capex,CAC5O,Nueva York,Estados Unidos,188801600.00,COR USD Capex C5 (CAC5O),USD,USD,12.50%,,0.58,12.50,13.08,,,,1.00,9.25%,0.58%,1091509.25,23600200.00,24691709.25,360.00,180.00
2028-08-25T00:00:00.000Z,6,2028-08-25T00:00:00.000Z,Central Puerto,NPCCO,Argentina,Estados Unidos,89067309.00,COR USD Central Puerto CC (NPCCO),USD,USD,,100.00%,3.99,,3.99,,,,1.00,8.00%,3.99%,3552931.56,,3552931.56,365.00,182.00
2028-08-25T00:00:00.000Z,3,2028-08-25T00:00:00.000Z,Tango Energy Argentina,PECNO,Argentina,Argentina,61752582.00,COR USD Tango Energy Argentina C22 (PECNO),USD,USD,,100.00%,3.01,,3.01,,,,1.00,3.00%,3.01%,1857653.01,,1857653.01,365.00,366.00
2028-08-25T00:00:00.000Z,3,2028-08-25T00:00:00.000Z,Tango Energy Argentina,PECOO,Argentina,Argentina,3390726.00,COR USD Tango Energy Argentina C23 (PECOO),USD,USD,,100.00%,4.51,,4.51,,,,1.00,4.50%,4.51%,153000.70,,153000.70,365.00,366.00
2028-08-28T00:00:00.000Z,35,2028-08-28T00:00:00.000Z,Generación Litoral,GOC4O,Argentina,Argentina,14949364.00,COR USD Generación Litoral C4 (GOC4O),USD,USD,2.25%,67.00%,0.65,2.25,2.90,,,,1.00,11.00%,0.65%,96717.27,336360.69,433077.96,365.00,31.00
2028-08-28T00:00:00.000Z,5,2028-08-26T00:00:00.000Z,Luz de Tres Picos,LUC5O,Argentina,Argentina,49624241.00,COR USD Luz de Tres Picos C5 (LUC5O),USD,USD,,100.00%,3.99,,3.99,,,,1.00,8.00%,3.99%,1979531.37,,1979531.37,365.00,182.00
2028-08-28T00:00:00.000Z,6,2028-08-27T00:00:00.000Z,Pan American Energy,PN41O,Argentina,Argentina,85939129.00,COR USD Pan American Energy C41 (PN41O),USD,USD,,100.00%,3.74,,3.74,,,,1.00,7.50%,3.74%,3213887.97,,3213887.97,365.00,182.00
2028-08-28T00:00:00.000Z,8,2028-08-26T00:00:00.000Z,Scania Credit Argentina,SBC3O,Argentina,Argentina,26971883.00,COR USD Scania Credit Argentina C3 (SBC3O),USD,USD,9.00%,28.00%,0.61,9.00,9.61,,,,1.00,6.50%,0.61%,163501.34,2427469.47,2590970.81,365.00,92.00
2028-08-28T00:00:00.000Z,12,2028-08-28T00:00:00.000Z,YPF,YM40O,Argentina,Argentina,51383412.00,COR USD YPF C40 (YM40O),USD,USD,100.00%,,1.89,100.00,101.89,,,,1.00,7.50%,1.89%,971357.65,51383412.00,52354769.65,365.00,92.00
2028-08-29T00:00:00.000Z,9,2028-08-29T00:00:00.000Z,Del Fabro,DFS1L,Argentina,Argentina,5000000.00,COR USD Del Fabro S1 (DFS1L),USD,USD,,40.00%,0.68,,0.68,,,,1.00,6.74%,0.68%,33976.99,,33976.99,365.00,92.00
2028-08-29T00:00:00.000Z,9,2028-08-29T00:00:00.000Z,Diransa,DIC2L,Argentina,Argentina,3000000.00,COR USD Diransa C2 (DIC2L),USD,USD,,25.00%,0.38,,0.38,,,,1.00,5.99%,0.38%,11323.56,,11323.56,365.00,92.00
2028-08-31T00:00:00.000Z,1,2028-08-31T00:00:00.000Z,Argentina,TMG28,Argentina,Argentina,4789359257035.00,GOB ARS ARG Tamar (TMG28),ARS,ARS,100.00%,,94.24,100.00,194.24,Tamar,,,1.00,28.81%,94.24%,4513348483052.07,4789359257035.00,9302707740087.07,360.00,840.00
2028-08-31T00:00:00.000Z,29,2028-08-31T00:00:00.000Z,Argentina,AO28,Argentina,Argentina,1534369685.00,GOB USD ARG Bonar (AO28),USD,USD,,100.00%,0.50,,0.50,,,,1.00,6.00%,0.50%,7671848.42,,7671848.43,360.00,30.00
2028-09-04T00:00:00.000Z,5,2028-09-03T00:00:00.000Z,Rizobacter,RZBBO,Argentina,Argentina,5390966.00,COR USD Rizobacter S11 CB (RZBBO),USD,USD,20.00%,35.00%,2.50,20.00,22.50,,,,1.00,9.00%,2.50%,134523.06,1078193.20,1212716.26,365.00,184.00
2028-09-04T00:00:00.000Z,5,2028-09-03T00:00:00.000Z,Rizobacter,RZBCO,Argentina,Argentina,20214109.00,COR USD Rizobacter S11 CC (RZBCO),USD,USD,20.00%,35.00%,2.50,20.00,22.50,,,,1.00,9.00%,2.50%,504411.25,4042821.80,4547233.05,365.00,184.00
2028-09-05T00:00:00.000Z,5,2028-09-05T00:00:00.000Z,Telecom Argentina,TLCUO,Argentina,Argentina,81329886.00,COR USD Telecom Argentina C28 (TLCUO),USD,USD,,100.00%,3.28,,3.28,,,,1.00,6.50%,3.28%,2664946.40,,2664946.40,365.00,184.00
2028-09-07T00:00:00.000Z,7,2028-09-07T00:00:00.000Z,Vista Energy Argentina,VSCUO,Argentina,Estados Unidos,92413570.00,COR USD Vista Energy Argentina C28 (VSCUO),USD,USD,,100.00%,3.78,,3.78,,,,1.00,7.50%,3.78%,3493992.51,,3493992.51,365.00,184.00
2028-09-11T00:00:00.000Z,5,2028-09-10T00:00:00.000Z,Cresud,CS50O,Argentina,Argentina,70381079.00,COR USD Cresud S34 C50 (CS50O),USD,USD,,100.00%,3.65,,3.65,,,,1.00,7.25%,3.65%,2572283.82,,2572283.82,365.00,184.00
2028-09-11T00:00:00.000Z,8,2028-09-10T00:00:00.000Z,Pampa Energia,MGCMO,Nueva York,Estados Unidos,410000000.00,COR USD Pampa Energia C21 (MGCMO),USD,USD,,100.00%,3.98,,3.98,,,,1.00,7.95%,3.98%,16297500.00,,16297500.00,360.00,180.00
2028-09-11T00:00:00.000Z,7,2028-09-10T00:00:00.000Z,Pecom Servicios Energia,MCC1O,Argentina,Argentina,29887257.00,COR USD Pecom Servicios Energia C1 (MCC1O),USD,USD,,100.00%,3.98,,3.98,,,,1.00,7.90%,3.98%,1190249.77,,1190249.77,365.00,184.00
2028-09-11T00:00:00.000Z,6,2028-09-11T00:00:00.000Z,YPF,YM1XO,Nueva York,Estados Unidos,,COR USD YPF C31 (YM1XO),USD,USD,,100.00%,4.38,,4.38,,,,1.00,8.75%,4.38%,,,,360.00,180.00
2028-09-11T00:00:00.000Z,8,2028-09-11T00:00:00.000Z,YPF,YMCXO,Nueva York,Estados Unidos,1040649400.00,COR USD YPF C31 (YMCXO),USD,USD,,100.00%,4.38,,4.38,,,,1.00,8.75%,4.38%,45528411.25,,45528411.25,360.00,180.00
2028-09-15T00:00:00.000Z,9,2028-09-15T00:00:00.000Z,YPF Luz,YFCOO,Argentina,Argentina,45021217.00,COR USD YPF Luz C23 (YFCOO),USD,USD,,100.00%,1.69,,1.69,,,,1.00,6.75%,1.69%,759733.04,,759733.04,360.00,90.00
2028-09-27T00:00:00.000Z,8,2028-09-27T00:00:00.000Z,Pan American Energy,PN35O,Argentina,Argentina,176944529.00,COR USD Pan American Energy C35 (PN35O),USD,USD,,100.00%,3.53,,3.53,,,,1.00,7.00%,3.53%,6243960.37,,6243960.37,365.00,184.00
2028-09-28T00:00:00.000Z,36,2028-09-28T00:00:00.000Z,Generación Litoral,GOC4O,Argentina,Argentina,14949364.00,COR USD Generación Litoral C4 (GOC4O),USD,USD,2.25%,64.75%,0.63,2.25,2.88,,,,1.00,11.00%,0.63%,93574.83,336360.69,429935.52,365.00,31.00
2028-09-29T00:00:00.000Z,1,2028-09-29T00:00:00.000Z,Argentina,TZXS8,Argentina,Argentina,8908480441478.00,GOB ARS ARG Boncer (TZXS8),ARS,ARS,100.00%,,,107.77,107.77,CER,,1.08,1.00,,,,9600669371780.84,9600669371780.84,360.00,899.00
2028-09-29T00:00:00.000Z,30,2028-09-29T00:00:00.000Z,Argentina,AO28,Argentina,Argentina,1534369685.00,GOB USD ARG Bonar (AO28),USD,USD,,100.00%,0.48,,0.48,,,,1.00,6.00%,0.48%,7416120.14,,7416120.14,360.00,29.00
2028-10-02T00:00:00.000Z,49,2028-09-30T00:00:00.000Z,Argentina,PAP0,Argentina,Argentina,11245518.00,GOB ARS ARG Boncer (PAP0),ARS,ARS,,100.00%,473.94,,473.94,CER,,535.52,1.00,1.77%,0.89%,53296866.32,,53296866.32,360.00,180.00
2028-10-02T00:00:00.000Z,49,2028-09-30T00:00:00.000Z,Argentina,PARP,Argentina,Argentina,2858331172.00,GOB ARS ARG Boncer (PARP),ARS,ARS,,100.00%,473.94,,473.94,CER,,535.52,1.00,1.77%,0.89%,13546738741.60,,13546738741.60,360.00,180.00
2028-10-02T00:00:00.000Z,39,2028-09-30T00:00:00.000Z,Argentina,PAY0,Nueva York,Estados Unidos,35014186.00,GOB USD ARG (PAY0),USD,USD,,100.00%,1.88,,1.88,,,,1.00,3.75%,1.88%,656515.99,,656515.99,360.00,180.00
2028-10-02T00:00:00.000Z,7,2028-09-30T00:00:00.000Z,IRSA,IRCPO,Nueva York,Estados Unidos,480454198.00,COR USD IRSA C24 (IRCPO),USD,USD,,100.00%,4.00,,4.00,,,,1.00,8.00%,4.00%,19218167.92,,19218167.92,360.00,180.00
2028-10-02T00:00:00.000Z,5,2028-10-01T00:00:00.000Z,Pampa Energia,MGCTO,Argentina,Argentina,200000000.00,COR USD Pampa Energia C27 (MGCTO),USD,USD,,100.00%,2.75,,2.75,,,,1.00,5.49%,2.75%,5505041.10,,5505041.10,365.00,183.00
2028-10-02T00:00:00.000Z,16,2028-09-30T00:00:00.000Z,YPF,YMCJO,Nueva York,Estados Unidos,575649021.00,COR USD YPF C18 (YMCJO),USD,USD,,100.00%,3.50,,3.50,,,,1.00,7.00%,3.50%,20147715.74,,20147715.74,360.00,180.00
2028-10-04T00:00:00.000Z,8,2028-10-04T00:00:00.000Z,Pampa Energia,MGCNO,Argentina,Argentina,83977835.00,COR USD Pampa Energia C22 (MGCNO),USD,USD,100.00%,,2.88,100.00,102.88,,,,1.00,5.75%,2.88%,2420977.45,83977835.00,86398812.45,365.00,183.00
2028-10-06T00:00:00.000Z,5,2028-10-06T00:00:00.000Z,Tropfen,OFS1L,Argentina,Argentina,1000000.00,COR USD Tropfen S1 (OFS1L),USD,USD,20.00%,20.00%,1.39,20.00,21.39,,,,1.00,6.95%,1.39%,13938.08,200000.00,213938.08,365.00,183.00
2028-10-09T00:00:00.000Z,5,2028-10-09T00:00:00.000Z,Akron,AXS1M,Argentina,Argentina,2000000.00,COR USD Akron S1 (AXS1M),USD,USD,25.00%,25.00%,2.13,25.00,27.13,,,,1.00,8.50%,2.13%,42616.44,500000.00,542616.44,365.00,183.00
2028-10-09T00:00:00.000Z,5,2028-10-08T00:00:00.000Z,Vista Energy Argentina,VSCXO,Nueva York,Estados Unidos,500000000.00,COR USD Vista Energy Argentina C31 (VSCXO),USD,USD,,100.00%,3.94,,3.94,,,,1.00,7.88%,3.94%,19687500.00,,19687500.00,360.00,180.00
2028-10-10T00:00:00.000Z,8,2028-10-10T00:00:00.000Z,B. Galicia,BYCHO,Nueva York,Estados Unidos,325000000.00,COR USD B. Galicia C16 (BYCHO),USD,USD,100.00%,,3.88,100.00,103.88,,,,1.00,7.75%,3.88%,12593750.00,325000000.00,337593750.00,360.00,180.00
2028-10-10T00:00:00.000Z,8,2028-10-10T00:00:00.000Z,Vista Energy Argentina,VSCRO,Argentina,Estados Unidos,150000000.00,COR USD Vista Energy Argentina C26 (VSCRO),USD,USD,,100.00%,3.84,,3.84,,,,1.00,7.65%,3.84%,5753219.18,,5753219.18,365.00,183.00
2028-10-10T00:00:00.000Z,14,2028-10-10T00:00:00.000Z,YPF,YMCYO,Argentina,Argentina,125000000.00,COR USD YPF C32 (YMCYO),USD,USD,100.00%,,1.64,100.00,101.64,,,,1.00,6.50%,1.64%,2047945.21,125000000.00,127047945.21,365.00,92.00
2028-10-10T00:00:00.000Z,8,2028-10-10T00:00:00.000Z,YPF,YMCZO,Argentina,Estados Unidos,25000000.00,COR USD YPF C33 (YMCZO),USD,USD,100.00%,,3.51,100.00,103.51,,,,1.00,7.00%,3.51%,877397.26,25000000.00,25877397.26,365.00,183.00
2028-10-13T00:00:00.000Z,19,2028-10-12T00:00:00.000Z,Aluar,LMS7O,Argentina,Estados Unidos,137898136.00,COR USD Aluar S7 (LMS7O),USD,USD,8.37%,,0.15,8.37,8.52,,,,1.00,7.00%,0.15%,208719.17,11542073.98,11750793.15,360.00,93.00
2028-10-16T00:00:00.000Z,7,2028-10-16T00:00:00.000Z,MSU,MSSGO,Argentina,Argentina,34876339.00,COR USD MSU S15 (MSSGO),USD,USD,,100.00%,4.26,,4.26,,,,1.00,8.50%,4.26%,1486305.35,,1486305.35,365.00,183.00
2028-10-16T00:00:00.000Z,10,2028-10-16T00:00:00.000Z,Scania Credit Argentina,SBC2O,Argentina,Argentina,40979825.00,COR USD Scania Credit Argentina C2 (SBC2O),USD,USD,9.00%,10.00%,0.36,9.00,9.36,,,,1.00,7.49%,0.36%,146994.30,3688184.25,3835178.55,365.00,92.00
2028-10-16T00:00:00.000Z,8,2028-10-16T00:00:00.000Z,YPF Luz,YFCJO,Nueva York,Estados Unidos,420000000.00,COR USD YPF Luz C18 (YFCJO),USD,USD,,100.00%,3.94,,3.94,,,,1.00,7.88%,3.94%,16537500.00,,16537500.00,360.00,180.00
2028-10-17T00:00:00.000Z,8,2028-10-17T00:00:00.000Z,Genneia,GN47O,Argentina,Argentina,48349695.00,COR USD Genneia C47 (GN47O),USD,USD,100.00%,,3.01,100.00,103.01,,,,1.00,6.00%,3.01%,1454464.80,48349695.00,49804159.80,365.00,183.00
2028-10-17T00:00:00.000Z,13,2028-10-17T00:00:00.000Z,Otamerica Ebytem,OT42O,Argentina,Argentina,35231293.00,COR USD Oiltanking Ebytem S4 C2 (OT42O),USD,USD,,100.00%,2.02,,2.02,,,,1.00,8.00%,2.02%,710417.31,,710417.31,365.00,92.00
2028-10-23T00:00:00.000Z,8,2028-10-21T00:00:00.000Z,John Deere,HJCGO,Argentina,Argentina,16405232.00,COR USD John Deere C15 (HJCGO),USD,USD,100.00%,,3.29,100.00,103.29,,,,1.00,6.50%,3.29%,540473.74,16405232.00,16945705.74,365.00,185.00
2028-10-23T00:00:00.000Z,8,2028-10-22T00:00:00.000Z,PCR,PQCRO,Argentina,Argentina,46018072.00,COR USD PCR CR (PQCRO),USD,USD,100.00%,,3.37,100.00,103.37,,,,1.00,6.75%,3.37%,1548854.83,46018072.00,47566926.83,365.00,182.00
2028-10-24T00:00:00.000Z,8,2028-10-24T00:00:00.000Z,Edenor,DNC7O,Nueva York,Estados Unidos,300000000.00,COR USD Edenor C7 (DNC7O),USD,USD,33.33%,66.67%,4.88,33.33,38.21,,,,1.00,9.75%,4.88%,14625000.00,99990000.00,114615000.00,360.00,180.00
2028-10-24T00:00:00.000Z,11,2028-10-24T00:00:00.000Z,Raghsa,RAC5O,Nueva York,Estados Unidos,56777276.00,COR USD Raghsa C5 (RAC5O),USD,USD,,100.00%,4.13,,4.13,,,,1.00,8.25%,4.13%,2342062.63,,2342062.63,360.00,180.00
2028-10-24T00:00:00.000Z,8,2028-10-24T00:00:00.000Z,Tecpetrol,TTC9O,Argentina,Argentina,80541942.00,COR USD Tecpetrol C9 (TTC9O),USD,USD,,100.00%,3.41,,3.41,,,,1.00,6.80%,3.41%,2745928.57,,2745928.57,365.00,183.00
2028-10-27T00:00:00.000Z,7,2028-10-27T00:00:00.000Z,Pluspetrol,PLC2O,Argentina,Argentina,123020337.00,COR USD Pluspetrol C2 (PLC2O),USD,USD,,100.00%,3.76,,3.76,,,,1.00,7.50%,3.76%,4625901.71,,4625901.71,365.00,183.00
2028-10-27T00:00:00.000Z,10,2028-10-28T00:00:00.000Z,Ricardo Venturino,VES2L,Argentina,Argentina,7000000.00,COR USD Ricardo Venturino S2 (VES2L),USD,USD,25.00%,,0.37,25.00,25.37,,,,1.00,5.97%,0.37%,26047.19,1750000.00,1776047.19,365.00,91.00
2028-10-30T00:00:00.000Z,5,2028-10-30T00:00:00.000Z,Central Puerto,NPCDO,Argentina,Argentina,130120007.00,COR USD Central Puerto CD (NPCDO),USD,USD,,100.00%,2.98,,2.98,,,,1.00,6.00%,2.98%,3871515.82,,3871515.82,365.00,181.00
2028-10-30T00:00:00.000Z,5,2028-10-30T00:00:00.000Z,Cresud,CS53O,Argentina,Argentina,22998047.00,COR USD Cresud C53 (CS53O),USD,USD,,100.00%,3.13,,3.13,,,,1.00,6.25%,3.13%,720657.98,,720657.98,365.00,183.00
2028-10-30T00:00:00.000Z,5,2028-10-28T00:00:00.000Z,Edenor,DNCAO,Nueva York,Estados Unidos,550000000.00,COR USD Edenor C10 S1 (DNCAO),USD,USD,,100.00%,4.75,,4.75,,,,1.00,9.50%,4.75%,26125000.00,,26125000.00,360.00,180.00
2028-10-30T00:00:00.000Z,37,2028-10-28T00:00:00.000Z,Generación Litoral,GOC4O,Argentina,Argentina,14949364.00,COR USD Generación Litoral C4 (GOC4O),USD,USD,2.25%,62.50%,0.62,2.25,2.87,,,,1.00,11.00%,0.62%,93349.56,336360.69,429710.25,365.00,32.00
2028-10-30T00:00:00.000Z,9,2028-10-29T00:00:00.000Z,Otamerica Ebytem,OTS6O,Argentina,Argentina,50000000.00,COR USD Otamerica Ebytem S6 (OTS6O),USD,USD,,100.00%,1.70,,1.70,,,,1.00,6.74%,1.70%,849424.66,,849424.66,365.00,92.00
2028-10-30T00:00:00.000Z,9,2028-10-30T00:00:00.000Z,Pan American Energy,PNXCO,Nueva York,Estados Unidos,400000000.00,COR USD Pan American Energy C31 (PNXCO),USD,USD,,100.00%,4.25,,4.25,,,,1.00,8.50%,4.25%,17000000.00,,17000000.00,360.00,180.00
2028-10-31T00:00:00.000Z,31,2028-10-31T00:00:00.000Z,Argentina,AO28,Argentina,Argentina,1534369685.00,GOB USD ARG Bonar (AO28),USD,USD,100.00%,,0.53,100.00,100.53,,,,1.00,6.00%,0.53%,8183304.99,1534369685.00,1542552989.99,360.00,32.00
2028-11-01T00:00:00.000Z,28,2028-11-01T00:00:00.000Z,AA 2000,AER4O,Nueva York,Estados Unidos,62016667.00,COR USD AA 2000 (AER4O),USD,USD,33.40%,,0.79,33.40,34.19,,,,1.00,9.50%,0.79%,491947.21,20713566.78,21205513.99,360.00,90.00
2028-11-01T00:00:00.000Z,28,2028-11-01T00:00:00.000Z,AA 2000,ARC1O,Nueva York,Estados Unidos,272949631.00,COR USD AA 2000 (ARC1O),USD,USD,5.06%,68.35%,1.56,5.06,6.62,,,,1.00,8.50%,1.56%,4258085.89,13816164.42,18074250.31,360.00,90.00
2028-11-01T00:00:00.000Z,14,2028-11-01T00:00:00.000Z,Otamerica Ebytem,OTS3O,Argentina,Argentina,35529895.00,COR USD Oiltanking Ebytem S3 (OTS3O),USD,USD,100.00%,,1.76,100.00,101.76,,,,1.00,7.00%,1.76%,626883.63,35529895.00,36156778.63,365.00,92.00
2028-11-02T00:00:00.000Z,60,2028-11-02T00:00:00.000Z,YPF,YPC4O,Nueva York,Estados Unidos,14818000.00,COR USD YPF SA (YPC4O),USD,USD,100.00%,,5.00,100.00,105.00,,,,1.00,10.00%,5.00%,740900.00,14818000.00,15558900.00,360.00,180.00
2028-11-03T00:00:00.000Z,6,2028-11-03T00:00:00.000Z,Tecpetrol,TTCDO,Nueva York,Estados Unidos,750000000.00,COR USD Tecpetrol C12 (TTCDO),USD,USD,,100.00%,3.81,,3.81,,,,1.00,7.63%,3.81%,28593750.00,,28593750.00,360.00,180.00
2028-11-03T00:00:00.000Z,9,2028-11-03T00:00:00.000Z,Vista Energy Argentina,VSCPO,Argentina,Estados Unidos,46561789.00,COR USD Vista Energy Argentina C24 (VSCPO),USD,USD,25.00%,25.00%,2.02,25.00,27.02,,,,1.00,8.00%,2.02%,938889.77,11640447.25,12579337.02,365.00,184.00
2028-11-08T00:00:00.000Z,5,2028-11-08T00:00:00.000Z,Profertil,PFC3O,Argentina,Argentina,70000000.00,COR USD Profertil C3 (PFC3O),USD,USD,,100.00%,2.90,,2.90,,,,1.00,5.75%,2.90%,2029041.10,,2029041.10,365.00,184.00
2028-11-09T00:00:00.000Z,16,2028-11-09T00:00:00.000Z,Argentina,TX28,Argentina,Argentina,75904842660.00,GOB ARS ARG Boncer (TX28),ARS,ARS,10.00%,,3.89,345.65,349.54,CER,,34.57,1.00,2.25%,0.11%,2951635711.68,262367365799.57,265319001511.25,360.00,180.00
2028-11-13T00:00:00.000Z,10,2028-11-13T00:00:00.000Z,Agronorte,ORS1L,Argentina,Argentina,7500000.00,COR USD Agronorte S1 (ORS1L),USD,USD,20.00%,20.00%,0.59,20.00,20.59,,,,1.00,5.95%,0.59%,44502.74,1500000.00,1544502.74,365.00,91.00
2028-11-13T00:00:00.000Z,5,2028-11-11T00:00:00.000Z,BNA,NZC2O,Argentina,Argentina,30445485.00,COR USD BNA C2 (NZC2O),USD,USD,,100.00%,2.77,,2.77,,,,1.00,5.50%,2.77%,844132.35,,844132.35,365.00,184.00
2028-11-13T00:00:00.000Z,8,2028-11-12T00:00:00.000Z,CNH,CIC8O,Argentina,Argentina,11056884.00,COR USD CNH C8 (CIC80),USD,USD,100.00%,,3.80,100.00,103.80,,,,1.00,7.50%,3.80%,420313.06,11056884.00,11477197.06,365.00,185.00
2028-11-13T00:00:00.000Z,5,2028-11-11T00:00:00.000Z,Farmacity,FYC1O,Argentina,Argentina,15000000.00,COR USD Farmacity C1 (FYC1O),USD,USD,,100.00%,3.78,,3.78,,,,1.00,7.50%,3.78%,567123.29,,567123.29,365.00,184.00
2028-11-13T00:00:00.000Z,8,2028-11-13T00:00:00.000Z,Pan American Energy,PN36O,Argentina,Argentina,78100553.00,COR USD Pan American Energy C36 (PN36O),USD,USD,,100.00%,3.65,,3.65,,,,1.00,7.25%,3.65%,2854414.73,,2854414.73,365.00,184.00
2028-11-13T00:00:00.000Z,8,2028-11-13T00:00:00.000Z,Pan American Energy,PN37O,Argentina,Argentina,74172648.00,COR USD Pan American Energy C37 (PN37O),USD,USD,100.00%,,3.15,100.00,103.15,,,,1.00,6.25%,3.15%,2336946.44,74172648.00,76509594.44,365.00,184.00
2028-11-13T00:00:00.000Z,5,2028-11-11T00:00:00.000Z,Pecom Servicios Energia,MCC3O,Argentina,Argentina,196759808.00,COR USD Pecom Servicios Energia C3 (MCC3O),USD,USD,,100.00%,3.78,,3.78,,,,1.00,7.50%,3.78%,7439137.95,,7439137.95,365.00,184.00
2028-11-13T00:00:00.000Z,5,2028-11-12T00:00:00.000Z,Puente,PHC4O,Argentina,Argentina,20394733.00,COR USD Puente C4 (PHC4O),USD,USD,,34.00%,1.11,,1.11,,,,1.00,6.50%,1.11%,227214.09,,227214.09,365.00,184.00
2028-11-14T00:00:00.000Z,5,2028-11-14T00:00:00.000Z,Pampa Energia,MG1RO,Nueva York,Estados Unidos,500000000.00,COR USD Pampa Energia C26 Adicionales (MG1RO),USD,USD,,100.00%,3.88,,3.88,,,,1.00,7.75%,3.88%,19375000.00,,19375000.00,360.00,180.00
2028-11-14T00:00:00.000Z,6,2028-11-14T00:00:00.000Z,Pampa Energia,MGCRO,Nueva York,Estados Unidos,450000000.00,COR USD Pampa Energia C26 (MGCRO),USD,USD,,100.00%,3.88,,3.88,,,,1.00,7.75%,3.88%,17437500.00,,17437500.00,360.00,180.00
2028-11-15T00:00:00.000Z,8,2028-11-15T00:00:00.000Z,Cresud,CS47O,Argentina,Argentina,64417023.00,COR USD Cresud C47 (CS47O),USD,USD,100.00%,,3.53,100.00,103.53,,,,1.00,7.00%,3.53%,2273126.73,64417023.00,66690149.73,365.00,184.00
2028-11-21T00:00:00.000Z,5,2028-11-21T00:00:00.000Z,Arcor,RC5CO,Argentina,Argentina,50000000.00,COR USD Arcor C5 (RC5CO),USD,USD,,100.00%,2.63,,2.63,,,,1.00,5.25%,2.63%,1316095.89,,1316095.89,365.00,183.00
2028-11-21T00:00:00.000Z,6,2028-11-18T00:00:00.000Z,Pluspetrol,PLC5O,Nueva York,Estados Unidos,500000000.00,COR USD Pluspetrol C5 (PLC5O),USD,USD,,100.00%,4.06,,4.06,,,,1.00,8.13%,4.06%,20312500.00,,20312500.00,360.00,180.00
2028-11-21T00:00:00.000Z,5,2028-11-21T00:00:00.000Z,Tecpetrol,TTCEO,Argentina,Argentina,100000000.00,COR USD Tecpetrol C13 (TTCEO),USD,USD,,100.00%,2.77,,2.77,,,,1.00,5.50%,2.77%,2772602.74,,2772602.74,365.00,184.00
2028-11-21T00:00:00.000Z,6,2028-11-20T00:00:00.000Z,Transportadora de Gas del Sur,TSC4O,Nueva York,Estados Unidos,500000000.00,COR USD Transportadora de Gas del Sur C4 (TSC4O),USD,USD,,100.00%,3.88,,3.88,,,,1.00,7.75%,3.88%,19375000.00,,19375000.00,360.00,180.00
2028-11-22T00:00:00.000Z,14,2028-11-22T00:00:00.000Z,YPF Luz,YFCLO,Argentina,Argentina,50981768.00,COR USD YPF Luz C20 (YFCLO),USD,USD,100.00%,,1.69,100.00,101.69,,,,1.00,6.75%,1.69%,860317.34,50981768.00,51842085.34,360.00,90.00
2028-11-27T00:00:00.000Z,5,2028-11-27T00:00:00.000Z,Pluspetrol,PLC6O,Argentina,Argentina,167492889.00,COR USD Pluspetrol C6 (PLC6O),USD,USD,,100.00%,3.28,,3.28,,,,1.00,6.50%,3.28%,5488260.14,,5488260.14,365.00,184.00
2028-11-27T00:00:00.000Z,9,2028-11-26T00:00:00.000Z,Scania Credit Argentina,SBC3O,Argentina,Argentina,26971883.00,COR USD Scania Credit Argentina C3 (SBC3O),USD,USD,9.00%,19.00%,0.46,9.00,9.46,,,,1.00,6.50%,0.46%,123730.74,2427469.47,2551200.21,365.00,92.00
2028-11-28T00:00:00.000Z,6,2028-11-28T00:00:00.000Z,CGC,CP38O,Nueva York,Estados Unidos,500000000.00,COR USD CGC C38 (CP38O),USD,USD,,100.00%,5.94,,5.94,,,,1.00,11.88%,5.94%,29687500.00,,29687500.00,360.00,180.00
2028-11-28T00:00:00.000Z,38,2028-11-28T00:00:00.000Z,Generación Litoral,GOC4O,Argentina,Argentina,14949364.00,COR USD Generación Litoral C4 (GOC4O),USD,USD,2.25%,60.25%,0.55,2.25,2.80,,,,1.00,11.00%,0.55%,81658.34,336360.69,418019.03,365.00,29.00
2028-11-28T00:00:00.000Z,7,2028-11-28T00:00:00.000Z,Telecom Argentina,TLCPO,Nueva York,Estados Unidos,1000000000.00,COR USD Telecom Argentina C24 (TLCPO),USD,USD,,100.00%,4.63,,4.63,,,,1.00,9.25%,4.63%,46250000.00,,46250000.00,360.00,180.00
2028-11-28T00:00:00.000Z,8,2028-11-28T00:00:00.000Z,Telecom Argentina,TLCOO,Argentina,Argentina,75247975.00,COR USD Telecom C23 (TLCOO),USD,USD,100.00%,,3.53,100.00,103.53,,,,1.00,7.00%,3.53%,2655325.80,75247975.00,77903300.80,365.00,184.00
2028-11-29T00:00:00.000Z,10,2028-11-29T00:00:00.000Z,Del Fabro,DFS1L,Argentina,Argentina,5000000.00,COR USD Del Fabro S1 (DFS1L),USD,USD,20.00%,20.00%,0.68,20.00,20.68,,,,1.00,6.74%,0.68%,33976.99,1000000.00,1033976.99,365.00,92.00
2028-11-29T00:00:00.000Z,10,2028-11-29T00:00:00.000Z,Diransa,DIC2L,Argentina,Argentina,3000000.00,COR USD Diransa C2 (DIC2L),USD,USD,25.00%,,0.38,25.00,25.38,,,,1.00,5.99%,0.38%,11323.56,750000.00,761323.56,365.00,92.00
2028-11-29T00:00:00.000Z,5,2028-11-29T00:00:00.000Z,Telecom Argentina,TLCWO,Argentina,Argentina,35149670.00,COR USD Telecom Argentina C30 (TLCWO),USD,USD,,100.00%,3.15,,3.15,,,,1.00,6.25%,3.15%,1107455.36,,1107455.36,365.00,184.00
2028-11-30T00:00:00.000Z,13,2028-11-30T00:00:00.000Z,Argentina,TX31,Argentina,Argentina,110944599869.00,GOB ARS ARG Boncer (TX31),ARS,ARS,10.00%,60.00%,14.53,166.10,180.64,CER,,16.61,1.00,2.50%,0.87%,16124699239.42,184282308720.41,200407007959.83,360.00,180.00
2028-11-30T00:00:00.000Z,7,2028-11-30T00:00:00.000Z,Argentina,TY30P,Argentina,Argentina,1691807339451.00,GOB ARS ARG Bote (TY30P),ARS,ARS,,100.00%,14.75,,14.75,,,,1.00,29.50%,14.75%,249541582569.02,,249541582569.02,360.00,180.00
2028-11-30T00:00:00.000Z,6,2028-11-30T00:00:00.000Z,Argentina,AN29,Argentina,Argentina,1000000000.00,GOB USD ARG Bonar (AN29),USD,USD,,100.00%,3.25,,3.25,,,,1.00,6.50%,3.25%,32500000.00,,32500000.00,360.00,180.00
2028-11-30T00:00:00.000Z,7,2028-11-30T00:00:00.000Z,Pluspetrol,PLC4O,Nueva York,Estados Unidos,650000000.00,COR USD Pluspetrol C4 (PLC4O),USD,USD,,100.00%,4.25,,4.25,,,,1.00,8.50%,4.25%,27625000.00,,27625000.00,360.00,180.00
2028-12-04T00:00:00.000Z,6,2028-12-04T00:00:00.000Z,Capex,CACDO,Argentina,Argentina,70905879.00,COR USD Capex C12 (CACDO),USD,USD,,100.00%,4.14,,4.14,,,,1.00,8.25%,4.14%,2932880.84,,2932880.84,365.00,183.00
2028-12-04T00:00:00.000Z,6,2028-12-02T00:00:00.000Z,Genneia,GN49O,Nueva York,Estados Unidos,400000000.00,COR USD Genneia C49 (GN49O),USD,USD,,100.00%,3.88,,3.88,,,,1.00,7.75%,3.88%,15500000.00,,15500000.00,360.00,180.00
2028-12-04T00:00:00.000Z,6,2028-12-02T00:00:00.000Z,YPF,YM42O,Argentina,Argentina,355922807.00,COR USD YPF C42 (YM42O),USD,USD,,100.00%,3.51,,3.51,,,,1.00,7.00%,3.51%,12491427.83,,12491427.83,365.00,183.00
2028-12-05T00:00:00.000Z,8,2028-12-05T00:00:00.000Z,MSU Energy,RUCDO,Nueva York,Estados Unidos,400000000.00,COR USD MSU Energy C12 (RUCDO),USD,USD,17.50%,82.50%,4.88,17.50,22.38,,,,1.00,9.75%,4.88%,19500000.00,70000000.00,89500000.00,360.00,180.00
2028-12-05T00:00:00.000Z,6,2028-12-05T00:00:00.000Z,Oleoductos del Valle,OLC6O,Argentina,Argentina,115514950.00,COR USD Oleoductos del Valle C6 (OLC6O),USD,USD,,100.00%,3.76,,3.76,,,,1.00,7.50%,3.76%,4343678.60,,4343678.60,365.00,183.00
2028-12-11T00:00:00.000Z,8,2028-12-10T00:00:00.000Z,Clisa,CLI1O,Nueva York,Estados Unidos,74985749.00,COR USD Clisa C1 (CLI1O),USD,USD,,100.00%,3.50,,3.50,,,,1.00,7.00%,3.50%,2624501.22,,2624501.22,360.00,180.00
2028-12-11T00:00:00.000Z,9,2028-12-10T00:00:00.000Z,Clisa,CLSIO,Nueva York,Estados Unidos,200000000.00,COR USD Clisa (CLSIO),USD,USD,,100.00%,4.25,,4.25,,,,1.00,8.50%,4.25%,8500000.00,,8500000.00,360.00,180.00
2028-12-11T00:00:00.000Z,5,2028-12-08T00:00:00.000Z,John Deere,HJCLO,Argentina,Argentina,80000000.00,COR USD John Deere C20 (HJCLO),USD,USD,100.00%,,3.31,100.00,103.31,,,,1.00,6.50%,3.31%,2649863.01,80000000.00,82649863.01,365.00,186.00
2028-12-11T00:00:00.000Z,8,2028-12-11T00:00:00.000Z,Raghsa,RAC7O,Nueva York,Estados Unidos,48705263.00,COR USD Raghsa C7 (RAC7O),USD,USD,,100.00%,4.25,,4.25,,,,1.00,8.50%,4.25%,2069973.68,,2069973.68,360.00,180.00
2028-12-11T00:00:00.000Z,8,2028-12-10T00:00:00.000Z,Vista Energy Argentina,VSCTO,Nueva York,Estados Unidos,600000000.00,COR USD Vista Energy Argentina C27 (VSCTO),USD,USD,,100.00%,3.81,,3.81,,,,1.00,7.63%,3.81%,22875000.00,,22875000.00,360.00,180.00
2028-12-11T00:00:00.000Z,7,2028-12-10T00:00:00.000Z,Vista Energy Argentina,VSCVO,Nueva York,Estados Unidos,900000000.00,COR USD Vista Energy Argentina C29 (VSCVO),USD,USD,,100.00%,4.25,,4.25,,,,1.00,8.50%,4.25%,38250000.00,,38250000.00,360.00,180.00
2028-12-15T00:00:00.000Z,1,2028-12-15T00:00:00.000Z,Argentina,TZVD8,Argentina,Argentina,98167674.00,GOB USD-L ARG Lelink (TZVD8),ARS,USD,100.00%,,,,,A3500,,,1.00,,,,,,360.00,903.00
2028-12-15T00:00:00.000Z,22,2028-12-15T00:00:00.000Z,YPF,YCANO,Nueva York,Estados Unidos,536612500.00,COR USD YPF 15-12-47,USD,USD,,100.00%,3.50,,3.50,,,,1.00,7.00%,3.50%,18781437.50,,18781437.50,360.00,180.00
2028-12-15T00:00:00.000Z,10,2028-12-15T00:00:00.000Z,YPF Luz,YFCOO,Argentina,Argentina,45021217.00,COR USD YPF Luz C23 (YFCOO),USD,USD,100.00%,,1.69,100.00,101.69,,,,1.00,6.75%,1.69%,759733.04,45021217.00,45780950.04,360.00,90.00
2028-12-18T00:00:00.000Z,8,2028-12-16T00:00:00.000Z,Pampa Energia,MGCOO,Nueva York,Estados Unidos,700000000.00,COR USD Pampa Energia C23 (MGCOO),USD,USD,,100.00%,3.94,,3.94,,,,1.00,7.88%,3.94%,27562500.00,,27562500.00,360.00,180.00
2028-12-20T00:00:00.000Z,8,2028-12-20T00:00:00.000Z,MSU Green Energy,EAC3O,Argentina,Argentina,21376563.00,COR USD MSU Green Energy C3 (EAC3O),USD,USD,100.00%,,4.26,100.00,104.26,,,,1.00,8.50%,4.26%,910992.98,21376563.00,22287555.98,365.00,183.00
2028-12-26T00:00:00.000Z,7,2028-12-23T00:00:00.000Z,B. Macro,BACGO,Nueva York,Estados Unidos,530000000.00,COR USD B. Macro CG (BACGO),USD,USD,,100.00%,4.00,,4.00,,,,1.00,8.00%,4.00%,21200000.00,,21200000.00,360.00,180.00
2028-12-26T00:00:00.000Z,6,2028-12-23T00:00:00.000Z,Promedon,PBS1M,Argentina,Argentina,4500000.00,COR USD Promedon S1 (PBS1M),USD,USD,20.00%,,0.96,20.00,20.96,,,,1.00,9.40%,0.96%,43111.23,900000.00,943111.23,365.00,186.00
2028-12-27T00:00:00.000Z,19,2028-12-27T00:00:00.000Z,YPF,YMC1O,Nueva York,Estados Unidos,398972000.00,COR USD YPF (YMC1O),USD,USD,,100.00%,4.25,,4.25,,,,1.00,8.50%,4.25%,16956310.00,,16956310.00,360.00,180.00
2028-12-28T00:00:00.000Z,39,2028-12-28T00:00:00.000Z,Generación Litoral,GOC4O,Argentina,Argentina,14949364.00,COR USD Generación Litoral C4 (GOC4O),USD,USD,2.25%,58.00%,0.54,2.25,2.79,,,,1.00,11.00%,0.54%,81433.08,336360.69,417793.77,365.00,30.00
2029-01-02T00:00:00.000Z,50,2028-12-31T00:00:00.000Z,Argentina,DICP,Argentina,Argentina,4243693957.00,GOB ARS ARG Boncer (DICP),ARS,ARS,5.00%,50.00%,1090.34,3400.41,4490.75,CER,,535.52,1.27,5.83%,2.04%,46270689720.17,144302790834.65,190573480554.82,360.00,180.00
2029-01-02T00:00:00.000Z,50,2028-12-31T00:00:00.000Z,Argentina,DIP0,Argentina,Argentina,125510513.00,GOB ARS ARG Boncer (DIP0),ARS,ARS,5.00%,50.00%,1090.34,3400.41,4490.75,CER,,535.52,1.27,5.83%,2.04%,1368491239.59,4267866035.70,5636357275.29,360.00,180.00
2029-01-02T00:00:00.000Z,50,2028-12-31T00:00:00.000Z,Argentina,CUAP,Argentina,Argentina,23434050685.00,GOB ARS ARG (CUAP),ARS,ARS,,100.00%,1230.70,,1230.70,CER,,535.52,1.39,3.31%,2.30%,288402364978.42,,288402364978.42,360.00,180.00
2029-01-02T00:00:00.000Z,16,2028-12-30T00:00:00.000Z,YPF,YMCIO,Nueva York,Estados Unidos,747833257.00,COR USD YPF C17 (YMCIO),USD,USD,14.29%,14.29%,1.29,14.29,15.57,,,,1.00,9.00%,1.29%,9614999.50,106833320.29,116448319.79,360.00,180.00
2029-01-09T00:00:00.000Z,16,2029-01-09T00:00:00.000Z,Argentina,GD29,Nueva York,Estados Unidos,2620524000.00,GOB USD ARG Birad (GD29),USD,USD,10.00%,10.00%,0.10,10.00,10.10,,,,1.00,1.00%,0.10%,2620524.00,262052400.00,264672924.00,360.00,180.00
2029-01-09T00:00:00.000Z,16,2029-01-09T00:00:00.000Z,Argentina,GD30,Nueva York,Estados Unidos,13587430959.00,GOB USD ARG Birad (GD30),USD,USD,8.00%,24.00%,0.28,8.00,8.28,,,,1.00,1.75%,0.28%,38044806.69,1086994476.72,1125039283.41,360.00,180.00
2029-01-09T00:00:00.000Z,16,2029-01-09T00:00:00.000Z,Argentina,GD35,Nueva York,Estados Unidos,20436350000.00,GOB USD ARG Birad (GD35),USD,USD,,100.00%,2.50,,2.50,,,,1.00,5.00%,2.50%,510908750.00,,510908750.00,360.00,180.00
2029-01-09T00:00:00.000Z,16,2029-01-09T00:00:00.000Z,Argentina,GD38,Nueva York,Estados Unidos,10063292000.00,GOB USD ARG Birad (GD38),USD,USD,4.55%,81.82%,2.16,4.55,6.70,,,,1.00,5.00%,2.16%,217275619.30,457422363.64,674697982.93,360.00,180.00
2029-01-09T00:00:00.000Z,16,2029-01-09T00:00:00.000Z,Argentina,GD41,Nueva York,Estados Unidos,10482111279.00,GOB USD ARG Birad (GD41),USD,USD,3.57%,89.29%,1.62,3.57,5.20,,,,1.00,3.50%,1.62%,170334306.71,374361117.11,544695423.82,360.00,180.00
2029-01-09T00:00:00.000Z,16,2029-01-09T00:00:00.000Z,Argentina,GD46,Nueva York,Estados Unidos,2091997124.00,GOB USD ARG Birad (GD46),USD,USD,2.27%,79.55%,2.05,2.27,4.32,,,,1.00,5.00%,2.05%,42790851.40,47545389.18,90336240.59,360.00,180.00
2029-01-09T00:00:00.000Z,16,2029-01-09T00:00:00.000Z,Argentina,AE38,Argentina,Argentina,12324977546.00,GOB USD ARG Bonar (AE38),USD,USD,4.55%,81.82%,2.16,4.55,6.70,,,,1.00,5.00%,2.16%,266107465.54,560226308.11,826333773.66,360.00,180.00
2029-01-09T00:00:00.000Z,16,2029-01-09T00:00:00.000Z,Argentina,AL29,Argentina,Argentina,1394901484.00,GOB USD ARG Bonar (AL29),USD,USD,10.00%,10.00%,0.10,10.00,10.10,,,,1.00,1.00%,0.10%,1394901.48,139490148.40,140885049.88,360.00,180.00
2029-01-09T00:00:00.000Z,16,2029-01-09T00:00:00.000Z,Argentina,AL30,Argentina,Argentina,13102738119.00,GOB USD ARG Bonar (AL30),USD,USD,8.00%,24.00%,0.28,8.00,8.28,,,,1.00,1.75%,0.28%,36687666.73,1048219049.52,1084906716.25,360.00,180.00
2029-01-09T00:00:00.000Z,16,2029-01-09T00:00:00.000Z,Argentina,AL35,Argentina,Argentina,20243999549.00,GOB USD ARG Bonar (AL35),USD,USD,,100.00%,2.50,,2.50,,,,1.00,5.00%,2.50%,506099988.73,,506099988.73,360.00,180.00
2029-01-09T00:00:00.000Z,16,2029-01-09T00:00:00.000Z,Argentina,AL41,Argentina,Argentina,1542233749.00,GOB USD ARG Bonar (AL41),USD,USD,3.57%,89.29%,1.62,3.57,5.20,,,,1.00,3.50%,1.62%,25061298.19,55079776.75,80141074.94,360.00,180.00
2029-01-15T00:00:00.000Z,6,2029-01-15T00:00:00.000Z,Pan American Energy,PN43O,Nueva York,Estados Unidos,375000000.00,COR USD Pan American Energy C43 (PN43O),USD,USD,,100.00%,3.88,,3.88,,,,1.00,7.75%,3.88%,14531250.00,,14531250.00,360.00,180.00
2029-01-15T00:00:00.000Z,11,2029-01-14T00:00:00.000Z,San Miguel,SNABO,Argentina,Argentina,1128461.00,COR USD San Miguel S10 CB (SNABO),USD,USD,10.00%,70.00%,3.23,10.00,13.23,,,,1.00,8.00%,3.23%,36407.55,112846.10,149253.65,365.00,184.00
2029-01-15T00:00:00.000Z,10,2029-01-14T00:00:00.000Z,San Miguel,SNSBO,Argentina,Argentina,5864584.00,COR USD San Miguel S11 (SNSBO),USD,USD,10.00%,70.00%,3.23,10.00,13.23,,,,1.00,8.00%,3.23%,189209.15,586458.40,775667.55,365.00,184.00
2029-01-15T00:00:00.000Z,8,2029-01-14T00:00:00.000Z,San Miguel,SNSDO,Argentina,Argentina,2924676.00,COR USD San Miguel S12 (SNSDO),USD,USD,10.00%,70.00%,3.23,10.00,13.23,,,,1.00,8.00%,3.23%,94358.86,292467.60,386826.46,365.00,184.00
2029-01-15T00:00:00.000Z,7,2029-01-14T00:00:00.000Z,San Miguel,SNEBO,Argentina,Argentina,47759471.00,COR USD San Miguel S13 CB (SNEBO),USD,USD,8.50%,59.50%,2.74,8.50,11.24,,,,1.00,8.00%,2.74%,1309734.80,4059555.04,5369289.83,365.00,184.00
2029-01-15T00:00:00.000Z,5,2029-01-14T00:00:00.000Z,YPF,YM43O,Argentina,Argentina,122146525.00,COR USD YPF C43 (YM43O),USD,USD,,100.00%,2.77,,2.77,,,,1.00,5.50%,2.77%,3386637.90,,3386637.90,365.00,184.00
2029-01-16T00:00:00.000Z,6,2029-01-16T00:00:00.000Z,John Deere,HJCKO,Argentina,Argentina,80000000.00,COR USD John Deere C19 (HJCKO),USD,USD,100.00%,,3.91,100.00,103.91,,,,1.00,7.75%,3.91%,3125479.45,80000000.00,83125479.45,365.00,184.00
2029-01-16T00:00:00.000Z,11,2029-01-16T00:00:00.000Z,Scania Credit Argentina,SBC2O,Argentina,Argentina,40979825.00,COR USD Scania Credit Argentina C2 (SBC2O),USD,USD,10.00%,,0.19,10.00,10.19,,,,1.00,7.49%,0.19%,77365.42,4097982.50,4175347.92,365.00,92.00
2029-01-17T00:00:00.000Z,14,2029-01-17T00:00:00.000Z,Otamerica Ebytem,OT42O,Argentina,Argentina,35231293.00,COR USD Oiltanking Ebytem S4 C2 (OT42O),USD,USD,,100.00%,2.02,,2.02,,,,1.00,8.00%,2.02%,710417.31,,710417.31,365.00,92.00
2029-01-17T00:00:00.000Z,10,2029-01-17T00:00:00.000Z,YPF,YMCUO,Nueva York,Estados Unidos,800000000.00,COR USD YPF C28 (YMCUO),USD,USD,10.00%,40.00%,2.38,10.00,12.38,,,,1.00,9.50%,2.38%,19000000.00,80000000.00,99000000.00,360.00,180.00
2029-01-17T00:00:00.000Z,6,2029-01-17T00:00:00.000Z,YPF,Y134O,Nueva York,Estados Unidos,,COR USD YPF C34 Adicionales (Y134O),USD,USD,,100.00%,4.13,,4.13,,,,1.00,8.25%,4.13%,,,,360.00,180.00
2029-01-17T00:00:00.000Z,8,2029-01-17T00:00:00.000Z,YPF,YM34O,Nueva York,Estados Unidos,1650000000.00,COR USD YPF C34 (YM34O),USD,USD,,100.00%,4.13,,4.13,,,,1.00,8.25%,4.13%,68062500.00,,68062500.00,360.00,180.00
2029-01-18T00:00:00.000Z,9,2029-01-18T00:00:00.000Z,Telecom Argentina,TLCMO,Nueva York,Estados Unidos,817217000.00,COR USD Telecom C21 (TLCMO),USD,USD,,100.00%,4.75,,4.75,,,,1.00,9.50%,4.75%,38817807.50,,38817807.50,360.00,180.00
2029-01-22T00:00:00.000Z,8,2029-01-22T00:00:00.000Z,Tecpetrol,TTCAO,Nueva York,Estados Unidos,400000000.00,COR USD Tecpetrol C10 (TTCAO),USD,USD,,100.00%,3.81,,3.81,,,,1.00,7.63%,3.81%,15250000.00,,15250000.00,360.00,180.00
2029-01-22T00:00:00.000Z,6,2029-01-20T00:00:00.000Z,Telecom Argentina,TLCTO,Nueva York,Estados Unidos,600000000.00,COR USD Telecom Argentina C27 (TLCTO),USD,USD,,100.00%,4.25,,4.25,,,,1.00,8.50%,4.25%,25500000.00,,25500000.00,360.00,180.00
2029-01-22T00:00:00.000Z,7,2029-01-22T00:00:00.000Z,YPF,YM39O,Argentina,Estados Unidos,224801688.00,COR USD YPF C39 (YM39O),USD,USD,,100.00%,4.41,,4.41,,,,1.00,8.75%,4.41%,9915910.07,,9915910.07,365.00,184.00
2029-01-23T00:00:00.000Z,8,2029-01-23T00:00:00.000Z,IRSA,IRCOO,Argentina,Argentina,51467822.00,COR USD IRSA C23 (IRCOO),USD,USD,,100.00%,3.65,,3.65,,,,1.00,7.25%,3.65%,1881043.14,,1881043.14,365.00,184.00
2029-01-23T00:00:00.000Z,6,2029-01-23T00:00:00.000Z,Loma Negra,LOC6O,Argentina,Argentina,60000000.00,COR USD Loma Negra C6 (LOC6O),USD,USD,100.00%,,3.28,100.00,103.28,,,,1.00,6.50%,3.28%,1966027.40,60000000.00,61966027.40,365.00,184.00
2029-01-24T00:00:00.000Z,9,2029-01-24T00:00:00.000Z,Transportadora de Gas del Sur,TSC3O,Nueva York,Estados Unidos,490000000.00,COR USD Transportadora de Gas del Sur C3 (TSC3O),USD,USD,,100.00%,4.25,,4.25,,,,1.00,8.50%,4.25%,20825000.00,,20825000.00,360.00,180.00
2029-01-29T00:00:00.000Z,6,2029-01-28T00:00:00.000Z,B. Macro,BACHO,Nueva York,Estados Unidos,400000000.00,COR USD B. Macro CH (BACHO),USD,USD,,100.00%,4.00,,4.00,,,,1.00,8.00%,4.00%,16000000.00,,16000000.00,360.00,180.00
2029-01-29T00:00:00.000Z,7,2029-01-28T00:00:00.000Z,Edemsa,OZC6O,Nueva York,Estados Unidos,150000000.00,COR USD Edemsa C6 (OZC6O),USD,USD,,100.00%,4.88,,4.88,,,,1.00,9.75%,4.88%,7312500.00,,7312500.00,360.00,180.00
2029-01-29T00:00:00.000Z,40,2029-01-28T00:00:00.000Z,Generación Litoral,GOC4O,Argentina,Argentina,14949364.00,COR USD Generación Litoral C4 (GOC4O),USD,USD,2.25%,55.75%,0.56,2.25,2.81,,,,1.00,11.00%,0.56%,83618.14,336360.69,419978.83,365.00,32.00
2029-01-29T00:00:00.000Z,10,2029-01-29T00:00:00.000Z,Otamerica Ebytem,OTS6O,Argentina,Argentina,50000000.00,COR USD Otamerica Ebytem S6 (OTS6O),USD,USD,,100.00%,1.70,,1.70,,,,1.00,6.74%,1.70%,849424.66,,849424.66,365.00,92.00
2029-01-31T00:00:00.000Z,7,2029-01-31T00:00:00.000Z,Arcor,RC1CO,Nueva York,Estados Unidos,350000000.00,COR USD Arcor C1 (RC1CO),USD,USD,,100.00%,3.80,,3.80,,,,1.00,7.60%,3.80%,13300000.00,,13300000.00,360.00,180.00
2029-02-01T00:00:00.000Z,29,2029-02-01T00:00:00.000Z,AA 2000,ARC1O,Nueva York,Estados Unidos,272949631.00,COR USD AA 2000 (ARC1O),USD,USD,7.11%,61.24%,1.45,7.11,8.56,,,,1.00,8.50%,1.45%,3964492.40,19410813.01,23375305.41,360.00,90.00
2029-02-06T00:00:00.000Z,6,2029-02-06T00:00:00.000Z,B. Comafi,AFCKO,Argentina,Argentina,7035509.00,COR USD B. Comafi C19 (AFCKO),USD,USD,100.00%,,3.53,100.00,103.53,,,,1.00,7.00%,3.53%,248266.73,7035509.00,7283775.73,365.00,184.00
2029-02-09T00:00:00.000Z,6,2029-02-09T00:00:00.000Z,CNH,CICBO,Argentina,Argentina,46506336.00,COR USD CNH C11 (CICBO),USD,USD,100.00%,,3.78,100.00,103.78,,,,1.00,7.50%,3.78%,1758321.74,46506336.00,48264657.74,365.00,184.00
2029-02-13T00:00:00.000Z,11,2029-02-13T00:00:00.000Z,Agronorte,ORS1L,Argentina,Argentina,7500000.00,COR USD Agronorte S1 (ORS1L),USD,USD,,20.00%,0.30,,0.30,,,,1.00,5.95%,0.30%,22495.89,,22495.89,365.00,92.00
2029-02-19T00:00:00.000Z,8,2029-02-17T00:00:00.000Z,PCR,PQCSO,Argentina,Argentina,65000000.00,COR USD PCR CS (PQCSO),USD,USD,,100.00%,4.05,,4.05,,,,1.00,8.00%,4.05%,2635616.44,,2635616.44,365.00,185.00
2029-02-23T00:00:00.000Z,6,2029-02-23T00:00:00.000Z,Oleoductos del Valle,OLC7O,Argentina,Argentina,110000000.00,COR USD Oleoductos del Valle C7 (OLC7O),USD,USD,,100.00%,3.48,,3.48,,,,1.00,6.90%,3.48%,3826191.78,,3826191.78,365.00,184.00
2029-02-26T00:00:00.000Z,7,2029-02-25T00:00:00.000Z,Central Puerto,NPCCO,Argentina,Estados Unidos,89067309.00,COR USD Central Puerto CC (NPCCO),USD,USD,,100.00%,4.03,,4.03,,,,1.00,8.00%,4.03%,3591974.76,,3591974.76,365.00,184.00
2029-02-26T00:00:00.000Z,6,2029-02-26T00:00:00.000Z,Luz de Tres Picos,LUC5O,Argentina,Argentina,49624241.00,COR USD Luz de Tres Picos C5 (LUC5O),USD,USD,100.00%,,3.99,100.00,103.99,,,,1.00,8.00%,3.99%,1979531.37,49624241.00,51603772.37,365.00,182.00
2029-02-26T00:00:00.000Z,10,2029-02-26T00:00:00.000Z,Scania Credit Argentina,SBC3O,Argentina,Argentina,26971883.00,COR USD Scania Credit Argentina C3 (SBC3O),USD,USD,9.00%,10.00%,0.31,9.00,9.31,,,,1.00,6.50%,0.31%,83960.15,2427469.47,2511429.62,365.00,92.00
2029-02-27T00:00:00.000Z,7,2029-02-27T00:00:00.000Z,Pan American Energy,PN41O,Argentina,Argentina,85939129.00,COR USD Pan American Energy C41 (PN41O),USD,USD,,100.00%,3.78,,3.78,,,,1.00,7.50%,3.78%,3249205.43,,3249205.43,365.00,184.00
2029-02-27T00:00:00.000Z,6,2029-02-27T00:00:00.000Z,Pluspetrol,PLC6O,Argentina,Argentina,167492889.00,COR USD Pluspetrol C6 (PLC6O),USD,USD,100.00%,,1.64,100.00,101.64,,,,1.00,6.50%,1.64%,2744130.07,167492889.00,170237019.07,365.00,92.00
2029-02-28T00:00:00.000Z,11,2029-02-28T00:00:00.000Z,Del Fabro,DFS1L,Argentina,Argentina,5000000.00,COR USD Del Fabro S1 (DFS1L),USD,USD,,20.00%,0.34,,0.34,,,,1.00,6.74%,0.34%,16803.84,,16803.84,365.00,91.00
2029-02-28T00:00:00.000Z,41,2029-02-28T00:00:00.000Z,Generación Litoral,GOC4O,Argentina,Argentina,14949364.00,COR USD Generación Litoral C4 (GOC4O),USD,USD,2.25%,53.50%,0.50,2.25,2.75,,,,1.00,11.00%,0.50%,75350.94,336360.69,411711.63,365.00,30.00
2029-03-02T00:00:00.000Z,7,2029-03-02T00:00:00.000Z,YPF,YM42O,Argentina,Argentina,355922807.00,COR USD YPF C42 (YM42O),USD,USD,100.00%,,1.73,100.00,101.73,,,,1.00,7.00%,1.73%,6143325.16,355922807.00,362066132.16,365.00,90.00
2029-03-05T00:00:00.000Z,6,2029-03-03T00:00:00.000Z,Rizobacter,RZBBO,Argentina,Argentina,5390966.00,COR USD Rizobacter S11 CB (RZBBO),USD,USD,5.00%,30.00%,1.56,5.00,6.56,,,,1.00,9.00%,1.56%,84209.84,269548.30,353758.14,365.00,181.00
2029-03-05T00:00:00.000Z,6,2029-03-03T00:00:00.000Z,Rizobacter,RZBCO,Argentina,Argentina,20214109.00,COR USD Rizobacter S11 CC (RZBCO),USD,USD,5.00%,30.00%,1.56,5.00,6.56,,,,1.00,9.00%,1.56%,315755.46,1010705.45,1326460.91,365.00,181.00
2029-03-05T00:00:00.000Z,6,2029-03-05T00:00:00.000Z,Telecom Argentina,TLCUO,Argentina,Argentina,81329886.00,COR USD Telecom Argentina C28 (TLCUO),USD,USD,100.00%,,3.22,100.00,103.22,,,,1.00,6.50%,3.22%,2621496.19,81329886.00,83951382.19,365.00,181.00
2029-03-07T00:00:00.000Z,8,2029-03-07T00:00:00.000Z,Vista Energy Argentina,VSCUO,Argentina,Estados Unidos,92413570.00,COR USD Vista Energy Argentina C28 (VSCUO),USD,USD,,100.00%,3.72,,3.72,,,,1.00,7.50%,3.72%,3437025.24,,3437025.24,365.00,181.00
2029-03-12T00:00:00.000Z,6,2029-03-10T00:00:00.000Z,Cresud,CS50O,Argentina,Argentina,70381079.00,COR USD Cresud S34 C50 (CS50O),USD,USD,100.00%,,3.60,100.00,103.60,,,,1.00,7.25%,3.60%,2530344.41,70381079.00,72911423.41,365.00,181.00
2029-03-12T00:00:00.000Z,9,2029-03-10T00:00:00.000Z,Pampa Energia,MGCMO,Nueva York,Estados Unidos,410000000.00,COR USD Pampa Energia C21 (MGCMO),USD,USD,,100.00%,3.98,,3.98,,,,1.00,7.95%,3.98%,16297500.00,,16297500.00,360.00,180.00
2029-03-12T00:00:00.000Z,8,2029-03-10T00:00:00.000Z,Pecom Servicios Energia,MCC1O,Argentina,Argentina,29887257.00,COR USD Pecom Servicios Energia C1 (MCC1O),USD,USD,100.00%,,3.96,100.00,103.96,,,,1.00,7.90%,3.96%,1183781.03,29887257.00,31071038.03,365.00,183.00
2029-03-12T00:00:00.000Z,7,2029-03-11T00:00:00.000Z,YPF,YM1XO,Nueva York,Estados Unidos,,COR USD YPF C31 (YM1XO),USD,USD,,100.00%,4.38,,4.38,,,,1.00,8.75%,4.38%,,,,360.00,180.00
2029-03-12T00:00:00.000Z,9,2029-03-11T00:00:00.000Z,YPF,YMCXO,Nueva York,Estados Unidos,1040649400.00,COR USD YPF C31 (YMCXO),USD,USD,,100.00%,4.38,,4.38,,,,1.00,8.75%,4.38%,45528411.25,,45528411.25,360.00,180.00
2029-03-27T00:00:00.000Z,9,2029-03-27T00:00:00.000Z,Pan American Energy,PN35O,Argentina,Argentina,176944529.00,COR USD Pan American Energy C35 (PN35O),USD,USD,,100.00%,3.47,,3.47,,,,1.00,7.00%,3.47%,6142156.66,,6142156.66,365.00,181.00
2029-03-28T00:00:00.000Z,1,2029-03-28T00:00:00.000Z,Argentina,TZXM9,Argentina,Argentina,906835217496.00,GOB ARS ARG Boncer (TZXM9),ARS,ARS,100.00%,,,107.45,107.45,CER,,1.07,1.00,,,,974394441199.45,974394441199.45,360.00,1077.00
2029-03-28T00:00:00.000Z,42,2029-03-28T00:00:00.000Z,Generación Litoral,GOC4O,Argentina,Argentina,14949364.00,COR USD Generación Litoral C4 (GOC4O),USD,USD,2.25%,51.25%,0.45,2.25,2.70,,,,1.00,11.00%,0.45%,67489.21,336360.69,403849.90,365.00,28.00
2029-03-30T00:00:00.000Z,17,2029-03-30T00:00:00.000Z,YPF,YMCJO,Nueva York,Estados Unidos,575649021.00,COR USD YPF C18 (YMCJO),USD,USD,,100.00%,3.50,,3.50,,,,1.00,7.00%,3.50%,20147715.74,,20147715.74,360.00,180.00
2029-04-03T00:00:00.000Z,50,2029-03-31T00:00:00.000Z,Argentina,PAP0,Argentina,Argentina,11245518.00,GOB ARS ARG Boncer (PAP0),ARS,ARS,,100.00%,473.94,,473.94,CER,,535.52,1.00,1.77%,0.89%,53296866.32,,53296866.32,360.00,180.00
2029-04-03T00:00:00.000Z,50,2029-03-31T00:00:00.000Z,Argentina,PARP,Argentina,Argentina,2858331172.00,GOB ARS ARG Boncer (PARP),ARS,ARS,,100.00%,473.94,,473.94,CER,,535.52,1.00,1.77%,0.89%,13546738741.60,,13546738741.60,360.00,180.00
2029-04-03T00:00:00.000Z,40,2029-03-31T00:00:00.000Z,Argentina,PAY0,Nueva York,Estados Unidos,35014186.00,GOB USD ARG (PAY0),USD,USD,,100.00%,2.63,,2.63,,,,1.00,5.25%,2.63%,919122.38,,919122.38,360.00,180.00
2029-04-03T00:00:00.000Z,8,2029-03-31T00:00:00.000Z,IRSA,IRCPO,Nueva York,Estados Unidos,480454198.00,COR USD IRSA C24 (IRCPO),USD,USD,,100.00%,4.00,,4.00,,,,1.00,8.00%,4.00%,19218167.92,,19218167.92,360.00,180.00
2029-04-03T00:00:00.000Z,6,2029-04-01T00:00:00.000Z,Pampa Energia,MGCTO,Argentina,Argentina,200000000.00,COR USD Pampa Energia C27 (MGCTO),USD,USD,100.00%,,2.77,100.00,102.77,,,,1.00,5.49%,2.77%,5535123.29,200000000.00,205535123.29,365.00,184.00
2029-04-06T00:00:00.000Z,6,2029-04-06T00:00:00.000Z,Tropfen,OFS1L,Argentina,Argentina,1000000.00,COR USD Tropfen S1 (OFS1L),USD,USD,20.00%,,0.69,20.00,20.69,,,,1.00,6.95%,0.69%,6930.96,200000.00,206930.96,365.00,182.00
2029-04-09T00:00:00.000Z,6,2029-04-09T00:00:00.000Z,Akron,AXS1M,Argentina,Argentina,2000000.00,COR USD Akron S1 (AXS1M),USD,USD,25.00%,,1.06,25.00,26.06,,,,1.00,8.50%,1.06%,21191.78,500000.00,521191.78,365.00,182.00
2029-04-09T00:00:00.000Z,6,2029-04-08T00:00:00.000Z,Vista Energy Argentina,VSCXO,Nueva York,Estados Unidos,500000000.00,COR USD Vista Energy Argentina C31 (VSCXO),USD,USD,,100.00%,3.94,,3.94,,,,1.00,7.88%,3.94%,19687500.00,,19687500.00,360.00,180.00
2029-04-10T00:00:00.000Z,9,2029-04-10T00:00:00.000Z,Vista Energy Argentina,VSCRO,Argentina,Estados Unidos,150000000.00,COR USD Vista Energy Argentina C26 (VSCRO),USD,USD,,100.00%,3.81,,3.81,,,,1.00,7.65%,3.81%,5721780.82,,5721780.82,365.00,182.00
2029-04-16T00:00:00.000Z,8,2029-04-16T00:00:00.000Z,MSU,MSSGO,Argentina,Argentina,34876339.00,COR USD MSU S15 (MSSGO),USD,USD,100.00%,,4.24,100.00,104.24,,,,1.00,8.50%,4.24%,1478183.46,34876339.00,36354522.46,365.00,182.00
2029-04-16T00:00:00.000Z,9,2029-04-16T00:00:00.000Z,YPF Luz,YFCJO,Nueva York,Estados Unidos,420000000.00,COR USD YPF Luz C18 (YFCJO),USD,USD,,100.00%,3.94,,3.94,,,,1.00,7.88%,3.94%,16537500.00,,16537500.00,360.00,180.00
2029-04-17T00:00:00.000Z,15,2029-04-17T00:00:00.000Z,Otamerica Ebytem,OT42O,Argentina,Argentina,35231293.00,COR USD Oiltanking Ebytem S4 C2 (OT42O),USD,USD,,100.00%,1.97,,1.97,,,,1.00,8.00%,1.97%,694973.45,,694973.45,365.00,90.00
2029-04-24T00:00:00.000Z,9,2029-04-24T00:00:00.000Z,Edenor,DNC7O,Nueva York,Estados Unidos,300000000.00,COR USD Edenor C7 (DNC7O),USD,USD,,66.67%,3.25,,3.25,,,,1.00,9.75%,3.25%,9750487.50,,9750487.50,360.00,180.00
2029-04-24T00:00:00.000Z,12,2029-04-24T00:00:00.000Z,Raghsa,RAC5O,Nueva York,Estados Unidos,56777276.00,COR USD Raghsa C5 (RAC5O),USD,USD,,100.00%,4.13,,4.13,,,,1.00,8.25%,4.13%,2342062.63,,2342062.63,360.00,180.00
2029-04-24T00:00:00.000Z,9,2029-04-24T00:00:00.000Z,Tecpetrol,TTC9O,Argentina,Argentina,80541942.00,COR USD Tecpetrol C9 (TTC9O),USD,USD,,100.00%,3.39,,3.39,,,,1.00,6.80%,3.39%,2730923.49,,2730923.49,365.00,182.00
2029-04-27T00:00:00.000Z,8,2029-04-27T00:00:00.000Z,Pluspetrol,PLC2O,Argentina,Argentina,123020337.00,COR USD Pluspetrol C2 (PLC2O),USD,USD,,100.00%,3.74,,3.74,,,,1.00,7.50%,3.74%,4600623.56,,4600623.56,365.00,182.00
2029-04-30T00:00:00.000Z,6,2029-04-30T00:00:00.000Z,Central Puerto,NPCDO,Argentina,Argentina,130120007.00,COR USD Central Puerto CD (NPCDO),USD,USD,,100.00%,2.99,,2.99,,,,1.00,6.00%,2.99%,3892905.41,,3892905.41,365.00,182.00
2029-04-30T00:00:00.000Z,6,2029-04-30T00:00:00.000Z,Cresud,CS53O,Argentina,Argentina,22998047.00,COR USD Cresud C53 (CS53O),USD,USD,,100.00%,3.12,,3.12,,,,1.00,6.25%,3.12%,716719.96,,716719.96,365.00,182.00
2029-04-30T00:00:00.000Z,6,2029-04-28T00:00:00.000Z,Edenor,DNCAO,Nueva York,Estados Unidos,550000000.00,COR USD Edenor C10 S1 (DNCAO),USD,USD,,100.00%,4.75,,4.75,,,,1.00,9.50%,4.75%,26125000.00,,26125000.00,360.00,180.00
2029-04-30T00:00:00.000Z,43,2029-04-28T00:00:00.000Z,Generación Litoral,GOC4O,Argentina,Argentina,14949364.00,COR USD Generación Litoral C4 (GOC4O),USD,USD,2.25%,49.00%,0.51,2.25,2.76,,,,1.00,11.00%,0.51%,76195.68,336360.69,412556.37,365.00,33.00
2029-04-30T00:00:00.000Z,11,2029-04-29T00:00:00.000Z,Otamerica Ebytem,OTS6O,Argentina,Argentina,50000000.00,COR USD Otamerica Ebytem S6 (OTS6O),USD,USD,,100.00%,1.66,,1.66,,,,1.00,6.74%,1.66%,830958.90,,830958.90,365.00,90.00
2029-04-30T00:00:00.000Z,10,2029-04-30T00:00:00.000Z,Pan American Energy,PNXCO,Nueva York,Estados Unidos,400000000.00,COR USD Pan American Energy C31 (PNXCO),USD,USD,,100.00%,4.25,,4.25,,,,1.00,8.50%,4.25%,17000000.00,,17000000.00,360.00,180.00
2029-05-02T00:00:00.000Z,30,2029-05-01T00:00:00.000Z,AA 2000,ARC1O,Nueva York,Estados Unidos,272949631.00,COR USD AA 2000 (ARC1O),USD,USD,4.96%,56.28%,1.32,4.96,6.27,,,,1.00,8.50%,1.32%,3591479.43,13533661.55,17125140.98,360.00,91.00
2029-05-03T00:00:00.000Z,7,2029-05-03T00:00:00.000Z,Tecpetrol,TTCDO,Nueva York,Estados Unidos,750000000.00,COR USD Tecpetrol C12 (TTCDO),USD,USD,,100.00%,3.81,,3.81,,,,1.00,7.63%,3.81%,28593750.00,,28593750.00,360.00,180.00
2029-05-03T00:00:00.000Z,10,2029-05-03T00:00:00.000Z,Vista Energy Argentina,VSCPO,Argentina,Estados Unidos,46561789.00,COR USD Vista Energy Argentina C24 (VSCPO),USD,USD,25.00%,,0.99,25.00,25.99,,,,1.00,8.00%,0.99%,461790.89,11640447.25,12102238.14,365.00,181.00
2029-05-08T00:00:00.000Z,6,2029-05-08T00:00:00.000Z,Profertil,PFC3O,Argentina,Argentina,70000000.00,COR USD Profertil C3 (PFC3O),USD,USD,,100.00%,2.85,,2.85,,,,1.00,5.75%,2.85%,1995958.90,,1995958.90,365.00,181.00
2029-05-11T00:00:00.000Z,12,2029-05-13T00:00:00.000Z,Agronorte,ORS1L,Argentina,Argentina,7500000.00,COR USD Agronorte S1 (ORS1L),USD,USD,20.00%,,0.28,20.00,20.28,,,,1.00,5.95%,0.28%,21273.29,1500000.00,1521273.29,365.00,87.00
2029-05-11T00:00:00.000Z,6,2029-05-11T00:00:00.000Z,BNA,NZC2O,Argentina,Argentina,30445485.00,COR USD BNA C2 (NZC2O),USD,USD,100.00%,,2.73,100.00,102.73,,,,1.00,5.50%,2.73%,830369.32,30445485.00,31275854.32,365.00,181.00
2029-05-11T00:00:00.000Z,6,2029-05-11T00:00:00.000Z,Farmacity,FYC1O,Argentina,Argentina,15000000.00,COR USD Farmacity C1 (FYC1O),USD,USD,100.00%,,3.72,100.00,103.72,,,,1.00,7.50%,3.72%,557876.71,15000000.00,15557876.71,365.00,181.00
2029-05-11T00:00:00.000Z,6,2029-05-11T00:00:00.000Z,Pecom Servicios Energia,MCC3O,Argentina,Argentina,196759808.00,COR USD Pecom Servicios Energia C3 (MCC3O),USD,USD,,100.00%,3.72,,3.72,,,,1.00,7.50%,3.72%,7317847.65,,7317847.65,365.00,181.00
2029-05-14T00:00:00.000Z,6,2029-05-14T00:00:00.000Z,Pampa Energia,MG1RO,Nueva York,Estados Unidos,500000000.00,COR USD Pampa Energia C26 Adicionales (MG1RO),USD,USD,,100.00%,3.88,,3.88,,,,1.00,7.75%,3.88%,19375000.00,,19375000.00,360.00,180.00
2029-05-14T00:00:00.000Z,7,2029-05-14T00:00:00.000Z,Pampa Energia,MGCRO,Nueva York,Estados Unidos,450000000.00,COR USD Pampa Energia C26 (MGCRO),USD,USD,,100.00%,3.88,,3.88,,,,1.00,7.75%,3.88%,17437500.00,,17437500.00,360.00,180.00
2029-05-14T00:00:00.000Z,9,2029-05-13T00:00:00.000Z,Pan American Energy,PN36O,Argentina,Argentina,78100553.00,COR USD Pan American Energy C36 (PN36O),USD,USD,,100.00%,3.60,,3.60,,,,1.00,7.25%,3.60%,2807875.36,,2807875.36,365.00,181.00
2029-05-14T00:00:00.000Z,6,2029-05-12T00:00:00.000Z,Puente,PHC4O,Argentina,Argentina,20394733.00,COR USD Puente C4 (PHC4O),USD,USD,34.00%,,1.11,34.00,35.11,,,,1.00,6.50%,1.11%,225979.23,6934209.22,7160188.45,365.00,183.00
2029-05-18T00:00:00.000Z,7,2029-05-18T00:00:00.000Z,Pluspetrol,PLC5O,Nueva York,Estados Unidos,500000000.00,COR USD Pluspetrol C5 (PLC5O),USD,USD,,100.00%,4.06,,4.06,,,,1.00,8.13%,4.06%,20312500.00,,20312500.00,360.00,180.00
2029-05-21T00:00:00.000Z,6,2029-05-21T00:00:00.000Z,Arcor,RC5CO,Argentina,Argentina,50000000.00,COR USD Arcor C5 (RC5CO),USD,USD,100.00%,,2.60,100.00,102.60,,,,1.00,5.25%,2.60%,1301712.33,50000000.00,51301712.33,365.00,181.00
2029-05-21T00:00:00.000Z,6,2029-05-21T00:00:00.000Z,Tecpetrol,TTCEO,Argentina,Argentina,100000000.00,COR USD Tecpetrol C13 (TTCEO),USD,USD,100.00%,,2.73,100.00,102.73,,,,1.00,5.50%,2.73%,2727397.26,100000000.00,102727397.26,365.00,181.00
2029-05-21T00:00:00.000Z,7,2029-05-20T00:00:00.000Z,Transportadora de Gas del Sur,TSC4O,Nueva York,Estados Unidos,500000000.00,COR USD Transportadora de Gas del Sur C4 (TSC4O),USD,USD,,100.00%,3.88,,3.88,,,,1.00,7.75%,3.88%,19375000.00,,19375000.00,360.00,180.00
2029-05-28T00:00:00.000Z,7,2029-05-28T00:00:00.000Z,CGC,CP38O,Nueva York,Estados Unidos,500000000.00,COR USD CGC C38 (CP38O),USD,USD,,100.00%,5.94,,5.94,,,,1.00,11.88%,5.94%,29687500.00,,29687500.00,360.00,180.00
2029-05-28T00:00:00.000Z,44,2029-05-28T00:00:00.000Z,Generación Litoral,GOC4O,Argentina,Argentina,14949364.00,COR USD Generación Litoral C4 (GOC4O),USD,USD,2.50%,46.50%,0.41,2.50,2.91,,,,1.00,11.00%,0.41%,61812.55,373734.10,435546.65,365.00,28.00
2029-05-28T00:00:00.000Z,11,2029-05-26T00:00:00.000Z,Scania Credit Argentina,SBC3O,Argentina,Argentina,26971883.00,COR USD Scania Credit Argentina C3 (SBC3O),USD,USD,10.00%,,0.16,10.00,10.16,,,,1.00,6.50%,0.16%,43709.23,2697188.30,2740897.53,365.00,91.00
2029-05-28T00:00:00.000Z,8,2029-05-28T00:00:00.000Z,Telecom Argentina,TLCPO,Nueva York,Estados Unidos,1000000000.00,COR USD Telecom Argentina C24 (TLCPO),USD,USD,,100.00%,4.63,,4.63,,,,1.00,9.25%,4.63%,46250000.00,,46250000.00,360.00,180.00
2029-05-29T00:00:00.000Z,12,2029-05-29T00:00:00.000Z,Del Fabro,DFS1L,Argentina,Argentina,5000000.00,COR USD Del Fabro S1 (DFS1L),USD,USD,20.00%,,0.33,20.00,20.33,,,,1.00,6.74%,0.33%,16619.18,1000000.00,1016619.18,365.00,90.00
2029-05-29T00:00:00.000Z,6,2029-05-29T00:00:00.000Z,Telecom Argentina,TLCWO,Argentina,Argentina,35149670.00,COR USD Telecom Argentina C30 (TLCWO),USD,USD,,100.00%,3.10,,3.10,,,,1.00,6.25%,3.10%,1089399.02,,1089399.02,365.00,181.00
2029-05-30T00:00:00.000Z,14,2029-05-30T00:00:00.000Z,Argentina,TX31,Argentina,Argentina,110944599869.00,GOB ARS ARG Boncer (TX31),ARS,ARS,10.00%,50.00%,12.46,166.10,178.56,CER,,16.61,1.00,2.50%,0.75%,13821178701.26,184282308720.41,198103487421.67,360.00,180.00
2029-05-30T00:00:00.000Z,8,2029-05-30T00:00:00.000Z,Argentina,TY30P,Argentina,Argentina,1691807339451.00,GOB ARS ARG Bote (TY30P),ARS,ARS,,100.00%,14.75,,14.75,,,,1.00,29.50%,14.75%,249541582569.02,,249541582569.02,360.00,180.00
2029-05-30T00:00:00.000Z,7,2029-05-30T00:00:00.000Z,Argentina,AN29,Argentina,Argentina,1000000000.00,GOB USD ARG Bonar (AN29),USD,USD,,100.00%,3.25,,3.25,,,,1.00,6.50%,3.25%,32500000.00,,32500000.00,360.00,180.00
2029-05-30T00:00:00.000Z,8,2029-05-30T00:00:00.000Z,Pluspetrol,PLC4O,Nueva York,Estados Unidos,650000000.00,COR USD Pluspetrol C4 (PLC4O),USD,USD,,100.00%,4.25,,4.25,,,,1.00,8.50%,4.25%,27625000.00,,27625000.00,360.00,180.00
2029-06-04T00:00:00.000Z,7,2029-06-04T00:00:00.000Z,Capex,CACDO,Argentina,Argentina,70905879.00,COR USD Capex C12 (CACDO),USD,USD,100.00%,,4.11,100.00,104.11,,,,1.00,8.25%,4.11%,2916854.17,70905879.00,73822733.17,365.00,182.00
2029-06-04T00:00:00.000Z,7,2029-06-02T00:00:00.000Z,Genneia,GN49O,Nueva York,Estados Unidos,400000000.00,COR USD Genneia C49 (GN49O),USD,USD,,100.00%,3.88,,3.88,,,,1.00,7.75%,3.88%,15500000.00,,15500000.00,360.00,180.00
2029-06-05T00:00:00.000Z,9,2029-06-05T00:00:00.000Z,MSU Energy,RUCDO,Nueva York,Estados Unidos,400000000.00,COR USD MSU Energy C12 (RUCDO),USD,USD,,82.50%,4.02,,4.02,,,,1.00,9.75%,4.02%,16087500.00,,16087500.00,360.00,180.00
2029-06-05T00:00:00.000Z,7,2029-06-05T00:00:00.000Z,Oleoductos del Valle,OLC6O,Argentina,Argentina,115514950.00,COR USD Oleoductos del Valle C6 (OLC6O),USD,USD,100.00%,,3.74,100.00,103.74,,,,1.00,7.50%,3.74%,4319942.65,115514950.00,119834892.65,365.00,182.00
2029-06-11T00:00:00.000Z,9,2029-06-10T00:00:00.000Z,Clisa,CLI1O,Nueva York,Estados Unidos,74985749.00,COR USD Clisa C1 (CLI1O),USD,USD,,100.00%,3.50,,3.50,,,,1.00,7.00%,3.50%,2624501.22,,2624501.22,360.00,180.00
2029-06-11T00:00:00.000Z,10,2029-06-10T00:00:00.000Z,Clisa,CLSIO,Nueva York,Estados Unidos,200000000.00,COR USD Clisa (CLSIO),USD,USD,,100.00%,4.25,,4.25,,,,1.00,8.50%,4.25%,8500000.00,,8500000.00,360.00,180.00
2029-06-11T00:00:00.000Z,9,2029-06-11T00:00:00.000Z,Raghsa,RAC7O,Nueva York,Estados Unidos,48705263.00,COR USD Raghsa C7 (RAC7O),USD,USD,,100.00%,4.25,,4.25,,,,1.00,8.50%,4.25%,2069973.68,,2069973.68,360.00,180.00
2029-06-11T00:00:00.000Z,9,2029-06-10T00:00:00.000Z,Vista Energy Argentina,VSCTO,Nueva York,Estados Unidos,600000000.00,COR USD Vista Energy Argentina C27 (VSCTO),USD,USD,,100.00%,3.81,,3.81,,,,1.00,7.63%,3.81%,22875000.00,,22875000.00,360.00,180.00
2029-06-11T00:00:00.000Z,8,2029-06-10T00:00:00.000Z,Vista Energy Argentina,VSCVO,Nueva York,Estados Unidos,900000000.00,COR USD Vista Energy Argentina C29 (VSCVO),USD,USD,,100.00%,4.25,,4.25,,,,1.00,8.50%,4.25%,38250000.00,,38250000.00,360.00,180.00
2029-06-15T00:00:00.000Z,23,2029-06-15T00:00:00.000Z,YPF,YCANO,Nueva York,Estados Unidos,536612500.00,COR USD YPF 15-12-47,USD,USD,,100.00%,3.50,,3.50,,,,1.00,7.00%,3.50%,18781437.50,,18781437.50,360.00,180.00
2029-06-18T00:00:00.000Z,9,2029-06-16T00:00:00.000Z,Pampa Energia,MGCOO,Nueva York,Estados Unidos,700000000.00,COR USD Pampa Energia C23 (MGCOO),USD,USD,,100.00%,3.94,,3.94,,,,1.00,7.88%,3.94%,27562500.00,,27562500.00,360.00,180.00
2029-06-25T00:00:00.000Z,8,2029-06-23T00:00:00.000Z,B. Macro,BACGO,Nueva York,Estados Unidos,530000000.00,COR USD B. Macro CG (BACGO),USD,USD,100.00%,,4.00,100.00,104.00,,,,1.00,8.00%,4.00%,21200000.00,530000000.00,551200000.00,360.00,180.00
2029-06-27T00:00:00.000Z,20,2029-06-27T00:00:00.000Z,YPF,YMC1O,Nueva York,Estados Unidos,398972000.00,COR USD YPF (YMC1O),USD,USD,100.00%,,4.25,100.00,104.25,,,,1.00,8.50%,4.25%,16956310.00,398972000.00,415928310.00,360.00,180.00
2029-06-28T00:00:00.000Z,45,2029-06-28T00:00:00.000Z,Generación Litoral,GOC4O,Argentina,Argentina,14949364.00,COR USD Generación Litoral C4 (GOC4O),USD,USD,2.50%,44.00%,0.43,2.50,2.93,,,,1.00,11.00%,0.43%,64943.72,373734.10,438677.82,365.00,31.00
2029-07-02T00:00:00.000Z,51,2029-06-30T00:00:00.000Z,Argentina,DICP,Argentina,Argentina,4243693957.00,GOB ARS ARG Boncer (DICP),ARS,ARS,5.00%,45.00%,991.22,3400.41,4391.62,CER,,535.52,1.27,5.83%,1.85%,42064263459.13,144302790834.65,186367054293.78,360.00,180.00
2029-07-02T00:00:00.000Z,51,2029-06-30T00:00:00.000Z,Argentina,DIP0,Argentina,Argentina,125510513.00,GOB ARS ARG Boncer (DIP0),ARS,ARS,5.00%,45.00%,991.22,3400.41,4391.62,CER,,535.52,1.27,5.83%,1.85%,1244082947.36,4267866035.70,5511948983.06,360.00,180.00
2029-07-02T00:00:00.000Z,51,2029-06-30T00:00:00.000Z,Argentina,CUAP,Argentina,Argentina,23434050685.00,GOB ARS ARG (CUAP),ARS,ARS,,100.00%,1230.70,,1230.70,CER,,535.52,1.39,3.31%,2.30%,288402364978.42,,288402364978.42,360.00,180.00
2029-07-02T00:00:00.000Z,17,2029-06-30T00:00:00.000Z,YPF,YMCIO,Nueva York,Estados Unidos,747833257.00,COR USD YPF C17 (YMCIO),USD,USD,14.29%,,0.64,14.29,14.93,,,,1.00,9.00%,0.64%,4807500.09,106833335.25,111640835.33,360.00,180.00
2029-07-10T00:00:00.000Z,17,2029-07-09T00:00:00.000Z,Argentina,GD29,Nueva York,Estados Unidos,2620524000.00,GOB USD ARG Birad (GD29),USD,USD,10.00%,,0.05,10.00,10.05,,,,1.00,1.00%,0.05%,1310262.00,262052400.00,263362662.00,360.00,180.00
2029-07-10T00:00:00.000Z,17,2029-07-09T00:00:00.000Z,Argentina,GD30,Nueva York,Estados Unidos,13587430959.00,GOB USD ARG Birad (GD30),USD,USD,8.00%,16.00%,0.21,8.00,8.21,,,,1.00,1.75%,0.21%,28533605.01,1086994476.72,1115528081.73,360.00,180.00
2029-07-10T00:00:00.000Z,17,2029-07-09T00:00:00.000Z,Argentina,GD35,Nueva York,Estados Unidos,20436350000.00,GOB USD ARG Birad (GD35),USD,USD,,100.00%,2.50,,2.50,,,,1.00,5.00%,2.50%,510908750.00,,510908750.00,360.00,180.00
2029-07-10T00:00:00.000Z,17,2029-07-09T00:00:00.000Z,Argentina,GD38,Nueva York,Estados Unidos,10063292000.00,GOB USD ARG Birad (GD38),USD,USD,4.55%,77.27%,2.05,4.55,6.59,,,,1.00,5.00%,2.05%,205840059.06,457422363.64,663262422.70,360.00,180.00
2029-07-10T00:00:00.000Z,17,2029-07-09T00:00:00.000Z,Argentina,GD41,Nueva York,Estados Unidos,10482111279.00,GOB USD ARG Birad (GD41),USD,USD,3.57%,85.71%,1.56,3.57,5.13,,,,1.00,3.50%,1.56%,163782986.38,374361117.11,538144103.48,360.00,180.00
2029-07-10T00:00:00.000Z,17,2029-07-09T00:00:00.000Z,Argentina,GD46,Nueva York,Estados Unidos,2091997124.00,GOB USD ARG Birad (GD46),USD,USD,2.27%,77.27%,1.99,2.27,4.26,,,,1.00,5.00%,1.99%,41602216.82,47545389.18,89147606.00,360.00,180.00
2029-07-10T00:00:00.000Z,17,2029-07-09T00:00:00.000Z,Argentina,AE38,Argentina,Argentina,12324977546.00,GOB USD ARG Bonar (AE38),USD,USD,4.55%,77.27%,2.05,4.55,6.59,,,,1.00,5.00%,2.05%,252101807.84,560226308.11,812328115.95,360.00,180.00
2029-07-10T00:00:00.000Z,17,2029-07-09T00:00:00.000Z,Argentina,AL29,Argentina,Argentina,1394901484.00,GOB USD ARG Bonar (AL29),USD,USD,10.00%,,0.05,10.00,10.05,,,,1.00,1.00%,0.05%,697450.74,139490148.40,140187599.14,360.00,180.00
2029-07-10T00:00:00.000Z,17,2029-07-09T00:00:00.000Z,Argentina,AL30,Argentina,Argentina,13102738119.00,GOB USD ARG Bonar (AL30),USD,USD,8.00%,16.00%,0.21,8.00,8.21,,,,1.00,1.75%,0.21%,27515750.05,1048219049.52,1075734799.57,360.00,180.00
2029-07-10T00:00:00.000Z,17,2029-07-09T00:00:00.000Z,Argentina,AL35,Argentina,Argentina,20243999549.00,GOB USD ARG Bonar (AL35),USD,USD,,100.00%,2.50,,2.50,,,,1.00,5.00%,2.50%,506099988.73,,506099988.73,360.00,180.00
2029-07-10T00:00:00.000Z,17,2029-07-09T00:00:00.000Z,Argentina,AL41,Argentina,Argentina,1542233749.00,GOB USD ARG Bonar (AL41),USD,USD,3.57%,85.71%,1.56,3.57,5.13,,,,1.00,3.50%,1.56%,24097401.98,55079776.75,79177178.73,360.00,180.00
2029-07-16T00:00:00.000Z,7,2029-07-15T00:00:00.000Z,Pan American Energy,PN43O,Nueva York,Estados Unidos,375000000.00,COR USD Pan American Energy C43 (PN43O),USD,USD,,100.00%,3.88,,3.88,,,,1.00,7.75%,3.88%,14531250.00,,14531250.00,360.00,180.00
2029-07-16T00:00:00.000Z,12,2029-07-14T00:00:00.000Z,San Miguel,SNABO,Argentina,Argentina,1128461.00,COR USD San Miguel S10 CB (SNABO),USD,USD,70.00%,,2.78,70.00,72.78,,,,1.00,8.00%,2.78%,31337.21,789922.70,821259.91,365.00,181.00
2029-07-16T00:00:00.000Z,11,2029-07-14T00:00:00.000Z,San Miguel,SNSBO,Argentina,Argentina,5864584.00,COR USD San Miguel S11 (SNSBO),USD,USD,70.00%,,2.78,70.00,72.78,,,,1.00,8.00%,2.78%,162858.69,4105208.80,4268067.49,365.00,181.00
2029-07-16T00:00:00.000Z,9,2029-07-14T00:00:00.000Z,San Miguel,SNSDO,Argentina,Argentina,2924676.00,COR USD San Miguel S12 (SNSDO),USD,USD,70.00%,,2.81,70.00,72.81,,,,1.00,8.00%,2.81%,82115.29,2047273.20,2129388.49,365.00,183.00
2029-07-16T00:00:00.000Z,8,2029-07-14T00:00:00.000Z,San Miguel,SNEBO,Argentina,Argentina,47759471.00,COR USD San Miguel S13 CB (SNEBO),USD,USD,59.50%,,2.39,59.50,61.89,,,,1.00,8.00%,2.39%,1139789.59,28416885.25,29556674.83,365.00,183.00
2029-07-16T00:00:00.000Z,6,2029-07-14T00:00:00.000Z,YPF,YM43O,Argentina,Argentina,122146525.00,COR USD YPF C43 (YM43O),USD,USD,,100.00%,2.73,,2.73,,,,1.00,5.50%,2.73%,3331420.98,,3331420.98,365.00,181.00
2029-07-17T00:00:00.000Z,16,2029-07-17T00:00:00.000Z,Otamerica Ebytem,OT42O,Argentina,Argentina,35231293.00,COR USD Oiltanking Ebytem S4 C2 (OT42O),USD,USD,,100.00%,1.99,,1.99,,,,1.00,8.00%,1.99%,702695.38,,702695.38,365.00,91.00
2029-07-17T00:00:00.000Z,11,2029-07-17T00:00:00.000Z,YPF,YMCUO,Nueva York,Estados Unidos,800000000.00,COR USD YPF C28 (YMCUO),USD,USD,10.00%,30.00%,1.90,10.00,11.90,,,,1.00,9.50%,1.90%,15200000.00,80000000.00,95200000.00,360.00,180.00
2029-07-17T00:00:00.000Z,7,2029-07-17T00:00:00.000Z,YPF,Y134O,Nueva York,Estados Unidos,,COR USD YPF C34 Adicionales (Y134O),USD,USD,,100.00%,4.13,,4.13,,,,1.00,8.25%,4.13%,,,,360.00,180.00
2029-07-17T00:00:00.000Z,9,2029-07-17T00:00:00.000Z,YPF,YM34O,Nueva York,Estados Unidos,1650000000.00,COR USD YPF C34 (YM34O),USD,USD,,100.00%,4.13,,4.13,,,,1.00,8.25%,4.13%,68062500.00,,68062500.00,360.00,180.00
2029-07-18T00:00:00.000Z,10,2029-07-18T00:00:00.000Z,Telecom Argentina,TLCMO,Nueva York,Estados Unidos,817217000.00,COR USD Telecom C21 (TLCMO),USD,USD,33.00%,67.00%,4.75,33.00,37.75,,,,1.00,9.50%,4.75%,38817807.50,269681610.00,308499417.50,360.00,180.00
2029-07-20T00:00:00.000Z,7,2029-07-20T00:00:00.000Z,Telecom Argentina,TLCTO,Nueva York,Estados Unidos,600000000.00,COR USD Telecom Argentina C27 (TLCTO),USD,USD,,100.00%,4.25,,4.25,,,,1.00,8.50%,4.25%,25500000.00,,25500000.00,360.00,180.00
2029-07-23T00:00:00.000Z,9,2029-07-23T00:00:00.000Z,IRSA,IRCOO,Argentina,Argentina,51467822.00,COR USD IRSA C23 (IRCOO),USD,USD,,100.00%,3.60,,3.60,,,,1.00,7.25%,3.60%,1850373.96,,1850373.96,365.00,181.00
2029-07-23T00:00:00.000Z,9,2029-07-22T00:00:00.000Z,Tecpetrol,TTCAO,Nueva York,Estados Unidos,400000000.00,COR USD Tecpetrol C10 (TTCAO),USD,USD,,100.00%,3.81,,3.81,,,,1.00,7.63%,3.81%,15250000.00,,15250000.00,360.00,180.00
2029-07-23T00:00:00.000Z,8,2029-07-22T00:00:00.000Z,YPF,YM39O,Argentina,Estados Unidos,224801688.00,COR USD YPF C39 (YM39O),USD,USD,,100.00%,4.34,,4.34,,,,1.00,8.75%,4.34%,9754237.63,,9754237.63,365.00,181.00
2029-07-24T00:00:00.000Z,10,2029-07-24T00:00:00.000Z,Transportadora de Gas del Sur,TSC3O,Nueva York,Estados Unidos,490000000.00,COR USD Transportadora de Gas del Sur C3 (TSC3O),USD,USD,,100.00%,4.25,,4.25,,,,1.00,8.50%,4.25%,20825000.00,,20825000.00,360.00,180.00
2029-07-27T00:00:00.000Z,12,2029-07-29T00:00:00.000Z,Otamerica Ebytem,OTS6O,Argentina,Argentina,50000000.00,COR USD Otamerica Ebytem S6 (OTS6O),USD,USD,100.00%,,1.64,100.00,101.64,,,,1.00,6.74%,1.64%,821726.03,50000000.00,50821726.03,365.00,89.00
2029-07-30T00:00:00.000Z,7,2029-07-28T00:00:00.000Z,B. Macro,BACHO,Nueva York,Estados Unidos,400000000.00,COR USD B. Macro CH (BACHO),USD,USD,,100.00%,4.00,,4.00,,,,1.00,8.00%,4.00%,16000000.00,,16000000.00,360.00,180.00
2029-07-30T00:00:00.000Z,8,2029-07-28T00:00:00.000Z,Edemsa,OZC6O,Nueva York,Estados Unidos,150000000.00,COR USD Edemsa C6 (OZC6O),USD,USD,33.33%,66.67%,5.38,33.33,38.71,,,,1.00,10.75%,5.38%,8062500.00,49995000.00,58057500.00,360.00,180.00
2029-07-30T00:00:00.000Z,46,2029-07-28T00:00:00.000Z,Generación Litoral,GOC4O,Argentina,Argentina,14949364.00,COR USD Generación Litoral C4 (GOC4O),USD,USD,2.50%,41.50%,0.42,2.50,2.92,,,,1.00,11.00%,0.42%,63434.45,373734.10,437168.55,365.00,32.00
2029-07-31T00:00:00.000Z,8,2029-07-31T00:00:00.000Z,Arcor,RC1CO,Nueva York,Estados Unidos,350000000.00,COR USD Arcor C1 (RC1CO),USD,USD,,100.00%,3.80,,3.80,,,,1.00,7.60%,3.80%,13300000.00,,13300000.00,360.00,180.00
2029-08-01T00:00:00.000Z,31,2029-08-01T00:00:00.000Z,AA 2000,ARC1O,Nueva York,Estados Unidos,272949631.00,COR USD AA 2000 (ARC1O),USD,USD,6.58%,49.70%,1.18,6.58,7.77,,,,1.00,8.50%,1.18%,3228150.96,17972641.40,21200792.36,360.00,89.00
2029-08-20T00:00:00.000Z,9,2029-08-17T00:00:00.000Z,PCR,PQCSO,Argentina,Argentina,65000000.00,COR USD PCR CS (PQCSO),USD,USD,,100.00%,3.99,,3.99,,,,1.00,8.00%,3.99%,2592876.71,,2592876.71,365.00,182.00
2029-08-23T00:00:00.000Z,7,2029-08-23T00:00:00.000Z,Oleoductos del Valle,OLC7O,Argentina,Argentina,110000000.00,COR USD Oleoductos del Valle C7 (OLC7O),USD,USD,,100.00%,3.42,,3.42,,,,1.00,6.90%,3.42%,3763808.22,,3763808.22,365.00,181.00
2029-08-27T00:00:00.000Z,8,2029-08-25T00:00:00.000Z,Central Puerto,NPCCO,Argentina,Estados Unidos,89067309.00,COR USD Central Puerto CC (NPCCO),USD,USD,100.00%,,4.01,100.00,104.01,,,,1.00,8.00%,4.01%,3572453.16,89067309.00,92639762.16,365.00,183.00
2029-08-27T00:00:00.000Z,8,2029-08-27T00:00:00.000Z,Pan American Energy,PN41O,Argentina,Argentina,85939129.00,COR USD Pan American Energy C41 (PN41O),USD,USD,100.00%,,3.72,100.00,103.72,,,,1.00,7.50%,3.72%,3196229.25,85939129.00,89135358.25,365.00,181.00
2029-08-27T00:00:00.000Z,4,2029-08-25T00:00:00.000Z,Tango Energy Argentina,PECNO,Argentina,Argentina,61752582.00,COR USD Tango Energy Argentina C22 (PECNO),USD,USD,,100.00%,5.00,,5.00,,,,1.00,5.00%,5.00%,3087629.10,,3087629.10,365.00,365.00
2029-08-27T00:00:00.000Z,4,2029-08-25T00:00:00.000Z,Tango Energy Argentina,PECOO,Argentina,Argentina,3390726.00,COR USD Tango Energy Argentina C23 (PECOO),USD,USD,20.00%,80.00%,6.75,20.00,26.75,,,,1.00,6.75%,6.75%,228874.01,678145.20,907019.21,365.00,365.00
2029-08-28T00:00:00.000Z,47,2029-08-28T00:00:00.000Z,Generación Litoral,GOC4O,Argentina,Argentina,14949364.00,COR USD Generación Litoral C4 (GOC4O),USD,USD,2.50%,39.00%,0.36,2.50,2.86,,,,1.00,11.00%,0.36%,54221.14,373734.10,427955.24,365.00,29.00
2029-09-03T00:00:00.000Z,7,2029-09-03T00:00:00.000Z,Rizobacter,RZBBO,Argentina,Argentina,5390966.00,COR USD Rizobacter S11 CB (RZBBO),USD,USD,30.00%,,1.36,30.00,31.36,,,,1.00,9.00%,1.36%,73376.22,1617289.80,1690666.02,365.00,184.00
2029-09-03T00:00:00.000Z,7,2029-09-03T00:00:00.000Z,Rizobacter,RZBCO,Argentina,Argentina,20214109.00,COR USD Rizobacter S11 CC (RZBCO),USD,USD,30.00%,,1.36,30.00,31.36,,,,1.00,9.00%,1.36%,275133.41,6064232.70,6339366.11,365.00,184.00
2029-09-07T00:00:00.000Z,9,2029-09-07T00:00:00.000Z,Vista Energy Argentina,VSCUO,Argentina,Estados Unidos,92413570.00,COR USD Vista Energy Argentina C28 (VSCUO),USD,USD,,100.00%,3.78,,3.78,,,,1.00,7.50%,3.78%,3493992.51,,3493992.51,365.00,184.00
2029-09-10T00:00:00.000Z,10,2029-09-10T00:00:00.000Z,Pampa Energia,MGCMO,Nueva York,Estados Unidos,410000000.00,COR USD Pampa Energia C21 (MGCMO),USD,USD,,100.00%,3.98,,3.98,,,,1.00,7.95%,3.98%,16297500.00,,16297500.00,360.00,180.00
2029-09-11T00:00:00.000Z,8,2029-09-11T00:00:00.000Z,YPF,YM1XO,Nueva York,Estados Unidos,,COR USD YPF C31 (YM1XO),USD,USD,20.00%,80.00%,4.38,20.00,24.38,,,,1.00,8.75%,4.38%,,,,360.00,180.00
2029-09-11T00:00:00.000Z,10,2029-09-11T00:00:00.000Z,YPF,YMCXO,Nueva York,Estados Unidos,1040649400.00,COR USD YPF C31 (YMCXO),USD,USD,20.00%,80.00%,4.38,20.00,24.38,,,,1.00,8.75%,4.38%,45528411.25,208129880.00,253658291.25,360.00,180.00
2029-09-27T00:00:00.000Z,10,2029-09-27T00:00:00.000Z,Pan American Energy,PN35O,Argentina,Argentina,176944529.00,COR USD Pan American Energy C35 (PN35O),USD,USD,100.00%,,3.53,100.00,103.53,,,,1.00,7.00%,3.53%,6243960.37,176944529.00,183188489.37,365.00,184.00
2029-09-28T00:00:00.000Z,48,2029-09-28T00:00:00.000Z,Generación Litoral,GOC4O,Argentina,Argentina,14949364.00,COR USD Generación Litoral C4 (GOC4O),USD,USD,2.50%,36.50%,0.36,2.50,2.86,,,,1.00,11.00%,0.36%,54468.93,373734.10,428203.03,365.00,31.00
2029-10-01T00:00:00.000Z,51,2029-09-30T00:00:00.000Z,Argentina,PAP0,Argentina,Argentina,11245518.00,GOB ARS ARG Boncer (PAP0),ARS,ARS,5.00%,95.00%,664.05,2677.62,3341.67,CER,,535.52,1.00,2.48%,1.24%,74675835.29,301112239.07,375788074.36,360.00,180.00
2029-10-01T00:00:00.000Z,51,2029-09-30T00:00:00.000Z,Argentina,PARP,Argentina,Argentina,2858331172.00,GOB ARS ARG Boncer (PARP),ARS,ARS,5.00%,95.00%,664.05,2677.62,3341.67,CER,,535.52,1.00,2.48%,1.24%,18980741287.67,76535247127.71,95515988415.38,360.00,180.00
2029-10-01T00:00:00.000Z,41,2029-09-30T00:00:00.000Z,Argentina,PAY0,Nueva York,Estados Unidos,35014186.00,GOB USD ARG (PAY0),USD,USD,5.00%,95.00%,2.63,5.00,7.63,,,,1.00,5.25%,2.63%,919122.38,1750709.30,2669831.68,360.00,180.00
2029-10-01T00:00:00.000Z,9,2029-09-30T00:00:00.000Z,IRSA,IRCPO,Nueva York,Estados Unidos,480454198.00,COR USD IRSA C24 (IRCPO),USD,USD,,100.00%,4.00,,4.00,,,,1.00,8.00%,4.00%,19218167.92,,19218167.92,360.00,180.00
2029-10-01T00:00:00.000Z,18,2029-09-30T00:00:00.000Z,YPF,YMCJO,Nueva York,Estados Unidos,575649021.00,COR USD YPF C18 (YMCJO),USD,USD,,100.00%,3.50,,3.50,,,,1.00,7.00%,3.50%,20147715.74,,20147715.74,360.00,180.00
2029-10-08T00:00:00.000Z,7,2029-10-08T00:00:00.000Z,Vista Energy Argentina,VSCXO,Nueva York,Estados Unidos,500000000.00,COR USD Vista Energy Argentina C31 (VSCXO),USD,USD,,100.00%,3.94,,3.94,,,,1.00,7.88%,3.94%,19687500.00,,19687500.00,360.00,180.00
2029-10-10T00:00:00.000Z,10,2029-10-10T00:00:00.000Z,Vista Energy Argentina,VSCRO,Argentina,Estados Unidos,150000000.00,COR USD Vista Energy Argentina C26 (VSCRO),USD,USD,33.00%,67.00%,3.84,33.00,36.84,,,,1.00,7.65%,3.84%,5753219.18,49500000.00,55253219.18,365.00,183.00
2029-10-16T00:00:00.000Z,10,2029-10-16T00:00:00.000Z,YPF Luz,YFCJO,Nueva York,Estados Unidos,420000000.00,COR USD YPF Luz C18 (YFCJO),USD,USD,,100.00%,3.94,,3.94,,,,1.00,7.88%,3.94%,16537500.00,,16537500.00,360.00,180.00
2029-10-17T00:00:00.000Z,17,2029-10-17T00:00:00.000Z,Otamerica Ebytem,OT42O,Argentina,Argentina,35231293.00,COR USD Oiltanking Ebytem S4 C2 (OT42O),USD,USD,,100.00%,2.02,,2.02,,,,1.00,8.00%,2.02%,710417.31,,710417.31,365.00,92.00
2029-10-23T00:00:00.000Z,10,2029-10-23T00:00:00.000Z,IRSA,IRCOO,Argentina,Argentina,51467822.00,COR USD IRSA C23 (IRCOO),USD,USD,100.00%,,1.83,100.00,101.83,,,,1.00,7.25%,1.83%,940521.57,51467822.00,52408343.57,365.00,92.00
2029-10-24T00:00:00.000Z,10,2029-10-24T00:00:00.000Z,Edenor,DNC7O,Nueva York,Estados Unidos,300000000.00,COR USD Edenor C7 (DNC7O),USD,USD,33.33%,33.34%,3.25,33.33,36.58,,,,1.00,9.75%,3.25%,9750487.50,99990000.00,109740487.50,360.00,180.00
2029-10-24T00:00:00.000Z,13,2029-10-24T00:00:00.000Z,Raghsa,RAC5O,Nueva York,Estados Unidos,56777276.00,COR USD Raghsa C5 (RAC5O),USD,USD,,100.00%,4.13,,4.13,,,,1.00,8.25%,4.13%,2342062.63,,2342062.63,360.00,180.00
2029-10-24T00:00:00.000Z,10,2029-10-24T00:00:00.000Z,Tecpetrol,TTC9O,Argentina,Argentina,80541942.00,COR USD Tecpetrol C9 (TTC9O),USD,USD,100.00%,,3.41,100.00,103.41,,,,1.00,6.80%,3.41%,2745928.57,80541942.00,83287870.57,365.00,183.00
2029-10-29T00:00:00.000Z,7,2029-10-28T00:00:00.000Z,Edenor,DNCAO,Nueva York,Estados Unidos,550000000.00,COR USD Edenor C10 S1 (DNCAO),USD,USD,,100.00%,4.75,,4.75,,,,1.00,9.50%,4.75%,26125000.00,,26125000.00,360.00,180.00
2029-10-29T00:00:00.000Z,49,2029-10-28T00:00:00.000Z,Generación Litoral,GOC4O,Argentina,Argentina,14949364.00,COR USD Generación Litoral C4 (GOC4O),USD,USD,2.50%,34.00%,0.34,2.50,2.84,,,,1.00,11.00%,0.34%,50977.33,373734.10,424711.43,365.00,31.00
2029-10-29T00:00:00.000Z,9,2029-10-27T00:00:00.000Z,Pluspetrol,PLC2O,Argentina,Argentina,123020337.00,COR USD Pluspetrol C2 (PLC2O),USD,USD,,100.00%,3.76,,3.76,,,,1.00,7.50%,3.76%,4625901.71,,4625901.71,365.00,183.00
2029-10-30T00:00:00.000Z,7,2029-10-30T00:00:00.000Z,Central Puerto,NPCDO,Argentina,Argentina,130120007.00,COR USD Central Puerto CD (NPCDO),USD,USD,,100.00%,3.01,,3.01,,,,1.00,6.00%,3.01%,3914295.01,,3914295.01,365.00,183.00
2029-10-30T00:00:00.000Z,7,2029-10-30T00:00:00.000Z,Cresud,CS53O,Argentina,Argentina,22998047.00,COR USD Cresud C53 (CS53O),USD,USD,,100.00%,3.13,,3.13,,,,1.00,6.25%,3.13%,720657.98,,720657.98,365.00,183.00
2029-10-30T00:00:00.000Z,11,2029-10-30T00:00:00.000Z,Pan American Energy,PNXCO,Nueva York,Estados Unidos,400000000.00,COR USD Pan American Energy C31 (PNXCO),USD,USD,,100.00%,4.25,,4.25,,,,1.00,8.50%,4.25%,17000000.00,,17000000.00,360.00,180.00
2029-11-01T00:00:00.000Z,32,2029-11-01T00:00:00.000Z,AA 2000,ARC1O,Nueva York,Estados Unidos,272949631.00,COR USD AA 2000 (ARC1O),USD,USD,5.59%,44.10%,1.06,5.59,6.65,,,,1.00,8.50%,1.06%,2882503.68,15264708.11,18147211.80,360.00,90.00
2029-11-05T00:00:00.000Z,8,2029-11-03T00:00:00.000Z,Tecpetrol,TTCDO,Nueva York,Estados Unidos,750000000.00,COR USD Tecpetrol C12 (TTCDO),USD,USD,,100.00%,3.81,,3.81,,,,1.00,7.63%,3.81%,28593750.00,,28593750.00,360.00,180.00
2029-11-08T00:00:00.000Z,7,2029-11-08T00:00:00.000Z,Profertil,PFC3O,Argentina,Argentina,70000000.00,COR USD Profertil C3 (PFC3O),USD,USD,100.00%,,2.90,100.00,102.90,,,,1.00,5.75%,2.90%,2029041.10,70000000.00,72029041.10,365.00,184.00
2029-11-12T00:00:00.000Z,7,2029-11-11T00:00:00.000Z,Pecom Servicios Energia,MCC3O,Argentina,Argentina,196759808.00,COR USD Pecom Servicios Energia C3 (MCC3O),USD,USD,,100.00%,3.78,,3.78,,,,1.00,7.50%,3.78%,7439137.95,,7439137.95,365.00,184.00
2029-11-13T00:00:00.000Z,10,2029-11-13T00:00:00.000Z,Pan American Energy,PN36O,Argentina,Argentina,78100553.00,COR USD Pan American Energy C36 (PN36O),USD,USD,,100.00%,3.65,,3.65,,,,1.00,7.25%,3.65%,2854414.73,,2854414.73,365.00,184.00
2029-11-14T00:00:00.000Z,7,2029-11-14T00:00:00.000Z,Pampa Energia,MG1RO,Nueva York,Estados Unidos,500000000.00,COR USD Pampa Energia C26 Adicionales (MG1RO),USD,USD,,100.00%,3.88,,3.88,,,,1.00,7.75%,3.88%,19375000.00,,19375000.00,360.00,180.00
2029-11-14T00:00:00.000Z,8,2029-11-14T00:00:00.000Z,Pampa Energia,MGCRO,Nueva York,Estados Unidos,450000000.00,COR USD Pampa Energia C26 (MGCRO),USD,USD,,100.00%,3.88,,3.88,,,,1.00,7.75%,3.88%,17437500.00,,17437500.00,360.00,180.00
2029-11-19T00:00:00.000Z,8,2029-11-18T00:00:00.000Z,Pluspetrol,PLC5O,Nueva York,Estados Unidos,500000000.00,COR USD Pluspetrol C5 (PLC5O),USD,USD,,100.00%,4.06,,4.06,,,,1.00,8.13%,4.06%,20312500.00,,20312500.00,360.00,180.00
2029-11-21T00:00:00.000Z,8,2029-11-20T00:00:00.000Z,Transportadora de Gas del Sur,TSC4O,Nueva York,Estados Unidos,500000000.00,COR USD Transportadora de Gas del Sur C4 (TSC4O),USD,USD,,100.00%,3.88,,3.88,,,,1.00,7.75%,3.88%,19375000.00,,19375000.00,360.00,180.00
2029-11-28T00:00:00.000Z,8,2029-11-28T00:00:00.000Z,CGC,CP38O,Nueva York,Estados Unidos,500000000.00,COR USD CGC C38 (CP38O),USD,USD,,100.00%,5.94,,5.94,,,,1.00,11.88%,5.94%,29687500.00,,29687500.00,360.00,180.00
2029-11-28T00:00:00.000Z,50,2029-11-28T00:00:00.000Z,Generación Litoral,GOC4O,Argentina,Argentina,14949364.00,COR USD Generación Litoral C4 (GOC4O),USD,USD,2.50%,31.50%,0.31,2.50,2.81,,,,1.00,11.00%,0.31%,45953.94,373734.10,419688.04,365.00,30.00
2029-11-28T00:00:00.000Z,9,2029-11-28T00:00:00.000Z,Telecom Argentina,TLCPO,Nueva York,Estados Unidos,1000000000.00,COR USD Telecom Argentina C24 (TLCPO),USD,USD,,100.00%,4.63,,4.63,,,,1.00,9.25%,4.63%,46250000.00,,46250000.00,360.00,180.00
2029-11-29T00:00:00.000Z,7,2029-11-29T00:00:00.000Z,Telecom Argentina,TLCWO,Argentina,Argentina,35149670.00,COR USD Telecom Argentina C30 (TLCWO),USD,USD,,100.00%,3.15,,3.15,,,,1.00,6.25%,3.15%,1107455.36,,1107455.36,365.00,184.00
2029-11-30T00:00:00.000Z,15,2029-11-30T00:00:00.000Z,Argentina,TX31,Argentina,Argentina,110944599869.00,GOB ARS ARG Boncer (TX31),ARS,ARS,10.00%,40.00%,10.38,166.10,176.48,CER,,16.61,1.00,2.50%,0.63%,11517647068.64,184282308720.41,195799955789.05,360.00,180.00
2029-11-30T00:00:00.000Z,9,2029-11-30T00:00:00.000Z,Argentina,TY30P,Argentina,Argentina,1691807339451.00,GOB ARS ARG Bote (TY30P),ARS,ARS,,100.00%,14.75,,14.75,,,,1.00,29.50%,14.75%,249541582569.02,,249541582569.02,360.00,180.00
2029-11-30T00:00:00.000Z,8,2029-11-30T00:00:00.000Z,Argentina,AN29,Argentina,Argentina,1000000000.00,GOB USD ARG Bonar (AN29),USD,USD,100.00%,,3.25,100.00,103.25,,,,1.00,6.50%,3.25%,32500000.00,1000000000.00,1032500000.00,360.00,180.00
2029-11-30T00:00:00.000Z,9,2029-11-30T00:00:00.000Z,Pluspetrol,PLC4O,Nueva York,Estados Unidos,650000000.00,COR USD Pluspetrol C4 (PLC4O),USD,USD,,100.00%,4.25,,4.25,,,,1.00,8.50%,4.25%,27625000.00,,27625000.00,360.00,180.00
2029-12-03T00:00:00.000Z,8,2029-12-02T00:00:00.000Z,Genneia,GN49O,Nueva York,Estados Unidos,400000000.00,COR USD Genneia C49 (GN49O),USD,USD,,100.00%,3.88,,3.88,,,,1.00,7.75%,3.88%,15500000.00,,15500000.00,360.00,180.00
2029-12-05T00:00:00.000Z,10,2029-12-05T00:00:00.000Z,MSU Energy,RUCDO,Nueva York,Estados Unidos,400000000.00,COR USD MSU Energy C12 (RUCDO),USD,USD,17.50%,65.00%,4.02,17.50,21.52,,,,1.00,9.75%,4.02%,16087500.00,70000000.00,86087500.00,360.00,180.00
2029-12-10T00:00:00.000Z,10,2029-12-10T00:00:00.000Z,Clisa,CLI1O,Nueva York,Estados Unidos,74985749.00,COR USD Clisa C1 (CLI1O),USD,USD,,100.00%,3.50,,3.50,,,,1.00,7.00%,3.50%,2624501.22,,2624501.22,360.00,180.00
2029-12-10T00:00:00.000Z,11,2029-12-10T00:00:00.000Z,Clisa,CLSIO,Nueva York,Estados Unidos,200000000.00,COR USD Clisa (CLSIO),USD,USD,,100.00%,4.25,,4.25,,,,1.00,8.50%,4.25%,8500000.00,,8500000.00,360.00,180.00
2029-12-10T00:00:00.000Z,10,2029-12-10T00:00:00.000Z,Vista Energy Argentina,VSCTO,Nueva York,Estados Unidos,600000000.00,COR USD Vista Energy Argentina C27 (VSCTO),USD,USD,,100.00%,3.81,,3.81,,,,1.00,7.63%,3.81%,22875000.00,,22875000.00,360.00,180.00
2029-12-10T00:00:00.000Z,9,2029-12-10T00:00:00.000Z,Vista Energy Argentina,VSCVO,Nueva York,Estados Unidos,900000000.00,COR USD Vista Energy Argentina C29 (VSCVO),USD,USD,,100.00%,4.25,,4.25,,,,1.00,8.50%,4.25%,38250000.00,,38250000.00,360.00,180.00
2029-12-11T00:00:00.000Z,10,2029-12-11T00:00:00.000Z,Raghsa,RAC7O,Nueva York,Estados Unidos,48705263.00,COR USD Raghsa C7 (RAC7O),USD,USD,,100.00%,4.25,,4.25,,,,1.00,8.50%,4.25%,2069973.68,,2069973.68,360.00,180.00
2029-12-17T00:00:00.000Z,10,2029-12-16T00:00:00.000Z,Pampa Energia,MGCOO,Nueva York,Estados Unidos,700000000.00,COR USD Pampa Energia C23 (MGCOO),USD,USD,,100.00%,3.94,,3.94,,,,1.00,7.88%,3.94%,27562500.00,,27562500.00,360.00,180.00
2029-12-17T00:00:00.000Z,24,2029-12-15T00:00:00.000Z,YPF,YCANO,Nueva York,Estados Unidos,536612500.00,COR USD YPF 15-12-47,USD,USD,,100.00%,3.50,,3.50,,,,1.00,7.00%,3.50%,18781437.50,,18781437.50,360.00,180.00
2029-12-28T00:00:00.000Z,51,2029-12-28T00:00:00.000Z,Generación Litoral,GOC4O,Argentina,Argentina,14949364.00,COR USD Generación Litoral C4 (GOC4O),USD,USD,2.50%,29.00%,0.28,2.50,2.78,,,,1.00,11.00%,0.28%,42574.97,373734.10,416309.07,365.00,30.00
2029-12-31T00:00:00.000Z,52,2029-12-31T00:00:00.000Z,Argentina,DICP,Argentina,Argentina,4243693957.00,GOB ARS ARG Boncer (DICP),ARS,ARS,5.00%,40.00%,892.10,3400.41,4292.50,CER,,535.52,1.27,5.83%,1.67%,37857837198.09,144302790834.65,182160628032.74,360.00,180.00
2029-12-31T00:00:00.000Z,52,2029-12-31T00:00:00.000Z,Argentina,DIP0,Argentina,Argentina,125510513.00,GOB ARS ARG Boncer (DIP0),ARS,ARS,5.00%,40.00%,892.10,3400.41,4292.50,CER,,535.52,1.27,5.83%,1.67%,1119674655.14,4267866035.70,5387540690.84,360.00,180.00
2029-12-31T00:00:00.000Z,52,2029-12-31T00:00:00.000Z,Argentina,CUAP,Argentina,Argentina,23434050685.00,GOB ARS ARG (CUAP),ARS,ARS,,100.00%,1230.70,,1230.70,CER,,535.52,1.39,3.31%,2.30%,288402364978.42,,288402364978.42,360.00,180.00
2030-01-09T00:00:00.000Z,18,2030-01-09T00:00:00.000Z,Argentina,GD30,Nueva York,Estados Unidos,13587430959.00,GOB USD ARG Birad (GD30),USD,USD,8.00%,8.00%,0.14,8.00,8.14,,,,1.00,1.75%,0.14%,19022403.34,1086994476.72,1106016880.06,360.00,180.00
2030-01-09T00:00:00.000Z,18,2030-01-09T00:00:00.000Z,Argentina,GD35,Nueva York,Estados Unidos,20436350000.00,GOB USD ARG Birad (GD35),USD,USD,,100.00%,2.50,,2.50,,,,1.00,5.00%,2.50%,510908750.00,,510908750.00,360.00,180.00
2030-01-09T00:00:00.000Z,18,2030-01-09T00:00:00.000Z,Argentina,GD38,Nueva York,Estados Unidos,10063292000.00,GOB USD ARG Birad (GD38),USD,USD,4.55%,72.73%,1.93,4.55,6.48,,,,1.00,5.00%,1.93%,194404498.83,457422363.64,651826862.46,360.00,180.00
2030-01-09T00:00:00.000Z,18,2030-01-09T00:00:00.000Z,Argentina,GD41,Nueva York,Estados Unidos,10482111279.00,GOB USD ARG Birad (GD41),USD,USD,3.57%,82.14%,2.09,3.57,5.66,,,,1.00,4.88%,2.09%,219001249.13,374361117.11,593362366.23,360.00,180.00
2030-01-09T00:00:00.000Z,18,2030-01-09T00:00:00.000Z,Argentina,GD46,Nueva York,Estados Unidos,2091997124.00,GOB USD ARG Birad (GD46),USD,USD,2.27%,75.00%,1.93,2.27,4.20,,,,1.00,5.00%,1.93%,40413582.23,47545389.18,87958971.41,360.00,180.00
2030-01-09T00:00:00.000Z,18,2030-01-09T00:00:00.000Z,Argentina,AE38,Argentina,Argentina,12324977546.00,GOB USD ARG Bonar (AE38),USD,USD,4.55%,72.73%,1.93,4.55,6.48,,,,1.00,5.00%,1.93%,238096150.14,560226308.11,798322458.25,360.00,180.00
2030-01-09T00:00:00.000Z,18,2030-01-09T00:00:00.000Z,Argentina,AL30,Argentina,Argentina,13102738119.00,GOB USD ARG Bonar (AL30),USD,USD,8.00%,8.00%,0.14,8.00,8.14,,,,1.00,1.75%,0.14%,18343833.37,1048219049.52,1066562882.89,360.00,180.00
2030-01-09T00:00:00.000Z,18,2030-01-09T00:00:00.000Z,Argentina,AL35,Argentina,Argentina,20243999549.00,GOB USD ARG Bonar (AL35),USD,USD,,100.00%,2.50,,2.50,,,,1.00,5.00%,2.50%,506099988.73,,506099988.73,360.00,180.00
2030-01-09T00:00:00.000Z,18,2030-01-09T00:00:00.000Z,Argentina,AL41,Argentina,Argentina,1542233749.00,GOB USD ARG Bonar (AL41),USD,USD,3.57%,82.14%,2.09,3.57,5.66,,,,1.00,4.88%,2.09%,32221668.75,55079776.75,87301445.50,360.00,180.00
2030-01-14T00:00:00.000Z,7,2030-01-14T00:00:00.000Z,YPF,YM43O,Argentina,Argentina,122146525.00,COR USD YPF C43 (YM43O),USD,USD,,100.00%,2.77,,2.77,,,,1.00,5.50%,2.77%,3386637.90,,3386637.90,365.00,184.00
2030-01-15T00:00:00.000Z,8,2030-01-15T00:00:00.000Z,Pan American Energy,PN43O,Nueva York,Estados Unidos,375000000.00,COR USD Pan American Energy C43 (PN43O),USD,USD,,100.00%,3.88,,3.88,,,,1.00,7.75%,3.88%,14531250.00,,14531250.00,360.00,180.00
2030-01-17T00:00:00.000Z,18,2030-01-17T00:00:00.000Z,Otamerica Ebytem,OT42O,Argentina,Argentina,35231293.00,COR USD Oiltanking Ebytem S4 C2 (OT42O),USD,USD,100.00%,,2.02,100.00,102.02,,,,1.00,8.00%,2.02%,710417.31,35231293.00,35941710.31,365.00,92.00
2030-01-17T00:00:00.000Z,12,2030-01-17T00:00:00.000Z,YPF,YMCUO,Nueva York,Estados Unidos,800000000.00,COR USD YPF C28 (YMCUO),USD,USD,10.00%,20.00%,1.43,10.00,11.43,,,,1.00,9.50%,1.42%,11400000.00,80000000.00,91400000.00,360.00,180.00
2030-01-17T00:00:00.000Z,8,2030-01-17T00:00:00.000Z,YPF,Y134O,Nueva York,Estados Unidos,,COR USD YPF C34 Adicionales (Y134O),USD,USD,,100.00%,4.13,,4.13,,,,1.00,8.25%,4.13%,,,,360.00,180.00
2030-01-17T00:00:00.000Z,10,2030-01-17T00:00:00.000Z,YPF,YM34O,Nueva York,Estados Unidos,1650000000.00,COR USD YPF C34 (YM34O),USD,USD,,100.00%,4.13,,4.13,,,,1.00,8.25%,4.13%,68062500.00,,68062500.00,360.00,180.00
2030-01-18T00:00:00.000Z,11,2030-01-18T00:00:00.000Z,Telecom Argentina,TLCMO,Nueva York,Estados Unidos,817217000.00,COR USD Telecom C21 (TLCMO),USD,USD,,67.00%,3.18,,3.18,,,,1.00,9.50%,3.18%,26007931.03,,26007931.03,360.00,180.00
2030-01-21T00:00:00.000Z,8,2030-01-20T00:00:00.000Z,Telecom Argentina,TLCTO,Nueva York,Estados Unidos,600000000.00,COR USD Telecom Argentina C27 (TLCTO),USD,USD,,100.00%,4.25,,4.25,,,,1.00,8.50%,4.25%,25500000.00,,25500000.00,360.00,180.00
2030-01-22T00:00:00.000Z,10,2030-01-22T00:00:00.000Z,Tecpetrol,TTCAO,Nueva York,Estados Unidos,400000000.00,COR USD Tecpetrol C10 (TTCAO),USD,USD,,100.00%,3.81,,3.81,,,,1.00,7.63%,3.81%,15250000.00,,15250000.00,360.00,180.00
2030-01-22T00:00:00.000Z,9,2030-01-22T00:00:00.000Z,YPF,YM39O,Argentina,Estados Unidos,224801688.00,COR USD YPF C39 (YM39O),USD,USD,,100.00%,4.41,,4.41,,,,1.00,8.75%,4.41%,9915910.07,,9915910.07,365.00,184.00
2030-01-24T00:00:00.000Z,11,2030-01-24T00:00:00.000Z,Transportadora de Gas del Sur,TSC3O,Nueva York,Estados Unidos,490000000.00,COR USD Transportadora de Gas del Sur C3 (TSC3O),USD,USD,,100.00%,4.25,,4.25,,,,1.00,8.50%,4.25%,20825000.00,,20825000.00,360.00,180.00
2030-01-28T00:00:00.000Z,8,2030-01-28T00:00:00.000Z,B. Macro,BACHO,Nueva York,Estados Unidos,400000000.00,COR USD B. Macro CH (BACHO),USD,USD,,100.00%,4.00,,4.00,,,,1.00,8.00%,4.00%,16000000.00,,16000000.00,360.00,180.00
2030-01-28T00:00:00.000Z,9,2030-01-28T00:00:00.000Z,Edemsa,OZC6O,Nueva York,Estados Unidos,150000000.00,COR USD Edemsa C6 (OZC6O),USD,USD,,66.67%,3.58,,3.58,,,,1.00,10.75%,3.58%,5375268.75,,5375268.75,360.00,180.00
2030-01-28T00:00:00.000Z,52,2030-01-28T00:00:00.000Z,Generación Litoral,GOC4O,Argentina,Argentina,14949364.00,COR USD Generación Litoral C4 (GOC4O),USD,USD,2.50%,26.50%,0.27,2.50,2.77,,,,1.00,11.00%,0.27%,40502.54,373734.10,414236.64,365.00,31.00
2030-01-28T00:00:00.000Z,10,2030-01-27T00:00:00.000Z,Pluspetrol,PLC2O,Argentina,Argentina,123020337.00,COR USD Pluspetrol C2 (PLC2O),USD,USD,100.00%,,1.91,100.00,101.91,,,,1.00,7.50%,1.91%,2350868.08,123020337.00,125371205.08,365.00,93.00
2030-01-31T00:00:00.000Z,9,2030-01-31T00:00:00.000Z,Arcor,RC1CO,Nueva York,Estados Unidos,350000000.00,COR USD Arcor C1 (RC1CO),USD,USD,,100.00%,3.80,,3.80,,,,1.00,7.60%,3.80%,13300000.00,,13300000.00,360.00,180.00
2030-02-01T00:00:00.000Z,33,2030-02-01T00:00:00.000Z,AA 2000,ARC1O,Nueva York,Estados Unidos,272949631.00,COR USD AA 2000 (ARC1O),USD,USD,7.38%,36.72%,0.94,7.38,8.32,,,,1.00,8.50%,0.94%,2558128.64,20142590.97,22700719.61,360.00,90.00
2030-02-18T00:00:00.000Z,10,2030-02-17T00:00:00.000Z,PCR,PQCSO,Argentina,Argentina,65000000.00,COR USD PCR CS (PQCSO),USD,USD,,100.00%,3.99,,3.99,,,,1.00,8.00%,3.99%,2592876.71,,2592876.71,365.00,182.00
2030-02-25T00:00:00.000Z,8,2030-02-23T00:00:00.000Z,Oleoductos del Valle,OLC7O,Argentina,Argentina,110000000.00,COR USD Oleoductos del Valle C7 (OLC7O),USD,USD,100.00%,,3.52,100.00,103.52,,,,1.00,6.90%,3.52%,3867780.82,110000000.00,113867780.82,365.00,186.00
2030-02-28T00:00:00.000Z,53,2030-02-28T00:00:00.000Z,Generación Litoral,GOC4O,Argentina,Argentina,14949364.00,COR USD Generación Litoral C4 (GOC4O),USD,USD,2.50%,24.00%,0.25,2.50,2.75,,,,1.00,11.00%,0.25%,37010.94,373734.10,410745.04,365.00,31.00
2030-03-07T00:00:00.000Z,10,2030-03-07T00:00:00.000Z,Vista Energy Argentina,VSCUO,Argentina,Estados Unidos,92413570.00,COR USD Vista Energy Argentina C28 (VSCUO),USD,USD,100.00%,,3.72,100.00,103.72,,,,1.00,7.50%,3.72%,3437025.24,92413570.00,95850595.24,365.00,181.00
2030-03-11T00:00:00.000Z,11,2030-03-10T00:00:00.000Z,Pampa Energia,MGCMO,Nueva York,Estados Unidos,410000000.00,COR USD Pampa Energia C21 (MGCMO),USD,USD,,100.00%,3.98,,3.98,,,,1.00,7.95%,3.98%,16297500.00,,16297500.00,360.00,180.00
2030-03-11T00:00:00.000Z,9,2030-03-11T00:00:00.000Z,YPF,YM1XO,Nueva York,Estados Unidos,,COR USD YPF C31 (YM1XO),USD,USD,,80.00%,3.50,,3.50,,,,1.00,8.75%,3.50%,,,,360.00,180.00
2030-03-11T00:00:00.000Z,11,2030-03-11T00:00:00.000Z,YPF,YMCXO,Nueva York,Estados Unidos,1040649400.00,COR USD YPF C31 (YMCXO),USD,USD,,80.00%,3.50,,3.50,,,,1.00,8.75%,3.50%,36422729.00,,36422729.00,360.00,180.00
2030-03-28T00:00:00.000Z,54,2030-03-28T00:00:00.000Z,Generación Litoral,GOC4O,Argentina,Argentina,14949364.00,COR USD Generación Litoral C4 (GOC4O),USD,USD,2.50%,21.50%,0.20,2.50,2.70,,,,1.00,11.00%,0.20%,30275.53,373734.10,404009.63,365.00,28.00
2030-04-01T00:00:00.000Z,52,2030-03-31T00:00:00.000Z,Argentina,PAP0,Argentina,Argentina,11245518.00,GOB ARS ARG Boncer (PAP0),ARS,ARS,5.00%,90.00%,630.85,2677.62,3308.47,CER,,535.52,1.00,2.48%,1.18%,70942043.30,301112239.07,372054282.37,360.00,180.00
2030-04-01T00:00:00.000Z,52,2030-03-31T00:00:00.000Z,Argentina,PARP,Argentina,Argentina,2858331172.00,GOB ARS ARG Boncer (PARP),ARS,ARS,5.00%,90.00%,630.85,2677.62,3308.47,CER,,535.52,1.00,2.48%,1.18%,18031704166.12,76535247127.71,94566951293.83,360.00,180.00
2030-04-01T00:00:00.000Z,42,2030-03-31T00:00:00.000Z,Argentina,PAY0,Nueva York,Estados Unidos,35014186.00,GOB USD ARG (PAY0),USD,USD,5.00%,90.00%,2.49,5.00,7.49,,,,1.00,5.25%,2.49%,873166.26,1750709.30,2623875.56,360.00,180.00
2030-04-01T00:00:00.000Z,10,2030-03-31T00:00:00.000Z,IRSA,IRCPO,Nueva York,Estados Unidos,480454198.00,COR USD IRSA C24 (IRCPO),USD,USD,,100.00%,4.00,,4.00,,,,1.00,8.00%,4.00%,19218167.92,,19218167.92,360.00,180.00
2030-04-01T00:00:00.000Z,19,2030-03-30T00:00:00.000Z,YPF,YMCJO,Nueva York,Estados Unidos,575649021.00,COR USD YPF C18 (YMCJO),USD,USD,,100.00%,3.50,,3.50,,,,1.00,7.00%,3.50%,20147715.74,,20147715.74,360.00,180.00
2030-04-08T00:00:00.000Z,8,2030-04-08T00:00:00.000Z,Vista Energy Argentina,VSCXO,Nueva York,Estados Unidos,500000000.00,COR USD Vista Energy Argentina C31 (VSCXO),USD,USD,,100.00%,3.94,,3.94,,,,1.00,7.88%,3.94%,19687500.00,,19687500.00,360.00,180.00
2030-04-10T00:00:00.000Z,11,2030-04-10T00:00:00.000Z,Vista Energy Argentina,VSCRO,Argentina,Estados Unidos,150000000.00,COR USD Vista Energy Argentina C26 (VSCRO),USD,USD,,67.00%,2.56,,2.56,,,,1.00,7.65%,2.56%,3833593.15,,3833593.15,365.00,182.00
2030-04-12T00:00:00.000Z,8,2030-04-14T00:00:00.000Z,YPF,YM43O,Argentina,Argentina,122146525.00,COR USD YPF C43 (YM43O),USD,USD,100.00%,,1.36,100.00,101.36,,,,1.00,5.50%,1.36%,1656507.67,122146525.00,123803032.67,365.00,90.00
2030-04-16T00:00:00.000Z,11,2030-04-16T00:00:00.000Z,YPF Luz,YFCJO,Nueva York,Estados Unidos,420000000.00,COR USD YPF Luz C18 (YFCJO),USD,USD,,100.00%,3.94,,3.94,,,,1.00,7.88%,3.94%,16537500.00,,16537500.00,360.00,180.00
2030-04-24T00:00:00.000Z,11,2030-04-24T00:00:00.000Z,Edenor,DNC7O,Nueva York,Estados Unidos,300000000.00,COR USD Edenor C7 (DNC7O),USD,USD,,33.34%,1.63,,1.63,,,,1.00,9.75%,1.63%,4875975.00,,4875975.00,360.00,180.00
2030-04-24T00:00:00.000Z,14,2030-04-24T00:00:00.000Z,Raghsa,RAC5O,Nueva York,Estados Unidos,56777276.00,COR USD Raghsa C5 (RAC5O),USD,USD,100.00%,,4.13,100.00,104.13,,,,1.00,8.25%,4.13%,2342062.63,56777276.00,59119338.64,360.00,180.00
2030-04-29T00:00:00.000Z,8,2030-04-28T00:00:00.000Z,Edenor,DNCAO,Nueva York,Estados Unidos,550000000.00,COR USD Edenor C10 S1 (DNCAO),USD,USD,,100.00%,4.75,,4.75,,,,1.00,9.50%,4.75%,26125000.00,,26125000.00,360.00,180.00
2030-04-29T00:00:00.000Z,55,2030-04-28T00:00:00.000Z,Generación Litoral,GOC4O,Argentina,Argentina,14949364.00,COR USD Generación Litoral C4 (GOC4O),USD,USD,2.50%,19.00%,0.21,2.50,2.71,,,,1.00,11.00%,0.21%,30996.38,373734.10,404730.48,365.00,32.00
2030-04-30T00:00:00.000Z,8,2030-04-30T00:00:00.000Z,Central Puerto,NPCDO,Argentina,Argentina,130120007.00,COR USD Central Puerto CD (NPCDO),USD,USD,100.00%,,2.99,100.00,102.99,,,,1.00,6.00%,2.99%,3892905.41,130120007.00,134012912.41,365.00,182.00
2030-04-30T00:00:00.000Z,8,2030-04-30T00:00:00.000Z,Cresud,CS53O,Argentina,Argentina,22998047.00,COR USD Cresud C53 (CS53O),USD,USD,100.00%,,3.12,100.00,103.12,,,,1.00,6.25%,3.12%,716719.96,22998047.00,23714766.96,365.00,182.00
2030-04-30T00:00:00.000Z,12,2030-04-30T00:00:00.000Z,Pan American Energy,PNXCO,Nueva York,Estados Unidos,400000000.00,COR USD Pan American Energy C31 (PNXCO),USD,USD,33.33%,66.67%,4.25,33.33,37.58,,,,1.00,8.50%,4.25%,17000000.00,133333000.00,150333000.00,360.00,180.00
2030-05-02T00:00:00.000Z,34,2030-05-01T00:00:00.000Z,AA 2000,ARC1O,Nueva York,Estados Unidos,272949631.00,COR USD AA 2000 (ARC1O),USD,USD,5.27%,31.46%,0.79,5.27,6.05,,,,1.00,8.50%,0.79%,2153766.34,14372708.72,16526475.06,360.00,91.00
2030-05-03T00:00:00.000Z,9,2030-05-03T00:00:00.000Z,Tecpetrol,TTCDO,Nueva York,Estados Unidos,750000000.00,COR USD Tecpetrol C12 (TTCDO),USD,USD,,100.00%,3.81,,3.81,,,,1.00,7.63%,3.81%,28593750.00,,28593750.00,360.00,180.00
2030-05-13T00:00:00.000Z,11,2030-05-13T00:00:00.000Z,Pan American Energy,PN36O,Argentina,Argentina,78100553.00,COR USD Pan American Energy C36 (PN36O),USD,USD,,100.00%,3.60,,3.60,,,,1.00,7.25%,3.60%,2807875.36,,2807875.36,365.00,181.00
2030-05-13T00:00:00.000Z,8,2030-05-11T00:00:00.000Z,Pecom Servicios Energia,MCC3O,Argentina,Argentina,196759808.00,COR USD Pecom Servicios Energia C3 (MCC3O),USD,USD,100.00%,,3.72,100.00,103.72,,,,1.00,7.50%,3.72%,7317847.65,196759808.00,204077655.65,365.00,181.00
2030-05-14T00:00:00.000Z,8,2030-05-14T00:00:00.000Z,Pampa Energia,MG1RO,Nueva York,Estados Unidos,500000000.00,COR USD Pampa Energia C26 Adicionales (MG1RO),USD,USD,,100.00%,3.88,,3.88,,,,1.00,7.75%,3.88%,19375000.00,,19375000.00,360.00,180.00
2030-05-14T00:00:00.000Z,9,2030-05-14T00:00:00.000Z,Pampa Energia,MGCRO,Nueva York,Estados Unidos,450000000.00,COR USD Pampa Energia C26 (MGCRO),USD,USD,,100.00%,3.88,,3.88,,,,1.00,7.75%,3.88%,17437500.00,,17437500.00,360.00,180.00
2030-05-20T00:00:00.000Z,9,2030-05-18T00:00:00.000Z,Pluspetrol,PLC5O,Nueva York,Estados Unidos,500000000.00,COR USD Pluspetrol C5 (PLC5O),USD,USD,,100.00%,4.06,,4.06,,,,1.00,8.13%,4.06%,20312500.00,,20312500.00,360.00,180.00
2030-05-20T00:00:00.000Z,9,2030-05-20T00:00:00.000Z,Transportadora de Gas del Sur,TSC4O,Nueva York,Estados Unidos,500000000.00,COR USD Transportadora de Gas del Sur C4 (TSC4O),USD,USD,,100.00%,3.88,,3.88,,,,1.00,7.75%,3.88%,19375000.00,,19375000.00,360.00,180.00
2030-05-28T00:00:00.000Z,9,2030-05-28T00:00:00.000Z,CGC,CP38O,Nueva York,Estados Unidos,500000000.00,COR USD CGC C38 (CP38O),USD,USD,,100.00%,5.94,,5.94,,,,1.00,11.88%,5.94%,29687500.00,,29687500.00,360.00,180.00
2030-05-28T00:00:00.000Z,56,2030-05-28T00:00:00.000Z,Generación Litoral,GOC4O,Argentina,Argentina,14949364.00,COR USD Generación Litoral C4 (GOC4O),USD,USD,2.50%,16.50%,0.17,2.50,2.67,,,,1.00,11.00%,0.17%,24824.14,373734.10,398558.24,365.00,29.00
2030-05-28T00:00:00.000Z,10,2030-05-28T00:00:00.000Z,Telecom Argentina,TLCPO,Nueva York,Estados Unidos,1000000000.00,COR USD Telecom Argentina C24 (TLCPO),USD,USD,,100.00%,4.63,,4.63,,,,1.00,9.25%,4.63%,46250000.00,,46250000.00,360.00,180.00
2030-05-29T00:00:00.000Z,8,2030-05-29T00:00:00.000Z,Telecom Argentina,TLCWO,Argentina,Argentina,35149670.00,COR USD Telecom Argentina C30 (TLCWO),USD,USD,100.00%,,3.10,100.00,103.10,,,,1.00,6.25%,3.10%,1089399.02,35149670.00,36239069.02,365.00,181.00
2030-05-30T00:00:00.000Z,16,2030-05-30T00:00:00.000Z,Argentina,TX31,Argentina,Argentina,110944599869.00,GOB ARS ARG Boncer (TX31),ARS,ARS,10.00%,30.00%,8.31,166.10,174.41,CER,,16.61,1.00,2.50%,0.50%,9214115436.02,184282308720.41,193496424156.43,360.00,180.00
2030-05-30T00:00:00.000Z,10,2030-05-30T00:00:00.000Z,Argentina,TY30P,Argentina,Argentina,1691807339451.00,GOB ARS ARG Bote (TY30P),ARS,ARS,100.00%,,14.75,100.00,114.75,,,,1.00,29.50%,14.75%,249541582569.02,1691807339451.00,1941348922020.02,360.00,180.00
2030-05-30T00:00:00.000Z,10,2030-05-30T00:00:00.000Z,Pluspetrol,PLC4O,Nueva York,Estados Unidos,650000000.00,COR USD Pluspetrol C4 (PLC4O),USD,USD,,100.00%,4.25,,4.25,,,,1.00,8.50%,4.25%,27625000.00,,27625000.00,360.00,180.00
2030-06-03T00:00:00.000Z,9,2030-06-02T00:00:00.000Z,Genneia,GN49O,Nueva York,Estados Unidos,400000000.00,COR USD Genneia C49 (GN49O),USD,USD,,100.00%,3.88,,3.88,,,,1.00,7.75%,3.88%,15500000.00,,15500000.00,360.00,180.00
2030-06-05T00:00:00.000Z,11,2030-06-05T00:00:00.000Z,MSU Energy,RUCDO,Nueva York,Estados Unidos,400000000.00,COR USD MSU Energy C12 (RUCDO),USD,USD,,65.00%,3.17,,3.17,,,,1.00,9.75%,3.17%,12675000.00,,12675000.00,360.00,180.00
2030-06-10T00:00:00.000Z,11,2030-06-10T00:00:00.000Z,Clisa,CLI1O,Nueva York,Estados Unidos,74985749.00,COR USD Clisa C1 (CLI1O),USD,USD,,100.00%,3.50,,3.50,,,,1.00,7.00%,3.50%,2624501.22,,2624501.22,360.00,180.00
2030-06-10T00:00:00.000Z,12,2030-06-10T00:00:00.000Z,Clisa,CLSIO,Nueva York,Estados Unidos,200000000.00,COR USD Clisa (CLSIO),USD,USD,,100.00%,4.25,,4.25,,,,1.00,8.50%,4.25%,8500000.00,,8500000.00,360.00,180.00
2030-06-10T00:00:00.000Z,11,2030-06-10T00:00:00.000Z,Vista Energy Argentina,VSCTO,Nueva York,Estados Unidos,600000000.00,COR USD Vista Energy Argentina C27 (VSCTO),USD,USD,,100.00%,3.81,,3.81,,,,1.00,7.63%,3.81%,22875000.00,,22875000.00,360.00,180.00
2030-06-10T00:00:00.000Z,10,2030-06-10T00:00:00.000Z,Vista Energy Argentina,VSCVO,Nueva York,Estados Unidos,900000000.00,COR USD Vista Energy Argentina C29 (VSCVO),USD,USD,,100.00%,4.25,,4.25,,,,1.00,8.50%,4.25%,38250000.00,,38250000.00,360.00,180.00
2030-06-11T00:00:00.000Z,11,2030-06-11T00:00:00.000Z,Raghsa,RAC7O,Nueva York,Estados Unidos,48705263.00,COR USD Raghsa C7 (RAC7O),USD,USD,,100.00%,4.25,,4.25,,,,1.00,8.50%,4.25%,2069973.68,,2069973.68,360.00,180.00
2030-06-18T00:00:00.000Z,11,2030-06-16T00:00:00.000Z,Pampa Energia,MGCOO,Nueva York,Estados Unidos,700000000.00,COR USD Pampa Energia C23 (MGCOO),USD,USD,,100.00%,3.94,,3.94,,,,1.00,7.88%,3.94%,27562500.00,,27562500.00,360.00,180.00
2030-06-18T00:00:00.000Z,25,2030-06-15T00:00:00.000Z,YPF,YCANO,Nueva York,Estados Unidos,536612500.00,COR USD YPF 15-12-47,USD,USD,,100.00%,3.50,,3.50,,,,1.00,7.00%,3.50%,18781437.50,,18781437.50,360.00,180.00
2030-06-28T00:00:00.000Z,57,2030-06-28T00:00:00.000Z,Generación Litoral,GOC4O,Argentina,Argentina,14949364.00,COR USD Generación Litoral C4 (GOC4O),USD,USD,2.50%,14.00%,0.15,2.50,2.65,,,,1.00,11.00%,0.15%,23044.55,373734.10,396778.65,365.00,31.00
2030-07-01T00:00:00.000Z,53,2030-06-30T00:00:00.000Z,Argentina,DICP,Argentina,Argentina,4243693957.00,GOB ARS ARG Boncer (DICP),ARS,ARS,5.00%,35.00%,792.97,3400.41,4193.38,CER,,535.52,1.27,5.83%,1.48%,33651410512.68,144302790834.65,177954201347.33,360.00,180.00
2030-07-01T00:00:00.000Z,53,2030-06-30T00:00:00.000Z,Argentina,DIP0,Argentina,Argentina,125510513.00,GOB ARS ARG Boncer (DIP0),ARS,ARS,5.00%,35.00%,792.97,3400.41,4193.38,CER,,535.52,1.27,5.83%,1.48%,995266350.36,4267866035.70,5263132386.06,360.00,180.00
2030-07-01T00:00:00.000Z,53,2030-06-30T00:00:00.000Z,Argentina,CUAP,Argentina,Argentina,23434050685.00,GOB ARS ARG (CUAP),ARS,ARS,,100.00%,1230.70,,1230.70,CER,,535.52,1.39,3.31%,2.30%,288402364978.42,,288402364978.42,360.00,180.00
2030-07-10T00:00:00.000Z,19,2030-07-09T00:00:00.000Z,Argentina,GD30,Nueva York,Estados Unidos,13587430959.00,GOB USD ARG Birad (GD30),USD,USD,8.00%,,0.07,8.00,8.07,,,,1.00,1.75%,0.07%,9511201.67,1086994476.72,1096505678.39,360.00,180.00
2030-07-10T00:00:00.000Z,19,2030-07-09T00:00:00.000Z,Argentina,GD35,Nueva York,Estados Unidos,20436350000.00,GOB USD ARG Birad (GD35),USD,USD,,100.00%,2.50,,2.50,,,,1.00,5.00%,2.50%,510908750.00,,510908750.00,360.00,180.00
2030-07-10T00:00:00.000Z,19,2030-07-09T00:00:00.000Z,Argentina,GD38,Nueva York,Estados Unidos,10063292000.00,GOB USD ARG Birad (GD38),USD,USD,4.55%,68.18%,1.82,4.55,6.36,,,,1.00,5.00%,1.82%,182968938.59,457422363.64,640391302.23,360.00,180.00
2030-07-10T00:00:00.000Z,19,2030-07-09T00:00:00.000Z,Argentina,GD41,Nueva York,Estados Unidos,10482111279.00,GOB USD ARG Birad (GD41),USD,USD,3.57%,78.57%,2.00,3.57,5.57,,,,1.00,4.88%,2.00%,209876195.80,374361117.11,584237312.91,360.00,180.00
2030-07-10T00:00:00.000Z,19,2030-07-09T00:00:00.000Z,Argentina,GD46,Nueva York,Estados Unidos,2091997124.00,GOB USD ARG Birad (GD46),USD,USD,2.27%,72.73%,1.88,2.27,4.15,,,,1.00,5.00%,1.88%,39224947.64,47545389.18,86770336.83,360.00,180.00
2030-07-10T00:00:00.000Z,19,2030-07-09T00:00:00.000Z,Argentina,AE38,Argentina,Argentina,12324977546.00,GOB USD ARG Bonar (AE38),USD,USD,4.55%,68.18%,1.82,4.55,6.36,,,,1.00,5.00%,1.82%,224090492.43,560226308.11,784316800.55,360.00,180.00
2030-07-10T00:00:00.000Z,19,2030-07-09T00:00:00.000Z,Argentina,AL30,Argentina,Argentina,13102738119.00,GOB USD ARG Bonar (AL30),USD,USD,8.00%,,0.07,8.00,8.07,,,,1.00,1.75%,0.07%,9171916.68,1048219049.52,1057390966.20,360.00,180.00
2030-07-10T00:00:00.000Z,19,2030-07-09T00:00:00.000Z,Argentina,AL35,Argentina,Argentina,20243999549.00,GOB USD ARG Bonar (AL35),USD,USD,,100.00%,2.50,,2.50,,,,1.00,5.00%,2.50%,506099988.73,,506099988.73,360.00,180.00
2030-07-10T00:00:00.000Z,19,2030-07-09T00:00:00.000Z,Argentina,AL41,Argentina,Argentina,1542233749.00,GOB USD ARG Bonar (AL41),USD,USD,3.57%,78.57%,2.00,3.57,5.57,,,,1.00,4.88%,2.00%,30879099.03,55079776.75,85958875.78,360.00,180.00
2030-07-15T00:00:00.000Z,9,2030-07-15T00:00:00.000Z,Pan American Energy,PN43O,Nueva York,Estados Unidos,375000000.00,COR USD Pan American Energy C43 (PN43O),USD,USD,,100.00%,3.88,,3.88,,,,1.00,7.75%,3.88%,14531250.00,,14531250.00,360.00,180.00
2030-07-17T00:00:00.000Z,13,2030-07-17T00:00:00.000Z,YPF,YMCUO,Nueva York,Estados Unidos,800000000.00,COR USD YPF C28 (YMCUO),USD,USD,10.00%,10.00%,0.95,10.00,10.95,,,,1.00,9.50%,0.95%,7600000.00,80000000.00,87600000.00,360.00,180.00
2030-07-17T00:00:00.000Z,9,2030-07-17T00:00:00.000Z,YPF,Y134O,Nueva York,Estados Unidos,,COR USD YPF C34 Adicionales (Y134O),USD,USD,,100.00%,4.13,,4.13,,,,1.00,8.25%,4.13%,,,,360.00,180.00
2030-07-17T00:00:00.000Z,11,2030-07-17T00:00:00.000Z,YPF,YM34O,Nueva York,Estados Unidos,1650000000.00,COR USD YPF C34 (YM34O),USD,USD,,100.00%,4.13,,4.13,,,,1.00,8.25%,4.13%,68062500.00,,68062500.00,360.00,180.00
2030-07-18T00:00:00.000Z,12,2030-07-18T00:00:00.000Z,Telecom Argentina,TLCMO,Nueva York,Estados Unidos,817217000.00,COR USD Telecom C21 (TLCMO),USD,USD,33.00%,34.00%,3.18,33.00,36.18,,,,1.00,9.50%,3.18%,26007931.03,269681610.00,295689541.02,360.00,180.00
2030-07-22T00:00:00.000Z,11,2030-07-22T00:00:00.000Z,Tecpetrol,TTCAO,Nueva York,Estados Unidos,400000000.00,COR USD Tecpetrol C10 (TTCAO),USD,USD,,100.00%,3.81,,3.81,,,,1.00,7.63%,3.81%,15250000.00,,15250000.00,360.00,180.00
2030-07-22T00:00:00.000Z,9,2030-07-20T00:00:00.000Z,Telecom Argentina,TLCTO,Nueva York,Estados Unidos,600000000.00,COR USD Telecom Argentina C27 (TLCTO),USD,USD,,100.00%,4.25,,4.25,,,,1.00,8.50%,4.25%,25500000.00,,25500000.00,360.00,180.00
2030-07-22T00:00:00.000Z,10,2030-07-22T00:00:00.000Z,YPF,YM39O,Argentina,Estados Unidos,224801688.00,COR USD YPF C39 (YM39O),USD,USD,100.00%,,4.34,100.00,104.34,,,,1.00,8.75%,4.34%,9754237.63,224801688.00,234555925.63,365.00,181.00
2030-07-24T00:00:00.000Z,12,2030-07-24T00:00:00.000Z,Transportadora de Gas del Sur,TSC3O,Nueva York,Estados Unidos,490000000.00,COR USD Transportadora de Gas del Sur C3 (TSC3O),USD,USD,,100.00%,4.25,,4.25,,,,1.00,8.50%,4.25%,20825000.00,,20825000.00,360.00,180.00
2030-07-29T00:00:00.000Z,9,2030-07-28T00:00:00.000Z,B. Macro,BACHO,Nueva York,Estados Unidos,400000000.00,COR USD B. Macro CH (BACHO),USD,USD,,100.00%,4.00,,4.00,,,,1.00,8.00%,4.00%,16000000.00,,16000000.00,360.00,180.00
2030-07-29T00:00:00.000Z,10,2030-07-28T00:00:00.000Z,Edemsa,OZC6O,Nueva York,Estados Unidos,150000000.00,COR USD Edemsa C6 (OZC6O),USD,USD,33.33%,33.34%,3.92,33.33,37.25,,,,1.00,11.75%,3.92%,5875293.75,49995000.00,55870293.75,360.00,180.00
2030-07-29T00:00:00.000Z,58,2030-07-28T00:00:00.000Z,Generación Litoral,GOC4O,Argentina,Argentina,14949364.00,COR USD Generación Litoral C4 (GOC4O),USD,USD,2.50%,11.50%,0.13,2.50,2.63,,,,1.00,11.00%,0.13%,19552.95,373734.10,393287.05,365.00,31.00
2030-07-31T00:00:00.000Z,10,2030-07-31T00:00:00.000Z,Arcor,RC1CO,Nueva York,Estados Unidos,350000000.00,COR USD Arcor C1 (RC1CO),USD,USD,,100.00%,3.80,,3.80,,,,1.00,7.60%,3.80%,13300000.00,,13300000.00,360.00,180.00
2030-08-01T00:00:00.000Z,35,2030-08-01T00:00:00.000Z,AA 2000,ARC1O,Nueva York,Estados Unidos,272949631.00,COR USD AA 2000 (ARC1O),USD,USD,6.88%,24.57%,0.66,6.88,7.55,,,,1.00,8.50%,0.66%,1804404.31,18791217.35,20595621.66,360.00,89.00
2030-08-19T00:00:00.000Z,11,2030-08-17T00:00:00.000Z,PCR,PQCSO,Argentina,Argentina,65000000.00,COR USD PCR CS (PQCSO),USD,USD,,100.00%,3.99,,3.99,,,,1.00,8.00%,3.99%,2592876.71,,2592876.71,365.00,182.00
2030-08-26T00:00:00.000Z,5,2030-08-25T00:00:00.000Z,Tango Energy Argentina,PECNO,Argentina,Argentina,61752582.00,COR USD Tango Energy Argentina C22 (PECNO),USD,USD,20.00%,80.00%,6.00,20.00,26.00,,,,1.00,6.00%,6.00%,3705154.92,12350516.40,16055671.32,365.00,365.00
2030-08-26T00:00:00.000Z,5,2030-08-25T00:00:00.000Z,Tango Energy Argentina,PECOO,Argentina,Argentina,3390726.00,COR USD Tango Energy Argentina C23 (PECOO),USD,USD,80.00%,,5.41,80.00,85.41,,,,1.00,6.75%,5.41%,183600.85,2712580.80,2896181.65,365.00,366.00
2030-08-28T00:00:00.000Z,59,2030-08-28T00:00:00.000Z,Generación Litoral,GOC4O,Argentina,Argentina,14949364.00,COR USD Generación Litoral C4 (GOC4O),USD,USD,2.50%,9.00%,0.10,2.50,2.60,,,,1.00,11.00%,0.10%,15543.24,373734.10,389277.34,365.00,30.00
2030-09-10T00:00:00.000Z,12,2030-09-10T00:00:00.000Z,Pampa Energia,MGCMO,Nueva York,Estados Unidos,410000000.00,COR USD Pampa Energia C21 (MGCMO),USD,USD,,100.00%,3.98,,3.98,,,,1.00,7.95%,3.98%,16297500.00,,16297500.00,360.00,180.00
2030-09-11T00:00:00.000Z,10,2030-09-11T00:00:00.000Z,YPF,YM1XO,Nueva York,Estados Unidos,,COR USD YPF C31 (YM1XO),USD,USD,20.00%,60.00%,3.50,20.00,23.50,,,,1.00,8.75%,3.50%,,,,360.00,180.00
2030-09-11T00:00:00.000Z,12,2030-09-11T00:00:00.000Z,YPF,YMCXO,Nueva York,Estados Unidos,1040649400.00,COR USD YPF C31 (YMCXO),USD,USD,20.00%,60.00%,3.50,20.00,23.50,,,,1.00,8.75%,3.50%,36422729.00,208129880.00,244552609.00,360.00,180.00
2030-09-30T00:00:00.000Z,53,2030-09-30T00:00:00.000Z,Argentina,PAP0,Argentina,Argentina,11245518.00,GOB ARS ARG Boncer (PAP0),ARS,ARS,5.00%,85.00%,597.64,2677.62,3275.26,CER,,535.52,1.00,2.48%,1.12%,67208251.31,301112239.07,368320490.38,360.00,180.00
2030-09-30T00:00:00.000Z,53,2030-09-30T00:00:00.000Z,Argentina,PARP,Argentina,Argentina,2858331172.00,GOB ARS ARG Boncer (PARP),ARS,ARS,5.00%,85.00%,597.64,2677.62,3275.26,CER,,535.52,1.00,2.48%,1.12%,17082667044.57,76535247127.71,93617914172.28,360.00,180.00
2030-09-30T00:00:00.000Z,43,2030-09-30T00:00:00.000Z,Argentina,PAY0,Nueva York,Estados Unidos,35014186.00,GOB USD ARG (PAY0),USD,USD,5.00%,85.00%,2.36,5.00,7.36,,,,1.00,5.25%,2.36%,827210.14,1750709.30,2577919.44,360.00,180.00
2030-09-30T00:00:00.000Z,60,2030-09-28T00:00:00.000Z,Generación Litoral,GOC4O,Argentina,Argentina,14949364.00,COR USD Generación Litoral C4 (GOC4O),USD,USD,2.50%,6.50%,0.09,2.50,2.59,,,,1.00,11.00%,0.09%,13380.70,373734.10,387114.80,365.00,33.00
2030-09-30T00:00:00.000Z,11,2030-09-30T00:00:00.000Z,IRSA,IRCPO,Nueva York,Estados Unidos,480454198.00,COR USD IRSA C24 (IRCPO),USD,USD,,100.00%,4.00,,4.00,,,,1.00,8.00%,4.00%,19218167.92,,19218167.92,360.00,180.00
2030-09-30T00:00:00.000Z,20,2030-09-30T00:00:00.000Z,YPF,YMCJO,Nueva York,Estados Unidos,575649021.00,COR USD YPF C18 (YMCJO),USD,USD,25.00%,75.00%,3.50,25.00,28.50,,,,1.00,7.00%,3.50%,20147715.74,143912255.25,164059970.99,360.00,180.00
2030-10-08T00:00:00.000Z,9,2030-10-08T00:00:00.000Z,Vista Energy Argentina,VSCXO,Nueva York,Estados Unidos,500000000.00,COR USD Vista Energy Argentina C31 (VSCXO),USD,USD,,100.00%,3.94,,3.94,,,,1.00,7.88%,3.94%,19687500.00,,19687500.00,360.00,180.00
2030-10-10T00:00:00.000Z,12,2030-10-10T00:00:00.000Z,Vista Energy Argentina,VSCRO,Argentina,Estados Unidos,150000000.00,COR USD Vista Energy Argentina C26 (VSCRO),USD,USD,33.00%,34.00%,2.57,33.00,35.57,,,,1.00,7.65%,2.57%,3854656.85,49500000.00,53354656.85,365.00,183.00
2030-10-16T00:00:00.000Z,12,2030-10-16T00:00:00.000Z,YPF Luz,YFCJO,Nueva York,Estados Unidos,420000000.00,COR USD YPF Luz C18 (YFCJO),USD,USD,33.00%,67.00%,3.94,33.00,36.94,,,,1.00,7.88%,3.94%,16537500.00,138600000.00,155137500.00,360.00,180.00
2030-10-24T00:00:00.000Z,12,2030-10-24T00:00:00.000Z,Edenor,DNC7O,Nueva York,Estados Unidos,300000000.00,COR USD Edenor C7 (DNC7O),USD,USD,33.34%,,1.63,33.34,34.97,,,,1.00,9.75%,1.63%,4875975.00,100020000.00,104895975.00,360.00,180.00
2030-10-28T00:00:00.000Z,9,2030-10-28T00:00:00.000Z,Edenor,DNCAO,Nueva York,Estados Unidos,550000000.00,COR USD Edenor C10 S1 (DNCAO),USD,USD,,100.00%,4.75,,4.75,,,,1.00,9.50%,4.75%,26125000.00,,26125000.00,360.00,180.00
2030-10-28T00:00:00.000Z,61,2030-10-28T00:00:00.000Z,Generación Litoral,GOC4O,Argentina,Argentina,14949364.00,COR USD Generación Litoral C4 (GOC4O),USD,USD,6.50%,,0.05,6.50,6.55,,,,1.00,11.00%,0.05%,8199.62,971708.66,979908.28,365.00,28.00
2030-10-30T00:00:00.000Z,13,2030-10-30T00:00:00.000Z,Pan American Energy,PNXCO,Nueva York,Estados Unidos,400000000.00,COR USD Pan American Energy C31 (PNXCO),USD,USD,,66.67%,2.83,,2.83,,,,1.00,8.50%,2.83%,11333347.50,,11333347.50,360.00,180.00
2030-11-01T00:00:00.000Z,36,2030-11-01T00:00:00.000Z,AA 2000,ARC1O,Nueva York,Estados Unidos,272949631.00,COR USD AA 2000 (ARC1O),USD,USD,5.91%,18.67%,0.52,5.91,6.43,,,,1.00,8.50%,0.52%,1425365.15,16127774.85,17553140.00,360.00,90.00
2030-11-04T00:00:00.000Z,10,2030-11-03T00:00:00.000Z,Tecpetrol,TTCDO,Nueva York,Estados Unidos,750000000.00,COR USD Tecpetrol C12 (TTCDO),USD,USD,100.00%,,3.81,100.00,103.81,,,,1.00,7.63%,3.81%,28593750.00,750000000.00,778593750.00,360.00,180.00
2030-11-13T00:00:00.000Z,12,2030-11-13T00:00:00.000Z,Pan American Energy,PN36O,Argentina,Argentina,78100553.00,COR USD Pan American Energy C36 (PN36O),USD,USD,,100.00%,3.65,,3.65,,,,1.00,7.25%,3.65%,2854414.73,,2854414.73,365.00,184.00
2030-11-14T00:00:00.000Z,9,2030-11-14T00:00:00.000Z,Pampa Energia,MG1RO,Nueva York,Estados Unidos,500000000.00,COR USD Pampa Energia C26 Adicionales (MG1RO),USD,USD,,100.00%,3.88,,3.88,,,,1.00,7.75%,3.88%,19375000.00,,19375000.00,360.00,180.00
2030-11-14T00:00:00.000Z,10,2030-11-14T00:00:00.000Z,Pampa Energia,MGCRO,Nueva York,Estados Unidos,450000000.00,COR USD Pampa Energia C26 (MGCRO),USD,USD,,100.00%,3.88,,3.88,,,,1.00,7.75%,3.88%,17437500.00,,17437500.00,360.00,180.00
2030-11-18T00:00:00.000Z,10,2030-11-18T00:00:00.000Z,Pluspetrol,PLC5O,Nueva York,Estados Unidos,500000000.00,COR USD Pluspetrol C5 (PLC5O),USD,USD,,100.00%,4.06,,4.06,,,,1.00,8.13%,4.06%,20312500.00,,20312500.00,360.00,180.00
2030-11-21T00:00:00.000Z,10,2030-11-20T00:00:00.000Z,Transportadora de Gas del Sur,TSC4O,Nueva York,Estados Unidos,500000000.00,COR USD Transportadora de Gas del Sur C4 (TSC4O),USD,USD,,100.00%,3.88,,3.88,,,,1.00,7.75%,3.88%,19375000.00,,19375000.00,360.00,180.00
2030-11-28T00:00:00.000Z,10,2030-11-28T00:00:00.000Z,CGC,CP38O,Nueva York,Estados Unidos,500000000.00,COR USD CGC C38 (CP38O),USD,USD,100.00%,,5.94,100.00,105.94,,,,1.00,11.88%,5.94%,29687500.00,500000000.00,529687500.00,360.00,180.00
2030-11-28T00:00:00.000Z,11,2030-11-28T00:00:00.000Z,Telecom Argentina,TLCPO,Nueva York,Estados Unidos,1000000000.00,COR USD Telecom Argentina C24 (TLCPO),USD,USD,,100.00%,4.63,,4.63,,,,1.00,9.25%,4.63%,46250000.00,,46250000.00,360.00,180.00
2030-12-02T00:00:00.000Z,17,2030-11-30T00:00:00.000Z,Argentina,TX31,Argentina,Argentina,110944599869.00,GOB ARS ARG Boncer (TX31),ARS,ARS,10.00%,20.00%,6.23,166.10,172.33,CER,,16.61,1.00,2.50%,0.38%,6910583803.40,184282308720.41,191192892523.81,360.00,180.00
2030-12-02T00:00:00.000Z,10,2030-12-02T00:00:00.000Z,Genneia,GN49O,Nueva York,Estados Unidos,400000000.00,COR USD Genneia C49 (GN49O),USD,USD,,100.00%,3.88,,3.88,,,,1.00,7.75%,3.88%,15500000.00,,15500000.00,360.00,180.00
2030-12-02T00:00:00.000Z,11,2030-11-30T00:00:00.000Z,Pluspetrol,PLC4O,Nueva York,Estados Unidos,650000000.00,COR USD Pluspetrol C4 (PLC4O),USD,USD,,100.00%,4.25,,4.25,,,,1.00,8.50%,4.25%,27625000.00,,27625000.00,360.00,180.00
2030-12-05T00:00:00.000Z,12,2030-12-05T00:00:00.000Z,MSU Energy,RUCDO,Nueva York,Estados Unidos,400000000.00,COR USD MSU Energy C12 (RUCDO),USD,USD,65.00%,,3.17,65.00,68.17,,,,1.00,9.75%,3.17%,12675000.00,260000000.00,272675000.00,360.00,180.00
2030-12-10T00:00:00.000Z,12,2030-12-10T00:00:00.000Z,Clisa,CLI1O,Nueva York,Estados Unidos,74985749.00,COR USD Clisa C1 (CLI1O),USD,USD,,100.00%,3.50,,3.50,,,,1.00,7.00%,3.50%,2624501.22,,2624501.22,360.00,180.00
2030-12-10T00:00:00.000Z,13,2030-12-10T00:00:00.000Z,Clisa,CLSIO,Nueva York,Estados Unidos,200000000.00,COR USD Clisa (CLSIO),USD,USD,,100.00%,4.25,,4.25,,,,1.00,8.50%,4.25%,8500000.00,,8500000.00,360.00,180.00
2030-12-10T00:00:00.000Z,12,2030-12-10T00:00:00.000Z,Vista Energy Argentina,VSCTO,Nueva York,Estados Unidos,600000000.00,COR USD Vista Energy Argentina C27 (VSCTO),USD,USD,,100.00%,3.81,,3.81,,,,1.00,7.63%,3.81%,22875000.00,,22875000.00,360.00,180.00
2030-12-10T00:00:00.000Z,11,2030-12-10T00:00:00.000Z,Vista Energy Argentina,VSCVO,Nueva York,Estados Unidos,900000000.00,COR USD Vista Energy Argentina C29 (VSCVO),USD,USD,,100.00%,4.25,,4.25,,,,1.00,8.50%,4.25%,38250000.00,,38250000.00,360.00,180.00
2030-12-11T00:00:00.000Z,12,2030-12-11T00:00:00.000Z,Raghsa,RAC7O,Nueva York,Estados Unidos,48705263.00,COR USD Raghsa C7 (RAC7O),USD,USD,,100.00%,4.25,,4.25,,,,1.00,8.50%,4.25%,2069973.68,,2069973.68,360.00,180.00
2030-12-16T00:00:00.000Z,12,2030-12-16T00:00:00.000Z,Pampa Energia,MGCOO,Nueva York,Estados Unidos,700000000.00,COR USD Pampa Energia C23 (MGCOO),USD,USD,,100.00%,3.94,,3.94,,,,1.00,7.88%,3.94%,27562500.00,,27562500.00,360.00,180.00
2030-12-16T00:00:00.000Z,26,2030-12-15T00:00:00.000Z,YPF,YCANO,Nueva York,Estados Unidos,536612500.00,COR USD YPF 15-12-47,USD,USD,,100.00%,3.50,,3.50,,,,1.00,7.00%,3.50%,18781437.50,,18781437.50,360.00,180.00
2030-12-31T00:00:00.000Z,54,2030-12-31T00:00:00.000Z,Argentina,DICP,Argentina,Argentina,4243693957.00,GOB ARS ARG Boncer (DICP),ARS,ARS,5.00%,30.00%,693.85,3400.41,4094.26,CER,,535.52,1.27,5.83%,1.30%,29444984251.64,144302790834.65,173747775086.30,360.00,180.00
2030-12-31T00:00:00.000Z,54,2030-12-31T00:00:00.000Z,Argentina,DIP0,Argentina,Argentina,125510513.00,GOB ARS ARG Boncer (DIP0),ARS,ARS,5.00%,30.00%,693.85,3400.41,4094.26,CER,,535.52,1.27,5.83%,1.30%,870858058.13,4267866035.70,5138724093.83,360.00,180.00
2030-12-31T00:00:00.000Z,54,2030-12-31T00:00:00.000Z,Argentina,CUAP,Argentina,Argentina,23434050685.00,GOB ARS ARG (CUAP),ARS,ARS,,100.00%,1230.70,,1230.70,CER,,535.52,1.39,3.31%,2.30%,288402364978.42,,288402364978.42,360.00,180.00
2031-01-09T00:00:00.000Z,20,2031-01-09T00:00:00.000Z,Argentina,GD35,Nueva York,Estados Unidos,20436350000.00,GOB USD ARG Birad (GD35),USD,USD,10.00%,90.00%,2.50,10.00,12.50,,,,1.00,5.00%,2.50%,510908750.00,2043635000.00,2554543750.00,360.00,180.00
2031-01-09T00:00:00.000Z,20,2031-01-09T00:00:00.000Z,Argentina,GD38,Nueva York,Estados Unidos,10063292000.00,GOB USD ARG Birad (GD38),USD,USD,4.55%,63.64%,1.70,4.55,6.25,,,,1.00,5.00%,1.70%,171533378.36,457422363.64,628955742.00,360.00,180.00
2031-01-09T00:00:00.000Z,20,2031-01-09T00:00:00.000Z,Argentina,GD41,Nueva York,Estados Unidos,10482111279.00,GOB USD ARG Birad (GD41),USD,USD,3.57%,75.00%,1.92,3.57,5.49,,,,1.00,4.88%,1.92%,200751142.48,374361117.11,575112259.59,360.00,180.00
2031-01-09T00:00:00.000Z,20,2031-01-09T00:00:00.000Z,Argentina,GD46,Nueva York,Estados Unidos,2091997124.00,GOB USD ARG Birad (GD46),USD,USD,2.27%,70.45%,1.82,2.27,4.09,,,,1.00,5.00%,1.82%,38036313.06,47545389.18,85581702.24,360.00,180.00
2031-01-09T00:00:00.000Z,20,2031-01-09T00:00:00.000Z,Argentina,AE38,Argentina,Argentina,12324977546.00,GOB USD ARG Bonar (AE38),USD,USD,4.55%,63.64%,1.70,4.55,6.25,,,,1.00,5.00%,1.70%,210084834.73,560226308.11,770311142.84,360.00,180.00
2031-01-09T00:00:00.000Z,20,2031-01-09T00:00:00.000Z,Argentina,AL35,Argentina,Argentina,20243999549.00,GOB USD ARG Bonar (AL35),USD,USD,10.00%,90.00%,2.50,10.00,12.50,,,,1.00,5.00%,2.50%,506099988.73,2024399954.90,2530499943.63,360.00,180.00
2031-01-09T00:00:00.000Z,20,2031-01-09T00:00:00.000Z,Argentina,AL41,Argentina,Argentina,1542233749.00,GOB USD ARG Bonar (AL41),USD,USD,3.57%,75.00%,1.92,3.57,5.49,,,,1.00,4.88%,1.92%,29536529.32,55079776.75,84616306.07,360.00,180.00
2031-01-15T00:00:00.000Z,10,2031-01-15T00:00:00.000Z,Pan American Energy,PN43O,Nueva York,Estados Unidos,375000000.00,COR USD Pan American Energy C43 (PN43O),USD,USD,,100.00%,3.88,,3.88,,,,1.00,7.75%,3.88%,14531250.00,,14531250.00,360.00,180.00
2031-01-17T00:00:00.000Z,14,2031-01-17T00:00:00.000Z,YPF,YMCUO,Nueva York,Estados Unidos,800000000.00,COR USD YPF C28 (YMCUO),USD,USD,10.00%,,0.48,10.00,10.48,,,,1.00,9.50%,0.48%,3800000.00,80000000.00,83800000.00,360.00,180.00
2031-01-17T00:00:00.000Z,10,2031-01-17T00:00:00.000Z,YPF,Y134O,Nueva York,Estados Unidos,,COR USD YPF C34 Adicionales (Y134O),USD,USD,,100.00%,4.13,,4.13,,,,1.00,8.25%,4.13%,,,,360.00,180.00
2031-01-17T00:00:00.000Z,12,2031-01-17T00:00:00.000Z,YPF,YM34O,Nueva York,Estados Unidos,1650000000.00,COR USD YPF C34 (YM34O),USD,USD,,100.00%,4.13,,4.13,,,,1.00,8.25%,4.13%,68062500.00,,68062500.00,360.00,180.00
2031-01-20T00:00:00.000Z,10,2031-01-20T00:00:00.000Z,Telecom Argentina,TLCTO,Nueva York,Estados Unidos,600000000.00,COR USD Telecom Argentina C27 (TLCTO),USD,USD,,100.00%,4.25,,4.25,,,,1.00,8.50%,4.25%,25500000.00,,25500000.00,360.00,180.00
2031-01-20T00:00:00.000Z,13,2031-01-18T00:00:00.000Z,Telecom Argentina,TLCMO,Nueva York,Estados Unidos,817217000.00,COR USD Telecom C21 (TLCMO),USD,USD,,34.00%,1.62,,1.62,,,,1.00,9.50%,1.62%,13198054.55,,13198054.55,360.00,180.00
2031-01-22T00:00:00.000Z,12,2031-01-22T00:00:00.000Z,Tecpetrol,TTCAO,Nueva York,Estados Unidos,400000000.00,COR USD Tecpetrol C10 (TTCAO),USD,USD,33.00%,67.00%,3.81,33.00,36.81,,,,1.00,7.63%,3.81%,15250000.00,132000000.00,147250000.00,360.00,180.00
2031-01-24T00:00:00.000Z,13,2031-01-24T00:00:00.000Z,Transportadora de Gas del Sur,TSC3O,Nueva York,Estados Unidos,490000000.00,COR USD Transportadora de Gas del Sur C3 (TSC3O),USD,USD,,100.00%,4.25,,4.25,,,,1.00,8.50%,4.25%,20825000.00,,20825000.00,360.00,180.00
2031-01-28T00:00:00.000Z,10,2031-01-28T00:00:00.000Z,B. Macro,BACHO,Nueva York,Estados Unidos,400000000.00,COR USD B. Macro CH (BACHO),USD,USD,100.00%,,4.00,100.00,104.00,,,,1.00,8.00%,4.00%,16000000.00,400000000.00,416000000.00,360.00,180.00
2031-01-28T00:00:00.000Z,11,2031-01-28T00:00:00.000Z,Edemsa,OZC6O,Nueva York,Estados Unidos,150000000.00,COR USD Edemsa C6 (OZC6O),USD,USD,,33.34%,1.96,,1.96,,,,1.00,11.75%,1.96%,2938087.50,,2938087.50,360.00,180.00
2031-01-31T00:00:00.000Z,11,2031-01-31T00:00:00.000Z,Arcor,RC1CO,Nueva York,Estados Unidos,350000000.00,COR USD Arcor C1 (RC1CO),USD,USD,,100.00%,3.80,,3.80,,,,1.00,7.60%,3.80%,13300000.00,,13300000.00,360.00,180.00
2031-02-03T00:00:00.000Z,37,2031-02-01T00:00:00.000Z,AA 2000,ARC1O,Nueva York,Estados Unidos,272949631.00,COR USD AA 2000 (ARC1O),USD,USD,8.11%,10.56%,0.41,8.11,8.51,,,,1.00,8.50%,0.41%,1106708.82,22131847.88,23238556.70,360.00,92.00
2031-02-17T00:00:00.000Z,12,2031-02-17T00:00:00.000Z,PCR,PQCSO,Argentina,Argentina,65000000.00,COR USD PCR CS (PQCSO),USD,USD,100.00%,,3.99,100.00,103.99,,,,1.00,8.00%,3.99%,2592876.71,65000000.00,67592876.71,365.00,182.00
2031-03-10T00:00:00.000Z,13,2031-03-10T00:00:00.000Z,Pampa Energia,MGCMO,Nueva York,Estados Unidos,410000000.00,COR USD Pampa Energia C21 (MGCMO),USD,USD,,100.00%,3.98,,3.98,,,,1.00,7.95%,3.98%,16297500.00,,16297500.00,360.00,180.00
2031-03-11T00:00:00.000Z,11,2031-03-11T00:00:00.000Z,YPF,YM1XO,Nueva York,Estados Unidos,,COR USD YPF C31 (YM1XO),USD,USD,,60.00%,2.63,,2.63,,,,1.00,8.75%,2.63%,,,,360.00,180.00
2031-03-11T00:00:00.000Z,13,2031-03-11T00:00:00.000Z,YPF,YMCXO,Nueva York,Estados Unidos,1040649400.00,COR USD YPF C31 (YMCXO),USD,USD,,60.00%,2.63,,2.63,,,,1.00,8.75%,2.63%,27317046.75,,27317046.75,360.00,180.00
2031-03-31T00:00:00.000Z,54,2031-03-31T00:00:00.000Z,Argentina,PAP0,Argentina,Argentina,11245518.00,GOB ARS ARG Boncer (PAP0),ARS,ARS,5.00%,80.00%,564.44,2677.62,3242.06,CER,,535.52,1.00,2.48%,1.05%,63474459.32,301112239.07,364586698.39,360.00,180.00
2031-03-31T00:00:00.000Z,54,2031-03-31T00:00:00.000Z,Argentina,PARP,Argentina,Argentina,2858331172.00,GOB ARS ARG Boncer (PARP),ARS,ARS,5.00%,80.00%,564.44,2677.62,3242.06,CER,,535.52,1.00,2.48%,1.05%,16133629923.02,76535247127.71,92668877050.73,360.00,180.00
2031-03-31T00:00:00.000Z,44,2031-03-31T00:00:00.000Z,Argentina,PAY0,Nueva York,Estados Unidos,35014186.00,GOB USD ARG (PAY0),USD,USD,5.00%,80.00%,2.23,5.00,7.23,,,,1.00,5.25%,2.23%,781254.03,1750709.30,2531963.33,360.00,180.00
2031-03-31T00:00:00.000Z,12,2031-03-31T00:00:00.000Z,IRSA,IRCPO,Nueva York,Estados Unidos,480454198.00,COR USD IRSA C24 (IRCPO),USD,USD,,100.00%,4.00,,4.00,,,,1.00,8.00%,4.00%,19218167.92,,19218167.92,360.00,180.00
2031-03-31T00:00:00.000Z,21,2031-03-30T00:00:00.000Z,YPF,YMCJO,Nueva York,Estados Unidos,575649021.00,COR USD YPF C18 (YMCJO),USD,USD,,75.00%,2.63,,2.63,,,,1.00,7.00%,2.63%,15110786.80,,15110786.80,360.00,180.00
2031-04-08T00:00:00.000Z,10,2031-04-08T00:00:00.000Z,Vista Energy Argentina,VSCXO,Nueva York,Estados Unidos,500000000.00,COR USD Vista Energy Argentina C31 (VSCXO),USD,USD,,100.00%,3.94,,3.94,,,,1.00,7.88%,3.94%,19687500.00,,19687500.00,360.00,180.00
2031-04-10T00:00:00.000Z,13,2031-04-10T00:00:00.000Z,Vista Energy Argentina,VSCRO,Argentina,Estados Unidos,150000000.00,COR USD Vista Energy Argentina C26 (VSCRO),USD,USD,,34.00%,1.30,,1.30,,,,1.00,7.65%,1.30%,1945405.48,,1945405.48,365.00,182.00
2031-04-16T00:00:00.000Z,13,2031-04-16T00:00:00.000Z,YPF Luz,YFCJO,Nueva York,Estados Unidos,420000000.00,COR USD YPF Luz C18 (YFCJO),USD,USD,,67.00%,2.64,,2.64,,,,1.00,7.88%,2.64%,11080125.00,,11080125.00,360.00,180.00
2031-04-28T00:00:00.000Z,10,2031-04-28T00:00:00.000Z,Edenor,DNCAO,Nueva York,Estados Unidos,550000000.00,COR USD Edenor C10 S1 (DNCAO),USD,USD,33.33%,66.67%,4.75,33.33,38.08,,,,1.00,9.50%,4.75%,26125000.00,183315000.00,209440000.00,360.00,180.00
2031-04-30T00:00:00.000Z,14,2031-04-30T00:00:00.000Z,Pan American Energy,PNXCO,Nueva York,Estados Unidos,400000000.00,COR USD Pan American Energy C31 (PNXCO),USD,USD,33.33%,33.33%,2.83,33.33,36.17,,,,1.00,8.50%,2.83%,11333347.50,133333000.00,144666347.50,360.00,180.00
2031-05-02T00:00:00.000Z,38,2031-05-01T00:00:00.000Z,AA 2000,ARC1O,Nueva York,Estados Unidos,272949631.00,COR USD AA 2000 (ARC1O),USD,USD,5.99%,4.56%,0.22,5.99,6.22,,,,1.00,8.50%,0.22%,605544.30,16360054.98,16965599.28,360.00,89.00
2031-05-13T00:00:00.000Z,13,2031-05-13T00:00:00.000Z,Pan American Energy,PN36O,Argentina,Argentina,78100553.00,COR USD Pan American Energy C36 (PN36O),USD,USD,,100.00%,3.60,,3.60,,,,1.00,7.25%,3.60%,2807875.36,,2807875.36,365.00,181.00
2031-05-14T00:00:00.000Z,10,2031-05-14T00:00:00.000Z,Pampa Energia,MG1RO,Nueva York,Estados Unidos,500000000.00,COR USD Pampa Energia C26 Adicionales (MG1RO),USD,USD,,100.00%,3.88,,3.88,,,,1.00,7.75%,3.88%,19375000.00,,19375000.00,360.00,180.00
2031-05-14T00:00:00.000Z,11,2031-05-14T00:00:00.000Z,Pampa Energia,MGCRO,Nueva York,Estados Unidos,450000000.00,COR USD Pampa Energia C26 (MGCRO),USD,USD,,100.00%,3.88,,3.88,,,,1.00,7.75%,3.88%,17437500.00,,17437500.00,360.00,180.00
2031-05-19T00:00:00.000Z,11,2031-05-18T00:00:00.000Z,Pluspetrol,PLC5O,Nueva York,Estados Unidos,500000000.00,COR USD Pluspetrol C5 (PLC5O),USD,USD,100.00%,,4.06,100.00,104.06,,,,1.00,8.13%,4.06%,20312500.00,500000000.00,520312500.00,360.00,180.00
2031-05-20T00:00:00.000Z,11,2031-05-20T00:00:00.000Z,Transportadora de Gas del Sur,TSC4O,Nueva York,Estados Unidos,500000000.00,COR USD Transportadora de Gas del Sur C4 (TSC4O),USD,USD,,100.00%,3.88,,3.88,,,,1.00,7.75%,3.88%,19375000.00,,19375000.00,360.00,180.00
2031-05-28T00:00:00.000Z,12,2031-05-28T00:00:00.000Z,Telecom Argentina,TLCPO,Nueva York,Estados Unidos,1000000000.00,COR USD Telecom Argentina C24 (TLCPO),USD,USD,,100.00%,4.63,,4.63,,,,1.00,9.25%,4.63%,46250000.00,,46250000.00,360.00,180.00
2031-05-30T00:00:00.000Z,18,2031-05-30T00:00:00.000Z,Argentina,TX31,Argentina,Argentina,110944599869.00,GOB ARS ARG Boncer (TX31),ARS,ARS,10.00%,10.00%,4.15,166.10,170.26,CER,,16.61,1.00,2.50%,0.25%,4607063265.24,184282308720.41,188889371985.65,360.00,180.00
2031-05-30T00:00:00.000Z,12,2031-05-30T00:00:00.000Z,Pluspetrol,PLC4O,Nueva York,Estados Unidos,650000000.00,COR USD Pluspetrol C4 (PLC4O),USD,USD,,100.00%,4.25,,4.25,,,,1.00,8.50%,4.25%,27625000.00,,27625000.00,360.00,180.00
2031-06-02T00:00:00.000Z,11,2031-06-02T00:00:00.000Z,Genneia,GN49O,Nueva York,Estados Unidos,400000000.00,COR USD Genneia C49 (GN49O),USD,USD,,100.00%,3.88,,3.88,,,,1.00,7.75%,3.88%,15500000.00,,15500000.00,360.00,180.00
2031-06-10T00:00:00.000Z,13,2031-06-10T00:00:00.000Z,Clisa,CLI1O,Nueva York,Estados Unidos,74985749.00,COR USD Clisa C1 (CLI1O),USD,USD,,100.00%,3.50,,3.50,,,,1.00,7.00%,3.50%,2624501.22,,2624501.22,360.00,180.00
2031-06-10T00:00:00.000Z,14,2031-06-10T00:00:00.000Z,Clisa,CLSIO,Nueva York,Estados Unidos,200000000.00,COR USD Clisa (CLSIO),USD,USD,,100.00%,4.25,,4.25,,,,1.00,8.50%,4.25%,8500000.00,,8500000.00,360.00,180.00
2031-06-10T00:00:00.000Z,13,2031-06-10T00:00:00.000Z,Vista Energy Argentina,VSCTO,Nueva York,Estados Unidos,600000000.00,COR USD Vista Energy Argentina C27 (VSCTO),USD,USD,,100.00%,3.81,,3.81,,,,1.00,7.63%,3.81%,22875000.00,,22875000.00,360.00,180.00
2031-06-10T00:00:00.000Z,12,2031-06-10T00:00:00.000Z,Vista Energy Argentina,VSCVO,Nueva York,Estados Unidos,900000000.00,COR USD Vista Energy Argentina C29 (VSCVO),USD,USD,33.00%,67.00%,4.25,33.00,37.25,,,,1.00,8.50%,4.25%,38250000.00,297000000.00,335250000.00,360.00,180.00
2031-06-11T00:00:00.000Z,13,2031-06-11T00:00:00.000Z,Raghsa,RAC7O,Nueva York,Estados Unidos,48705263.00,COR USD Raghsa C7 (RAC7O),USD,USD,,100.00%,4.25,,4.25,,,,1.00,8.50%,4.25%,2069973.68,,2069973.68,360.00,180.00
2031-06-17T00:00:00.000Z,13,2031-06-16T00:00:00.000Z,Pampa Energia,MGCOO,Nueva York,Estados Unidos,700000000.00,COR USD Pampa Energia C23 (MGCOO),USD,USD,,100.00%,3.94,,3.94,,,,1.00,7.88%,3.94%,27562500.00,,27562500.00,360.00,180.00
2031-06-17T00:00:00.000Z,27,2031-06-15T00:00:00.000Z,YPF,YCANO,Nueva York,Estados Unidos,536612500.00,COR USD YPF 15-12-47,USD,USD,,100.00%,3.50,,3.50,,,,1.00,7.00%,3.50%,18781437.50,,18781437.50,360.00,180.00
2031-06-30T00:00:00.000Z,55,2031-06-30T00:00:00.000Z,Argentina,DICP,Argentina,Argentina,4243693957.00,GOB ARS ARG Boncer (DICP),ARS,ARS,5.00%,25.00%,594.73,3400.41,3995.14,CER,,535.52,1.27,5.83%,1.11%,25238557990.60,144302790834.65,169541348825.26,360.00,180.00
2031-06-30T00:00:00.000Z,55,2031-06-30T00:00:00.000Z,Argentina,DIP0,Argentina,Argentina,125510513.00,GOB ARS ARG Boncer (DIP0),ARS,ARS,5.00%,25.00%,594.73,3400.41,3995.14,CER,,535.52,1.27,5.83%,1.11%,746449765.91,4267866035.70,5014315801.61,360.00,180.00
2031-06-30T00:00:00.000Z,55,2031-06-30T00:00:00.000Z,Argentina,CUAP,Argentina,Argentina,23434050685.00,GOB ARS ARG (CUAP),ARS,ARS,,100.00%,1230.70,,1230.70,CER,,535.52,1.39,3.31%,2.30%,288402364978.42,,288402364978.42,360.00,180.00
2031-07-10T00:00:00.000Z,21,2031-07-09T00:00:00.000Z,Argentina,GD35,Nueva York,Estados Unidos,20436350000.00,GOB USD ARG Birad (GD35),USD,USD,10.00%,80.00%,2.25,10.00,12.25,,,,1.00,5.00%,2.25%,459817875.00,2043635000.00,2503452875.00,360.00,180.00
2031-07-10T00:00:00.000Z,21,2031-07-09T00:00:00.000Z,Argentina,GD38,Nueva York,Estados Unidos,10063292000.00,GOB USD ARG Birad (GD38),USD,USD,4.55%,59.09%,1.59,4.55,6.14,,,,1.00,5.00%,1.59%,160097818.12,457422363.64,617520181.76,360.00,180.00
2031-07-10T00:00:00.000Z,21,2031-07-09T00:00:00.000Z,Argentina,GD41,Nueva York,Estados Unidos,10482111279.00,GOB USD ARG Birad (GD41),USD,USD,3.57%,71.43%,1.83,3.57,5.40,,,,1.00,4.88%,1.83%,191626089.15,374361117.11,565987206.26,360.00,180.00
2031-07-10T00:00:00.000Z,21,2031-07-09T00:00:00.000Z,Argentina,GD46,Nueva York,Estados Unidos,2091997124.00,GOB USD ARG Birad (GD46),USD,USD,2.27%,68.18%,1.76,2.27,4.03,,,,1.00,5.00%,1.76%,36847678.47,47545389.18,84393067.65,360.00,180.00
2031-07-10T00:00:00.000Z,21,2031-07-09T00:00:00.000Z,Argentina,AE38,Argentina,Argentina,12324977546.00,GOB USD ARG Bonar (AE38),USD,USD,4.55%,59.09%,1.59,4.55,6.14,,,,1.00,5.00%,1.59%,196079177.03,560226308.11,756305485.14,360.00,180.00
2031-07-10T00:00:00.000Z,21,2031-07-09T00:00:00.000Z,Argentina,AL35,Argentina,Argentina,20243999549.00,GOB USD ARG Bonar (AL35),USD,USD,10.00%,80.00%,2.25,10.00,12.25,,,,1.00,5.00%,2.25%,455489989.85,2024399954.90,2479889944.75,360.00,180.00
2031-07-10T00:00:00.000Z,21,2031-07-09T00:00:00.000Z,Argentina,AL41,Argentina,Argentina,1542233749.00,GOB USD ARG Bonar (AL41),USD,USD,3.57%,71.43%,1.83,3.57,5.40,,,,1.00,4.88%,1.83%,28193959.60,55079776.75,83273736.35,360.00,180.00
2031-07-15T00:00:00.000Z,11,2031-07-15T00:00:00.000Z,Pan American Energy,PN43O,Nueva York,Estados Unidos,375000000.00,COR USD Pan American Energy C43 (PN43O),USD,USD,,100.00%,3.88,,3.88,,,,1.00,7.75%,3.88%,14531250.00,,14531250.00,360.00,180.00
2031-07-17T00:00:00.000Z,11,2031-07-17T00:00:00.000Z,YPF,Y134O,Nueva York,Estados Unidos,,COR USD YPF C34 Adicionales (Y134O),USD,USD,,100.00%,4.13,,4.13,,,,1.00,8.25%,4.13%,,,,360.00,180.00
2031-07-17T00:00:00.000Z,13,2031-07-17T00:00:00.000Z,YPF,YM34O,Nueva York,Estados Unidos,1650000000.00,COR USD YPF C34 (YM34O),USD,USD,,100.00%,4.13,,4.13,,,,1.00,8.25%,4.13%,68062500.00,,68062500.00,360.00,180.00
2031-07-18T00:00:00.000Z,14,2031-07-18T00:00:00.000Z,Telecom Argentina,TLCMO,Nueva York,Estados Unidos,817217000.00,COR USD Telecom C21 (TLCMO),USD,USD,34.00%,,1.62,34.00,35.62,,,,1.00,9.50%,1.62%,13198054.55,277853780.00,291051834.55,360.00,180.00
2031-07-21T00:00:00.000Z,11,2031-07-20T00:00:00.000Z,Telecom Argentina,TLCTO,Nueva York,Estados Unidos,600000000.00,COR USD Telecom Argentina C27 (TLCTO),USD,USD,,100.00%,4.25,,4.25,,,,1.00,8.50%,4.25%,25500000.00,,25500000.00,360.00,180.00
2031-07-22T00:00:00.000Z,13,2031-07-22T00:00:00.000Z,Tecpetrol,TTCAO,Nueva York,Estados Unidos,400000000.00,COR USD Tecpetrol C10 (TTCAO),USD,USD,,67.00%,2.55,,2.55,,,,1.00,7.63%,2.55%,10217500.00,,10217500.00,360.00,180.00
2031-07-24T00:00:00.000Z,14,2031-07-24T00:00:00.000Z,Transportadora de Gas del Sur,TSC3O,Nueva York,Estados Unidos,490000000.00,COR USD Transportadora de Gas del Sur C3 (TSC3O),USD,USD,100.00%,,4.25,100.00,104.25,,,,1.00,8.50%,4.25%,20825000.00,490000000.00,510825000.00,360.00,180.00
2031-07-28T00:00:00.000Z,12,2031-07-28T00:00:00.000Z,Edemsa,OZC6O,Nueva York,Estados Unidos,150000000.00,COR USD Edemsa C6 (OZC6O),USD,USD,33.34%,,1.96,33.34,35.30,,,,1.00,11.75%,1.96%,2938087.50,50010000.00,52948087.50,360.00,180.00
2031-07-31T00:00:00.000Z,12,2031-07-31T00:00:00.000Z,Arcor,RC1CO,Nueva York,Estados Unidos,350000000.00,COR USD Arcor C1 (RC1CO),USD,USD,33.00%,67.00%,3.80,33.00,36.80,,,,1.00,7.60%,3.80%,13300000.00,115500000.00,128800000.00,360.00,180.00
2031-08-01T00:00:00.000Z,39,2031-08-01T00:00:00.000Z,AA 2000,ARC1O,Nueva York,Estados Unidos,272949631.00,COR USD AA 2000 (ARC1O),USD,USD,4.56%,,0.10,4.56,4.66,,,,1.00,8.50%,0.10%,261755.92,12456329.36,12718085.28,360.00,89.00
2031-08-25T00:00:00.000Z,6,2031-08-25T00:00:00.000Z,Tango Energy Argentina,PECNO,Argentina,Argentina,61752582.00,COR USD Tango Energy Argentina C22 (PECNO),USD,USD,20.00%,60.00%,5.60,20.00,25.60,,,,1.00,7.00%,5.60%,3458144.59,12350516.40,15808660.99,365.00,365.00
2031-09-10T00:00:00.000Z,14,2031-09-10T00:00:00.000Z,Pampa Energia,MGCMO,Nueva York,Estados Unidos,410000000.00,COR USD Pampa Energia C21 (MGCMO),USD,USD,100.00%,,3.98,100.00,103.98,,,,1.00,7.95%,3.98%,16297500.00,410000000.00,426297500.00,360.00,180.00
2031-09-11T00:00:00.000Z,12,2031-09-11T00:00:00.000Z,YPF,YM1XO,Nueva York,Estados Unidos,,COR USD YPF C31 (YM1XO),USD,USD,60.00%,,2.63,60.00,62.63,,,,1.00,8.75%,2.63%,,,,360.00,180.00
2031-09-11T00:00:00.000Z,14,2031-09-11T00:00:00.000Z,YPF,YMCXO,Nueva York,Estados Unidos,1040649400.00,COR USD YPF C31 (YMCXO),USD,USD,60.00%,,2.63,60.00,62.63,,,,1.00,8.75%,2.63%,27317046.75,624389640.00,651706686.75,360.00,180.00
2031-09-30T00:00:00.000Z,55,2031-09-30T00:00:00.000Z,Argentina,PAP0,Argentina,Argentina,11245518.00,GOB ARS ARG Boncer (PAP0),ARS,ARS,5.00%,75.00%,531.24,2677.62,3208.86,CER,,535.52,1.00,2.48%,0.99%,59740667.33,301112239.07,360852906.40,360.00,180.00
2031-09-30T00:00:00.000Z,55,2031-09-30T00:00:00.000Z,Argentina,PARP,Argentina,Argentina,2858331172.00,GOB ARS ARG Boncer (PARP),ARS,ARS,5.00%,75.00%,531.24,2677.62,3208.86,CER,,535.52,1.00,2.48%,0.99%,15184592801.47,76535247127.71,91719839929.18,360.00,180.00
2031-09-30T00:00:00.000Z,45,2031-09-30T00:00:00.000Z,Argentina,PAY0,Nueva York,Estados Unidos,35014186.00,GOB USD ARG (PAY0),USD,USD,5.00%,75.00%,2.10,5.00,7.10,,,,1.00,5.25%,2.10%,735297.91,1750709.30,2486007.21,360.00,180.00
2031-09-30T00:00:00.000Z,13,2031-09-30T00:00:00.000Z,IRSA,IRCPO,Nueva York,Estados Unidos,480454198.00,COR USD IRSA C24 (IRCPO),USD,USD,,100.00%,4.00,,4.00,,,,1.00,8.00%,4.00%,19218167.92,,19218167.92,360.00,180.00
2031-09-30T00:00:00.000Z,22,2031-09-30T00:00:00.000Z,YPF,YMCJO,Nueva York,Estados Unidos,575649021.00,COR USD YPF C18 (YMCJO),USD,USD,25.00%,50.00%,2.63,25.00,27.63,,,,1.00,7.00%,2.63%,15110786.80,143912255.25,159023042.05,360.00,180.00
2031-10-08T00:00:00.000Z,11,2031-10-08T00:00:00.000Z,Vista Energy Argentina,VSCXO,Nueva York,Estados Unidos,500000000.00,COR USD Vista Energy Argentina C31 (VSCXO),USD,USD,,100.00%,3.94,,3.94,,,,1.00,7.88%,3.94%,19687500.00,,19687500.00,360.00,180.00
2031-10-10T00:00:00.000Z,14,2031-10-10T00:00:00.000Z,Vista Energy Argentina,VSCRO,Argentina,Estados Unidos,150000000.00,COR USD Vista Energy Argentina C26 (VSCRO),USD,USD,34.00%,,1.30,34.00,35.30,,,,1.00,7.65%,1.30%,1956094.52,51000000.00,52956094.52,365.00,183.00
2031-10-16T00:00:00.000Z,14,2031-10-16T00:00:00.000Z,YPF Luz,YFCJO,Nueva York,Estados Unidos,420000000.00,COR USD YPF Luz C18 (YFCJO),USD,USD,33.00%,34.00%,2.64,33.00,35.64,,,,1.00,7.88%,2.64%,11080125.00,138600000.00,149680125.00,360.00,180.00
2031-10-28T00:00:00.000Z,11,2031-10-28T00:00:00.000Z,Edenor,DNCAO,Nueva York,Estados Unidos,550000000.00,COR USD Edenor C10 S1 (DNCAO),USD,USD,,66.67%,3.17,,3.17,,,,1.00,9.50%,3.17%,17417537.50,,17417537.50,360.00,180.00
2031-10-30T00:00:00.000Z,15,2031-10-30T00:00:00.000Z,Pan American Energy,PNXCO,Nueva York,Estados Unidos,400000000.00,COR USD Pan American Energy C31 (PNXCO),USD,USD,,33.33%,1.42,,1.42,,,,1.00,8.50%,1.42%,5666695.00,,5666695.00,360.00,180.00
2031-11-13T00:00:00.000Z,14,2031-11-13T00:00:00.000Z,Pan American Energy,PN36O,Argentina,Argentina,78100553.00,COR USD Pan American Energy C36 (PN36O),USD,USD,100.00%,,3.65,100.00,103.65,,,,1.00,7.25%,3.65%,2854414.73,78100553.00,80954967.73,365.00,184.00
2031-11-14T00:00:00.000Z,11,2031-11-14T00:00:00.000Z,Pampa Energia,MG1RO,Nueva York,Estados Unidos,500000000.00,COR USD Pampa Energia C26 Adicionales (MG1RO),USD,USD,,100.00%,3.88,,3.88,,,,1.00,7.75%,3.88%,19375000.00,,19375000.00,360.00,180.00
2031-11-14T00:00:00.000Z,12,2031-11-14T00:00:00.000Z,Pampa Energia,MGCRO,Nueva York,Estados Unidos,450000000.00,COR USD Pampa Energia C26 (MGCRO),USD,USD,,100.00%,3.88,,3.88,,,,1.00,7.75%,3.88%,17437500.00,,17437500.00,360.00,180.00
2031-11-20T00:00:00.000Z,12,2031-11-20T00:00:00.000Z,Transportadora de Gas del Sur,TSC4O,Nueva York,Estados Unidos,500000000.00,COR USD Transportadora de Gas del Sur C4 (TSC4O),USD,USD,,100.00%,3.88,,3.88,,,,1.00,7.75%,3.88%,19375000.00,,19375000.00,360.00,180.00
2031-11-28T00:00:00.000Z,13,2031-11-28T00:00:00.000Z,Telecom Argentina,TLCPO,Nueva York,Estados Unidos,1000000000.00,COR USD Telecom Argentina C24 (TLCPO),USD,USD,,100.00%,4.63,,4.63,,,,1.00,9.25%,4.63%,46250000.00,,46250000.00,360.00,180.00
2031-12-01T00:00:00.000Z,19,2031-11-30T00:00:00.000Z,Argentina,TX31,Argentina,Argentina,110944599869.00,GOB ARS ARG Boncer (TX31),ARS,ARS,10.00%,,2.08,166.10,168.18,CER,,16.61,1.00,2.50%,0.13%,2303531632.62,184282308720.41,186585840353.03,360.00,180.00
2031-12-01T00:00:00.000Z,13,2031-11-30T00:00:00.000Z,Pluspetrol,PLC4O,Nueva York,Estados Unidos,650000000.00,COR USD Pluspetrol C4 (PLC4O),USD,USD,,100.00%,4.25,,4.25,,,,1.00,8.50%,4.25%,27625000.00,,27625000.00,360.00,180.00
2031-12-02T00:00:00.000Z,12,2031-12-02T00:00:00.000Z,Genneia,GN49O,Nueva York,Estados Unidos,400000000.00,COR USD Genneia C49 (GN49O),USD,USD,33.00%,67.00%,3.88,33.00,36.88,,,,1.00,7.75%,3.88%,15500000.00,132000000.00,147500000.00,360.00,180.00
2031-12-10T00:00:00.000Z,14,2031-12-10T00:00:00.000Z,Clisa,CLI1O,Nueva York,Estados Unidos,74985749.00,COR USD Clisa C1 (CLI1O),USD,USD,,100.00%,3.50,,3.50,,,,1.00,7.00%,3.50%,2624501.22,,2624501.22,360.00,180.00
2031-12-10T00:00:00.000Z,15,2031-12-10T00:00:00.000Z,Clisa,CLSIO,Nueva York,Estados Unidos,200000000.00,COR USD Clisa (CLSIO),USD,USD,100.00%,,4.25,100.00,104.25,,,,1.00,8.50%,4.25%,8500000.00,200000000.00,208500000.00,360.00,180.00
2031-12-10T00:00:00.000Z,14,2031-12-10T00:00:00.000Z,Vista Energy Argentina,VSCTO,Nueva York,Estados Unidos,600000000.00,COR USD Vista Energy Argentina C27 (VSCTO),USD,USD,,100.00%,3.81,,3.81,,,,1.00,7.63%,3.81%,22875000.00,,22875000.00,360.00,180.00
2031-12-10T00:00:00.000Z,13,2031-12-10T00:00:00.000Z,Vista Energy Argentina,VSCVO,Nueva York,Estados Unidos,900000000.00,COR USD Vista Energy Argentina C29 (VSCVO),USD,USD,,67.00%,2.85,,2.85,,,,1.00,8.50%,2.85%,25627500.00,,25627500.00,360.00,180.00
2031-12-11T00:00:00.000Z,14,2031-12-11T00:00:00.000Z,Raghsa,RAC7O,Nueva York,Estados Unidos,48705263.00,COR USD Raghsa C7 (RAC7O),USD,USD,,100.00%,4.25,,4.25,,,,1.00,8.50%,4.25%,2069973.68,,2069973.68,360.00,180.00
2031-12-15T00:00:00.000Z,28,2031-12-15T00:00:00.000Z,YPF,YCANO,Nueva York,Estados Unidos,536612500.00,COR USD YPF 15-12-47,USD,USD,,100.00%,3.50,,3.50,,,,1.00,7.00%,3.50%,18781437.50,,18781437.50,360.00,180.00
2031-12-16T00:00:00.000Z,14,2031-12-16T00:00:00.000Z,Pampa Energia,MGCOO,Nueva York,Estados Unidos,700000000.00,COR USD Pampa Energia C23 (MGCOO),USD,USD,,100.00%,3.94,,3.94,,,,1.00,7.88%,3.94%,27562500.00,,27562500.00,360.00,180.00
2031-12-31T00:00:00.000Z,56,2031-12-31T00:00:00.000Z,Argentina,DICP,Argentina,Argentina,4243693957.00,GOB ARS ARG Boncer (DICP),ARS,ARS,5.00%,20.00%,495.61,3400.41,3896.01,CER,,535.52,1.27,5.83%,0.93%,21032131729.56,144302790834.65,165334922564.22,360.00,180.00
2031-12-31T00:00:00.000Z,56,2031-12-31T00:00:00.000Z,Argentina,DIP0,Argentina,Argentina,125510513.00,GOB ARS ARG Boncer (DIP0),ARS,ARS,5.00%,20.00%,495.61,3400.41,3896.01,CER,,535.52,1.27,5.83%,0.93%,622041473.68,4267866035.70,4889907509.38,360.00,180.00
2031-12-31T00:00:00.000Z,56,2031-12-31T00:00:00.000Z,Argentina,CUAP,Argentina,Argentina,23434050685.00,GOB ARS ARG (CUAP),ARS,ARS,,100.00%,1230.70,,1230.70,CER,,535.52,1.39,3.31%,2.30%,288402364978.42,,288402364978.42,360.00,180.00
2032-01-09T00:00:00.000Z,22,2032-01-09T00:00:00.000Z,Argentina,GD35,Nueva York,Estados Unidos,20436350000.00,GOB USD ARG Birad (GD35),USD,USD,10.00%,70.00%,2.00,10.00,12.00,,,,1.00,5.00%,2.00%,408727000.00,2043635000.00,2452362000.00,360.00,180.00
2032-01-09T00:00:00.000Z,22,2032-01-09T00:00:00.000Z,Argentina,GD38,Nueva York,Estados Unidos,10063292000.00,GOB USD ARG Birad (GD38),USD,USD,4.55%,54.55%,1.48,4.55,6.02,,,,1.00,5.00%,1.48%,148662257.89,457422363.64,606084621.53,360.00,180.00
2032-01-09T00:00:00.000Z,22,2032-01-09T00:00:00.000Z,Argentina,GD41,Nueva York,Estados Unidos,10482111279.00,GOB USD ARG Birad (GD41),USD,USD,3.57%,67.86%,1.74,3.57,5.31,,,,1.00,4.88%,1.74%,182501035.83,374361117.11,556862152.94,360.00,180.00
2032-01-09T00:00:00.000Z,22,2032-01-09T00:00:00.000Z,Argentina,GD46,Nueva York,Estados Unidos,2091997124.00,GOB USD ARG Birad (GD46),USD,USD,2.27%,65.91%,1.70,2.27,3.98,,,,1.00,5.00%,1.70%,35659043.88,47545389.18,83204433.07,360.00,180.00
2032-01-09T00:00:00.000Z,22,2032-01-09T00:00:00.000Z,Argentina,AE38,Argentina,Argentina,12324977546.00,GOB USD ARG Bonar (AE38),USD,USD,4.55%,54.55%,1.48,4.55,6.02,,,,1.00,5.00%,1.48%,182073519.32,560226308.11,742299827.44,360.00,180.00
2032-01-09T00:00:00.000Z,22,2032-01-09T00:00:00.000Z,Argentina,AL35,Argentina,Argentina,20243999549.00,GOB USD ARG Bonar (AL35),USD,USD,10.00%,70.00%,2.00,10.00,12.00,,,,1.00,5.00%,2.00%,404879990.98,2024399954.90,2429279945.88,360.00,180.00
2032-01-09T00:00:00.000Z,22,2032-01-09T00:00:00.000Z,Argentina,AL41,Argentina,Argentina,1542233749.00,GOB USD ARG Bonar (AL41),USD,USD,3.57%,67.86%,1.74,3.57,5.31,,,,1.00,4.88%,1.74%,26851389.88,55079776.75,81931166.63,360.00,180.00
2032-01-15T00:00:00.000Z,12,2032-01-15T00:00:00.000Z,Pan American Energy,PN43O,Nueva York,Estados Unidos,375000000.00,COR USD Pan American Energy C43 (PN43O),USD,USD,,100.00%,3.88,,3.88,,,,1.00,7.75%,3.88%,14531250.00,,14531250.00,360.00,180.00
2032-01-19T00:00:00.000Z,12,2032-01-17T00:00:00.000Z,YPF,Y134O,Nueva York,Estados Unidos,,COR USD YPF C34 Adicionales (Y134O),USD,USD,30.00%,70.00%,4.13,30.00,34.13,,,,1.00,8.25%,4.13%,,,,360.00,180.00
2032-01-19T00:00:00.000Z,14,2032-01-17T00:00:00.000Z,YPF,YM34O,Nueva York,Estados Unidos,1650000000.00,COR USD YPF C34 (YM34O),USD,USD,30.00%,70.00%,4.13,30.00,34.13,,,,1.00,8.25%,4.13%,68062500.00,495000000.00,563062500.00,360.00,180.00
2032-01-20T00:00:00.000Z,12,2032-01-20T00:00:00.000Z,Telecom Argentina,TLCTO,Nueva York,Estados Unidos,600000000.00,COR USD Telecom Argentina C27 (TLCTO),USD,USD,,100.00%,4.25,,4.25,,,,1.00,8.50%,4.25%,25500000.00,,25500000.00,360.00,180.00
2032-01-22T00:00:00.000Z,14,2032-01-22T00:00:00.000Z,Tecpetrol,TTCAO,Nueva York,Estados Unidos,400000000.00,COR USD Tecpetrol C10 (TTCAO),USD,USD,33.00%,34.00%,2.55,33.00,35.55,,,,1.00,7.63%,2.55%,10217500.00,132000000.00,142217500.00,360.00,180.00
2032-02-02T00:00:00.000Z,13,2032-01-31T00:00:00.000Z,Arcor,RC1CO,Nueva York,Estados Unidos,350000000.00,COR USD Arcor C1 (RC1CO),USD,USD,,67.00%,2.55,,2.55,,,,1.00,7.60%,2.55%,8911000.00,,8911000.00,360.00,180.00
2032-03-30T00:00:00.000Z,23,2032-03-30T00:00:00.000Z,YPF,YMCJO,Nueva York,Estados Unidos,575649021.00,COR USD YPF C18 (YMCJO),USD,USD,,50.00%,1.75,,1.75,,,,1.00,7.00%,1.75%,10073857.87,,10073857.87,360.00,180.00
2032-03-31T00:00:00.000Z,56,2032-03-31T00:00:00.000Z,Argentina,PAP0,Argentina,Argentina,11245518.00,GOB ARS ARG Boncer (PAP0),ARS,ARS,5.00%,70.00%,498.04,2677.62,3175.66,CER,,535.52,1.00,2.48%,0.93%,56006876.47,301112239.07,357119115.54,360.00,180.00
2032-03-31T00:00:00.000Z,56,2032-03-31T00:00:00.000Z,Argentina,PARP,Argentina,Argentina,2858331172.00,GOB ARS ARG Boncer (PARP),ARS,ARS,5.00%,70.00%,498.04,2677.62,3175.66,CER,,535.52,1.00,2.48%,0.93%,14235555965.75,76535247127.71,90770803093.46,360.00,180.00
2032-03-31T00:00:00.000Z,46,2032-03-31T00:00:00.000Z,Argentina,PAY0,Nueva York,Estados Unidos,35014186.00,GOB USD ARG (PAY0),USD,USD,5.00%,70.00%,1.97,5.00,6.97,,,,1.00,5.25%,1.97%,689341.79,1750709.30,2440051.09,360.00,180.00
2032-03-31T00:00:00.000Z,14,2032-03-31T00:00:00.000Z,IRSA,IRCPO,Nueva York,Estados Unidos,480454198.00,COR USD IRSA C24 (IRCPO),USD,USD,,100.00%,4.00,,4.00,,,,1.00,8.00%,4.00%,19218167.92,,19218167.92,360.00,180.00
2032-04-08T00:00:00.000Z,12,2032-04-08T00:00:00.000Z,Vista Energy Argentina,VSCXO,Nueva York,Estados Unidos,500000000.00,COR USD Vista Energy Argentina C31 (VSCXO),USD,USD,,100.00%,3.94,,3.94,,,,1.00,7.88%,3.94%,19687500.00,,19687500.00,360.00,180.00
2032-04-16T00:00:00.000Z,15,2032-04-16T00:00:00.000Z,YPF Luz,YFCJO,Nueva York,Estados Unidos,420000000.00,COR USD YPF Luz C18 (YFCJO),USD,USD,,34.00%,1.34,,1.34,,,,1.00,7.88%,1.34%,5622750.00,,5622750.00,360.00,180.00
2032-04-28T00:00:00.000Z,12,2032-04-28T00:00:00.000Z,Edenor,DNCAO,Nueva York,Estados Unidos,550000000.00,COR USD Edenor C10 S1 (DNCAO),USD,USD,33.33%,33.34%,3.17,33.33,36.50,,,,1.00,9.50%,3.17%,17417537.50,183315000.00,200732537.50,360.00,180.00
2032-04-30T00:00:00.000Z,16,2032-04-30T00:00:00.000Z,Pan American Energy,PNXCO,Nueva York,Estados Unidos,400000000.00,COR USD Pan American Energy C31 (PNXCO),USD,USD,33.33%,,1.42,33.33,34.75,,,,1.00,8.50%,1.42%,5666695.00,133334000.00,139000695.00,360.00,180.00
2032-05-14T00:00:00.000Z,12,2032-05-14T00:00:00.000Z,Pampa Energia,MG1RO,Nueva York,Estados Unidos,500000000.00,COR USD Pampa Energia C26 Adicionales (MG1RO),USD,USD,,100.00%,3.88,,3.88,,,,1.00,7.75%,3.88%,19375000.00,,19375000.00,360.00,180.00
2032-05-14T00:00:00.000Z,13,2032-05-14T00:00:00.000Z,Pampa Energia,MGCRO,Nueva York,Estados Unidos,450000000.00,COR USD Pampa Energia C26 (MGCRO),USD,USD,,100.00%,3.88,,3.88,,,,1.00,7.75%,3.88%,17437500.00,,17437500.00,360.00,180.00
2032-05-20T00:00:00.000Z,13,2032-05-20T00:00:00.000Z,Transportadora de Gas del Sur,TSC4O,Nueva York,Estados Unidos,500000000.00,COR USD Transportadora de Gas del Sur C4 (TSC4O),USD,USD,,100.00%,3.88,,3.88,,,,1.00,7.75%,3.88%,19375000.00,,19375000.00,360.00,180.00
2032-05-28T00:00:00.000Z,14,2032-05-28T00:00:00.000Z,Telecom Argentina,TLCPO,Nueva York,Estados Unidos,1000000000.00,COR USD Telecom Argentina C24 (TLCPO),USD,USD,50.00%,50.00%,4.63,50.00,54.63,,,,1.00,9.25%,4.63%,46250000.00,500000000.00,546250000.00,360.00,180.00
2032-05-31T00:00:00.000Z,14,2032-05-30T00:00:00.000Z,Pluspetrol,PLC4O,Nueva York,Estados Unidos,650000000.00,COR USD Pluspetrol C4 (PLC4O),USD,USD,100.00%,,4.25,100.00,104.25,,,,1.00,8.50%,4.25%,27625000.00,650000000.00,677625000.00,360.00,180.00
2032-06-02T00:00:00.000Z,13,2032-06-02T00:00:00.000Z,Genneia,GN49O,Nueva York,Estados Unidos,400000000.00,COR USD Genneia C49 (GN49O),USD,USD,,67.00%,2.60,,2.60,,,,1.00,7.75%,2.60%,10385000.00,,10385000.00,360.00,180.00
2032-06-10T00:00:00.000Z,15,2032-06-10T00:00:00.000Z,Clisa,CLI1O,Nueva York,Estados Unidos,74985749.00,COR USD Clisa C1 (CLI1O),USD,USD,,100.00%,3.50,,3.50,,,,1.00,7.00%,3.50%,2624501.22,,2624501.22,360.00,180.00
2032-06-10T00:00:00.000Z,15,2032-06-10T00:00:00.000Z,Vista Energy Argentina,VSCTO,Nueva York,Estados Unidos,600000000.00,COR USD Vista Energy Argentina C27 (VSCTO),USD,USD,,100.00%,3.81,,3.81,,,,1.00,7.63%,3.81%,22875000.00,,22875000.00,360.00,180.00
2032-06-10T00:00:00.000Z,14,2032-06-10T00:00:00.000Z,Vista Energy Argentina,VSCVO,Nueva York,Estados Unidos,900000000.00,COR USD Vista Energy Argentina C29 (VSCVO),USD,USD,33.00%,34.00%,2.85,33.00,35.85,,,,1.00,8.50%,2.85%,25627500.00,297000000.00,322627500.00,360.00,180.00
2032-06-11T00:00:00.000Z,15,2032-06-11T00:00:00.000Z,Raghsa,RAC7O,Nueva York,Estados Unidos,48705263.00,COR USD Raghsa C7 (RAC7O),USD,USD,,100.00%,4.25,,4.25,,,,1.00,8.50%,4.25%,2069973.68,,2069973.68,360.00,180.00
2032-06-15T00:00:00.000Z,29,2032-06-15T00:00:00.000Z,YPF,YCANO,Nueva York,Estados Unidos,536612500.00,COR USD YPF 15-12-47,USD,USD,,100.00%,3.50,,3.50,,,,1.00,7.00%,3.50%,18781437.50,,18781437.50,360.00,180.00
2032-06-16T00:00:00.000Z,15,2032-06-16T00:00:00.000Z,Pampa Energia,MGCOO,Nueva York,Estados Unidos,700000000.00,COR USD Pampa Energia C23 (MGCOO),USD,USD,,100.00%,3.94,,3.94,,,,1.00,7.88%,3.94%,27562500.00,,27562500.00,360.00,180.00
2032-06-30T00:00:00.000Z,57,2032-06-30T00:00:00.000Z,Argentina,DICP,Argentina,Argentina,4243693957.00,GOB ARS ARG Boncer (DICP),ARS,ARS,5.00%,15.00%,396.49,3400.41,3796.89,CER,,535.52,1.27,5.83%,0.74%,16825705044.16,144302790834.65,161128495878.81,360.00,180.00
2032-06-30T00:00:00.000Z,57,2032-06-30T00:00:00.000Z,Argentina,DIP0,Argentina,Argentina,125510513.00,GOB ARS ARG Boncer (DIP0),ARS,ARS,5.00%,15.00%,396.49,3400.41,3796.89,CER,,535.52,1.27,5.83%,0.74%,497633168.90,4267866035.70,4765499204.60,360.00,180.00
2032-06-30T00:00:00.000Z,57,2032-06-30T00:00:00.000Z,Argentina,CUAP,Argentina,Argentina,23434050685.00,GOB ARS ARG (CUAP),ARS,ARS,,100.00%,1230.70,,1230.70,CER,,535.52,1.39,3.31%,2.30%,288402364978.42,,288402364978.42,360.00,180.00
2032-07-12T00:00:00.000Z,23,2032-07-09T00:00:00.000Z,Argentina,GD35,Nueva York,Estados Unidos,20436350000.00,GOB USD ARG Birad (GD35),USD,USD,10.00%,60.00%,1.75,10.00,11.75,,,,1.00,5.00%,1.75%,357636125.00,2043635000.00,2401271125.00,360.00,180.00
2032-07-12T00:00:00.000Z,23,2032-07-09T00:00:00.000Z,Argentina,GD38,Nueva York,Estados Unidos,10063292000.00,GOB USD ARG Birad (GD38),USD,USD,4.55%,50.00%,1.36,4.55,5.91,,,,1.00,5.00%,1.36%,137226697.66,457422363.64,594649061.29,360.00,180.00
2032-07-12T00:00:00.000Z,23,2032-07-09T00:00:00.000Z,Argentina,GD41,Nueva York,Estados Unidos,10482111279.00,GOB USD ARG Birad (GD41),USD,USD,3.57%,64.29%,1.65,3.57,5.23,,,,1.00,4.88%,1.65%,173375982.51,374361117.11,547737099.61,360.00,180.00
2032-07-12T00:00:00.000Z,23,2032-07-09T00:00:00.000Z,Argentina,GD46,Nueva York,Estados Unidos,2091997124.00,GOB USD ARG Birad (GD46),USD,USD,2.27%,63.64%,1.65,2.27,3.92,,,,1.00,5.00%,1.65%,34470409.30,47545389.18,82015798.48,360.00,180.00
2032-07-12T00:00:00.000Z,23,2032-07-09T00:00:00.000Z,Argentina,AE38,Argentina,Argentina,12324977546.00,GOB USD ARG Bonar (AE38),USD,USD,4.55%,50.00%,1.36,4.55,5.91,,,,1.00,5.00%,1.36%,168067861.62,560226308.11,728294169.74,360.00,180.00
2032-07-12T00:00:00.000Z,23,2032-07-09T00:00:00.000Z,Argentina,AL35,Argentina,Argentina,20243999549.00,GOB USD ARG Bonar (AL35),USD,USD,10.00%,60.00%,1.75,10.00,11.75,,,,1.00,5.00%,1.75%,354269992.11,2024399954.90,2378669947.01,360.00,180.00
2032-07-12T00:00:00.000Z,23,2032-07-09T00:00:00.000Z,Argentina,AL41,Argentina,Argentina,1542233749.00,GOB USD ARG Bonar (AL41),USD,USD,3.57%,64.29%,1.65,3.57,5.23,,,,1.00,4.88%,1.65%,25508820.16,55079776.75,80588596.91,360.00,180.00
2032-07-15T00:00:00.000Z,13,2032-07-15T00:00:00.000Z,Pan American Energy,PN43O,Nueva York,Estados Unidos,375000000.00,COR USD Pan American Energy C43 (PN43O),USD,USD,,100.00%,3.88,,3.88,,,,1.00,7.75%,3.88%,14531250.00,,14531250.00,360.00,180.00
2032-07-19T00:00:00.000Z,13,2032-07-17T00:00:00.000Z,YPF,Y134O,Nueva York,Estados Unidos,,COR USD YPF C34 Adicionales (Y134O),USD,USD,,70.00%,2.89,,2.89,,,,1.00,8.25%,2.89%,,,,360.00,180.00
2032-07-19T00:00:00.000Z,15,2032-07-17T00:00:00.000Z,YPF,YM34O,Nueva York,Estados Unidos,1650000000.00,COR USD YPF C34 (YM34O),USD,USD,,70.00%,2.89,,2.89,,,,1.00,8.25%,2.89%,47643750.00,,47643750.00,360.00,180.00
2032-07-20T00:00:00.000Z,13,2032-07-20T00:00:00.000Z,Telecom Argentina,TLCTO,Nueva York,Estados Unidos,600000000.00,COR USD Telecom Argentina C27 (TLCTO),USD,USD,,100.00%,4.25,,4.25,,,,1.00,8.50%,4.25%,25500000.00,,25500000.00,360.00,180.00
2032-07-22T00:00:00.000Z,15,2032-07-22T00:00:00.000Z,Tecpetrol,TTCAO,Nueva York,Estados Unidos,400000000.00,COR USD Tecpetrol C10 (TTCAO),USD,USD,,34.00%,1.30,,1.30,,,,1.00,7.63%,1.30%,5185000.00,,5185000.00,360.00,180.00
2032-08-02T00:00:00.000Z,14,2032-07-31T00:00:00.000Z,Arcor,RC1CO,Nueva York,Estados Unidos,350000000.00,COR USD Arcor C1 (RC1CO),USD,USD,33.00%,34.00%,2.55,33.00,35.55,,,,1.00,7.60%,2.55%,8911000.00,115500000.00,124411000.00,360.00,180.00
2032-08-25T00:00:00.000Z,7,2032-08-25T00:00:00.000Z,Tango Energy Argentina,PECNO,Argentina,Argentina,61752582.00,COR USD Tango Energy Argentina C22 (PECNO),USD,USD,60.00%,,4.21,60.00,64.21,,,,1.00,7.00%,4.21%,2600714.22,37051549.20,39652263.42,365.00,366.00
2032-09-30T00:00:00.000Z,57,2032-09-30T00:00:00.000Z,Argentina,PAP0,Argentina,Argentina,11245518.00,GOB ARS ARG Boncer (PAP0),ARS,ARS,5.00%,65.00%,464.83,2677.62,3142.45,CER,,535.52,1.00,2.48%,0.87%,52273084.48,301112239.07,353385322.42,360.00,180.00
2032-09-30T00:00:00.000Z,57,2032-09-30T00:00:00.000Z,Argentina,PARP,Argentina,Argentina,2858331172.00,GOB ARS ARG Boncer (PARP),ARS,ARS,5.00%,65.00%,464.83,2677.62,3142.45,CER,,535.52,1.00,2.48%,0.87%,13286518844.20,76535247127.71,89821765686.08,360.00,180.00
2032-09-30T00:00:00.000Z,47,2032-09-30T00:00:00.000Z,Argentina,PAY0,Nueva York,Estados Unidos,35014186.00,GOB USD ARG (PAY0),USD,USD,5.00%,65.00%,1.84,5.00,6.84,,,,1.00,5.25%,1.84%,643385.67,1750709.30,2394094.97,360.00,180.00
2032-09-30T00:00:00.000Z,15,2032-09-30T00:00:00.000Z,IRSA,IRCPO,Nueva York,Estados Unidos,480454198.00,COR USD IRSA C24 (IRCPO),USD,USD,,100.00%,4.00,,4.00,,,,1.00,8.00%,4.00%,19218167.92,,19218167.92,360.00,180.00
2032-09-30T00:00:00.000Z,24,2032-09-30T00:00:00.000Z,YPF,YMCJO,Nueva York,Estados Unidos,575649021.00,COR USD YPF C18 (YMCJO),USD,USD,25.00%,25.00%,1.75,25.00,26.75,,,,1.00,7.00%,1.75%,10073857.87,143912255.25,153986113.12,360.00,180.00
2032-10-08T00:00:00.000Z,13,2032-10-08T00:00:00.000Z,Vista Energy Argentina,VSCXO,Nueva York,Estados Unidos,500000000.00,COR USD Vista Energy Argentina C31 (VSCXO),USD,USD,,100.00%,3.94,,3.94,,,,1.00,7.88%,3.94%,19687500.00,,19687500.00,360.00,180.00
2032-10-18T00:00:00.000Z,16,2032-10-16T00:00:00.000Z,YPF Luz,YFCJO,Nueva York,Estados Unidos,420000000.00,COR USD YPF Luz C18 (YFCJO),USD,USD,34.00%,,1.34,34.00,35.34,,,,1.00,7.88%,1.34%,5622750.00,142800000.00,148422750.00,360.00,180.00
2032-10-28T00:00:00.000Z,13,2032-10-28T00:00:00.000Z,Edenor,DNCAO,Nueva York,Estados Unidos,550000000.00,COR USD Edenor C10 S1 (DNCAO),USD,USD,,33.34%,1.58,,1.58,,,,1.00,9.50%,1.58%,8710075.00,,8710075.00,360.00,180.00
2032-11-15T00:00:00.000Z,13,2032-11-14T00:00:00.000Z,Pampa Energia,MG1RO,Nueva York,Estados Unidos,500000000.00,COR USD Pampa Energia C26 Adicionales (MG1RO),USD,USD,,100.00%,3.88,,3.88,,,,1.00,7.75%,3.88%,19375000.00,,19375000.00,360.00,180.00
2032-11-15T00:00:00.000Z,14,2032-11-14T00:00:00.000Z,Pampa Energia,MGCRO,Nueva York,Estados Unidos,450000000.00,COR USD Pampa Energia C26 (MGCRO),USD,USD,,100.00%,3.88,,3.88,,,,1.00,7.75%,3.88%,17437500.00,,17437500.00,360.00,180.00
2032-11-22T00:00:00.000Z,14,2032-11-20T00:00:00.000Z,Transportadora de Gas del Sur,TSC4O,Nueva York,Estados Unidos,500000000.00,COR USD Transportadora de Gas del Sur C4 (TSC4O),USD,USD,,100.00%,3.88,,3.88,,,,1.00,7.75%,3.88%,19375000.00,,19375000.00,360.00,180.00
2032-11-29T00:00:00.000Z,15,2032-11-28T00:00:00.000Z,Telecom Argentina,TLCPO,Nueva York,Estados Unidos,1000000000.00,COR USD Telecom Argentina C24 (TLCPO),USD,USD,,50.00%,2.31,,2.31,,,,1.00,9.25%,2.31%,23125000.00,,23125000.00,360.00,180.00
2032-12-02T00:00:00.000Z,14,2032-12-02T00:00:00.000Z,Genneia,GN49O,Nueva York,Estados Unidos,400000000.00,COR USD Genneia C49 (GN49O),USD,USD,33.00%,34.00%,2.60,33.00,35.60,,,,1.00,7.75%,2.60%,10385000.00,132000000.00,142385000.00,360.00,180.00
2032-12-10T00:00:00.000Z,16,2032-12-10T00:00:00.000Z,Clisa,CLI1O,Nueva York,Estados Unidos,74985749.00,COR USD Clisa C1 (CLI1O),USD,USD,,100.00%,3.50,,3.50,,,,1.00,7.00%,3.50%,2624501.22,,2624501.22,360.00,180.00
2032-12-10T00:00:00.000Z,16,2032-12-10T00:00:00.000Z,Vista Energy Argentina,VSCTO,Nueva York,Estados Unidos,600000000.00,COR USD Vista Energy Argentina C27 (VSCTO),USD,USD,,100.00%,3.81,,3.81,,,,1.00,7.63%,3.81%,22875000.00,,22875000.00,360.00,180.00
2032-12-10T00:00:00.000Z,15,2032-12-10T00:00:00.000Z,Vista Energy Argentina,VSCVO,Nueva York,Estados Unidos,900000000.00,COR USD Vista Energy Argentina C29 (VSCVO),USD,USD,,34.00%,1.45,,1.45,,,,1.00,8.50%,1.45%,13005000.00,,13005000.00,360.00,180.00
2032-12-13T00:00:00.000Z,16,2032-12-11T00:00:00.000Z,Raghsa,RAC7O,Nueva York,Estados Unidos,48705263.00,COR USD Raghsa C7 (RAC7O),USD,USD,100.00%,,4.25,100.00,104.25,,,,1.00,8.50%,4.25%,2069973.68,48705263.00,50775236.68,360.00,180.00
2032-12-15T00:00:00.000Z,30,2032-12-15T00:00:00.000Z,YPF,YCANO,Nueva York,Estados Unidos,536612500.00,COR USD YPF 15-12-47,USD,USD,,100.00%,3.50,,3.50,,,,1.00,7.00%,3.50%,18781437.50,,18781437.50,360.00,180.00
2032-12-16T00:00:00.000Z,16,2032-12-16T00:00:00.000Z,Pampa Energia,MGCOO,Nueva York,Estados Unidos,700000000.00,COR USD Pampa Energia C23 (MGCOO),USD,USD,,100.00%,3.94,,3.94,,,,1.00,7.88%,3.94%,27562500.00,,27562500.00,360.00,180.00
2032-12-31T00:00:00.000Z,58,2032-12-31T00:00:00.000Z,Argentina,DICP,Argentina,Argentina,4243693957.00,GOB ARS ARG Boncer (DICP),ARS,ARS,5.00%,10.00%,297.37,3400.41,3697.77,CER,,535.52,1.27,5.83%,0.56%,12619278783.12,144302790834.65,156922069617.77,360.00,180.00
2032-12-31T00:00:00.000Z,58,2032-12-31T00:00:00.000Z,Argentina,DIP0,Argentina,Argentina,125510513.00,GOB ARS ARG Boncer (DIP0),ARS,ARS,5.00%,10.00%,297.37,3400.41,3697.77,CER,,535.52,1.27,5.83%,0.56%,373224876.68,4267866035.70,4641090912.38,360.00,180.00
2032-12-31T00:00:00.000Z,58,2032-12-31T00:00:00.000Z,Argentina,CUAP,Argentina,Argentina,23434050685.00,GOB ARS ARG (CUAP),ARS,ARS,,100.00%,1230.70,,1230.70,CER,,535.52,1.39,3.31%,2.30%,288402364978.42,,288402364978.42,360.00,180.00
2033-01-10T00:00:00.000Z,24,2033-01-09T00:00:00.000Z,Argentina,GD35,Nueva York,Estados Unidos,20436350000.00,GOB USD ARG Birad (GD35),USD,USD,10.00%,50.00%,1.50,10.00,11.50,,,,1.00,5.00%,1.50%,306545250.00,2043635000.00,2350180250.00,360.00,180.00
2033-01-10T00:00:00.000Z,24,2033-01-09T00:00:00.000Z,Argentina,GD38,Nueva York,Estados Unidos,10063292000.00,GOB USD ARG Birad (GD38),USD,USD,4.55%,45.45%,1.25,4.55,5.80,,,,1.00,5.00%,1.25%,125791137.42,457422363.64,583213501.06,360.00,180.00
2033-01-10T00:00:00.000Z,24,2033-01-09T00:00:00.000Z,Argentina,GD41,Nueva York,Estados Unidos,10482111279.00,GOB USD ARG Birad (GD41),USD,USD,3.57%,60.71%,1.57,3.57,5.14,,,,1.00,4.88%,1.57%,164250929.18,374361117.11,538612046.29,360.00,180.00
2033-01-10T00:00:00.000Z,24,2033-01-09T00:00:00.000Z,Argentina,GD46,Nueva York,Estados Unidos,2091997124.00,GOB USD ARG Birad (GD46),USD,USD,2.27%,61.36%,1.59,2.27,3.86,,,,1.00,5.00%,1.59%,33281774.71,47545389.18,80827163.89,360.00,180.00
2033-01-10T00:00:00.000Z,24,2033-01-09T00:00:00.000Z,Argentina,AE38,Argentina,Argentina,12324977546.00,GOB USD ARG Bonar (AE38),USD,USD,4.55%,45.45%,1.25,4.55,5.80,,,,1.00,5.00%,1.25%,154062203.92,560226308.11,714288512.03,360.00,180.00
2033-01-10T00:00:00.000Z,24,2033-01-09T00:00:00.000Z,Argentina,AL35,Argentina,Argentina,20243999549.00,GOB USD ARG Bonar (AL35),USD,USD,10.00%,50.00%,1.50,10.00,11.50,,,,1.00,5.00%,1.50%,303659993.24,2024399954.90,2328059948.14,360.00,180.00
2033-01-10T00:00:00.000Z,24,2033-01-09T00:00:00.000Z,Argentina,AL41,Argentina,Argentina,1542233749.00,GOB USD ARG Bonar (AL41),USD,USD,3.57%,60.71%,1.57,3.57,5.14,,,,1.00,4.88%,1.57%,24166250.44,55079776.75,79246027.19,360.00,180.00
2033-01-17T00:00:00.000Z,14,2033-01-15T00:00:00.000Z,Pan American Energy,PN43O,Nueva York,Estados Unidos,375000000.00,COR USD Pan American Energy C43 (PN43O),USD,USD,,100.00%,3.88,,3.88,,,,1.00,7.75%,3.88%,14531250.00,,14531250.00,360.00,180.00
2033-01-17T00:00:00.000Z,14,2033-01-17T00:00:00.000Z,YPF,Y134O,Nueva York,Estados Unidos,,COR USD YPF C34 Adicionales (Y134O),USD,USD,30.00%,40.00%,2.89,30.00,32.89,,,,1.00,8.25%,2.89%,,,,360.00,180.00
2033-01-17T00:00:00.000Z,16,2033-01-17T00:00:00.000Z,YPF,YM34O,Nueva York,Estados Unidos,1650000000.00,COR USD YPF C34 (YM34O),USD,USD,30.00%,40.00%,2.89,30.00,32.89,,,,1.00,8.25%,2.89%,47643750.00,495000000.00,542643750.00,360.00,180.00
2033-01-20T00:00:00.000Z,14,2033-01-20T00:00:00.000Z,Telecom Argentina,TLCTO,Nueva York,Estados Unidos,600000000.00,COR USD Telecom Argentina C27 (TLCTO),USD,USD,,100.00%,4.25,,4.25,,,,1.00,8.50%,4.25%,25500000.00,,25500000.00,360.00,180.00
2033-01-24T00:00:00.000Z,16,2033-01-22T00:00:00.000Z,Tecpetrol,TTCAO,Nueva York,Estados Unidos,400000000.00,COR USD Tecpetrol C10 (TTCAO),USD,USD,34.00%,,1.30,34.00,35.30,,,,1.00,7.63%,1.30%,5185000.00,136000000.00,141185000.00,360.00,180.00
2033-01-31T00:00:00.000Z,15,2033-01-31T00:00:00.000Z,Arcor,RC1CO,Nueva York,Estados Unidos,350000000.00,COR USD Arcor C1 (RC1CO),USD,USD,,34.00%,1.29,,1.29,,,,1.00,7.60%,1.29%,4522000.00,,4522000.00,360.00,180.00
2033-03-30T00:00:00.000Z,25,2033-03-30T00:00:00.000Z,YPF,YMCJO,Nueva York,Estados Unidos,575649021.00,COR USD YPF C18 (YMCJO),USD,USD,,25.00%,0.88,,0.88,,,,1.00,7.00%,0.88%,5036928.93,,5036928.93,360.00,180.00
2033-03-31T00:00:00.000Z,58,2033-03-31T00:00:00.000Z,Argentina,PAP0,Argentina,Argentina,11245518.00,GOB ARS ARG Boncer (PAP0),ARS,ARS,5.00%,60.00%,431.63,2677.62,3109.25,CER,,535.52,1.00,2.48%,0.81%,48539292.49,301112239.07,349651531.56,360.00,180.00
2033-03-31T00:00:00.000Z,58,2033-03-31T00:00:00.000Z,Argentina,PARP,Argentina,Argentina,2858331172.00,GOB ARS ARG Boncer (PARP),ARS,ARS,5.00%,60.00%,431.63,2677.62,3109.25,CER,,535.52,1.00,2.48%,0.81%,12337481722.65,76535247127.71,88872728850.36,360.00,180.00
2033-03-31T00:00:00.000Z,48,2033-03-31T00:00:00.000Z,Argentina,PAY0,Nueva York,Estados Unidos,35014186.00,GOB USD ARG (PAY0),USD,USD,5.00%,60.00%,1.71,5.00,6.71,,,,1.00,5.25%,1.71%,597429.55,1750709.30,2348138.85,360.00,180.00
2033-03-31T00:00:00.000Z,16,2033-03-31T00:00:00.000Z,IRSA,IRCPO,Nueva York,Estados Unidos,480454198.00,COR USD IRSA C24 (IRCPO),USD,USD,33.00%,67.00%,4.00,33.00,37.00,,,,1.00,8.00%,4.00%,19218167.92,158549885.34,177768053.26,360.00,180.00
2033-04-08T00:00:00.000Z,14,2033-04-08T00:00:00.000Z,Vista Energy Argentina,VSCXO,Nueva York,Estados Unidos,500000000.00,COR USD Vista Energy Argentina C31 (VSCXO),USD,USD,,100.00%,3.94,,3.94,,,,1.00,7.88%,3.94%,19687500.00,,19687500.00,360.00,180.00
2033-04-28T00:00:00.000Z,14,2033-04-28T00:00:00.000Z,Edenor,DNCAO,Nueva York,Estados Unidos,550000000.00,COR USD Edenor C10 S1 (DNCAO),USD,USD,33.34%,,1.58,33.34,34.92,,,,1.00,9.50%,1.58%,8710075.00,183370000.00,192080075.00,360.00,180.00
2033-05-16T00:00:00.000Z,14,2033-05-14T00:00:00.000Z,Pampa Energia,MG1RO,Nueva York,Estados Unidos,500000000.00,COR USD Pampa Energia C26 Adicionales (MG1RO),USD,USD,,100.00%,3.88,,3.88,,,,1.00,7.75%,3.88%,19375000.00,,19375000.00,360.00,180.00
2033-05-16T00:00:00.000Z,15,2033-05-14T00:00:00.000Z,Pampa Energia,MGCRO,Nueva York,Estados Unidos,450000000.00,COR USD Pampa Energia C26 (MGCRO),USD,USD,,100.00%,3.88,,3.88,,,,1.00,7.75%,3.88%,17437500.00,,17437500.00,360.00,180.00
2033-05-20T00:00:00.000Z,15,2033-05-20T00:00:00.000Z,Transportadora de Gas del Sur,TSC4O,Nueva York,Estados Unidos,500000000.00,COR USD Transportadora de Gas del Sur C4 (TSC4O),USD,USD,,100.00%,3.88,,3.88,,,,1.00,7.75%,3.88%,19375000.00,,19375000.00,360.00,180.00
2033-05-30T00:00:00.000Z,16,2033-05-28T00:00:00.000Z,Telecom Argentina,TLCPO,Nueva York,Estados Unidos,1000000000.00,COR USD Telecom Argentina C24 (TLCPO),USD,USD,50.00%,,2.31,50.00,52.31,,,,1.00,9.25%,2.31%,23125000.00,500000000.00,523125000.00,360.00,180.00
2033-06-02T00:00:00.000Z,15,2033-06-02T00:00:00.000Z,Genneia,GN49O,Nueva York,Estados Unidos,400000000.00,COR USD Genneia C49 (GN49O),USD,USD,,34.00%,1.32,,1.32,,,,1.00,7.75%,1.32%,5270000.00,,5270000.00,360.00,180.00
2033-06-10T00:00:00.000Z,17,2033-06-10T00:00:00.000Z,Clisa,CLI1O,Nueva York,Estados Unidos,74985749.00,COR USD Clisa C1 (CLI1O),USD,USD,,100.00%,3.50,,3.50,,,,1.00,7.00%,3.50%,2624501.22,,2624501.22,360.00,180.00
2033-06-10T00:00:00.000Z,17,2033-06-10T00:00:00.000Z,Vista Energy Argentina,VSCTO,Nueva York,Estados Unidos,600000000.00,COR USD Vista Energy Argentina C27 (VSCTO),USD,USD,,100.00%,3.81,,3.81,,,,1.00,7.63%,3.81%,22875000.00,,22875000.00,360.00,180.00
2033-06-10T00:00:00.000Z,16,2033-06-10T00:00:00.000Z,Vista Energy Argentina,VSCVO,Nueva York,Estados Unidos,900000000.00,COR USD Vista Energy Argentina C29 (VSCVO),USD,USD,34.00%,,1.45,34.00,35.45,,,,1.00,8.50%,1.45%,13005000.00,306000000.00,319005000.00,360.00,180.00
2033-06-15T00:00:00.000Z,31,2033-06-15T00:00:00.000Z,YPF,YCANO,Nueva York,Estados Unidos,536612500.00,COR USD YPF 15-12-47,USD,USD,,100.00%,3.50,,3.50,,,,1.00,7.00%,3.50%,18781437.50,,18781437.50,360.00,180.00
2033-06-16T00:00:00.000Z,17,2033-06-16T00:00:00.000Z,Pampa Energia,MGCOO,Nueva York,Estados Unidos,700000000.00,COR USD Pampa Energia C23 (MGCOO),USD,USD,,100.00%,3.94,,3.94,,,,1.00,7.88%,3.94%,27562500.00,,27562500.00,360.00,180.00
2033-06-30T00:00:00.000Z,59,2033-06-30T00:00:00.000Z,Argentina,DICP,Argentina,Argentina,4243693957.00,GOB ARS ARG Boncer (DICP),ARS,ARS,5.00%,5.00%,198.24,3400.41,3598.65,CER,,535.52,1.27,5.83%,0.37%,8412852522.08,144302790834.65,152715643356.73,360.00,180.00
2033-06-30T00:00:00.000Z,59,2033-06-30T00:00:00.000Z,Argentina,DIP0,Argentina,Argentina,125510513.00,GOB ARS ARG Boncer (DIP0),ARS,ARS,5.00%,5.00%,198.24,3400.41,3598.65,CER,,535.52,1.27,5.83%,0.37%,248816584.45,4267866035.70,4516682620.15,360.00,180.00
2033-06-30T00:00:00.000Z,59,2033-06-30T00:00:00.000Z,Argentina,CUAP,Argentina,Argentina,23434050685.00,GOB ARS ARG (CUAP),ARS,ARS,,100.00%,1230.70,,1230.70,CER,,535.52,1.39,3.31%,2.30%,288402364978.42,,288402364978.42,360.00,180.00
2033-07-11T00:00:00.000Z,25,2033-07-09T00:00:00.000Z,Argentina,GD35,Nueva York,Estados Unidos,20436350000.00,GOB USD ARG Birad (GD35),USD,USD,10.00%,40.00%,1.25,10.00,11.25,,,,1.00,5.00%,1.25%,255454375.00,2043635000.00,2299089375.00,360.00,180.00
2033-07-11T00:00:00.000Z,25,2033-07-09T00:00:00.000Z,Argentina,GD38,Nueva York,Estados Unidos,10063292000.00,GOB USD ARG Birad (GD38),USD,USD,4.55%,40.91%,1.14,4.55,5.68,,,,1.00,5.00%,1.14%,114355577.19,457422363.64,571777940.82,360.00,180.00
2033-07-11T00:00:00.000Z,25,2033-07-09T00:00:00.000Z,Argentina,GD41,Nueva York,Estados Unidos,10482111279.00,GOB USD ARG Birad (GD41),USD,USD,3.57%,57.14%,1.48,3.57,5.05,,,,1.00,4.88%,1.48%,155125875.86,374361117.11,529486992.96,360.00,180.00
2033-07-11T00:00:00.000Z,25,2033-07-09T00:00:00.000Z,Argentina,GD46,Nueva York,Estados Unidos,2091997124.00,GOB USD ARG Birad (GD46),USD,USD,2.27%,59.09%,1.53,2.27,3.81,,,,1.00,5.00%,1.53%,32093140.12,47545389.18,79638529.30,360.00,180.00
2033-07-11T00:00:00.000Z,25,2033-07-09T00:00:00.000Z,Argentina,AE38,Argentina,Argentina,12324977546.00,GOB USD ARG Bonar (AE38),USD,USD,4.55%,40.91%,1.14,4.55,5.68,,,,1.00,5.00%,1.14%,140056546.22,560226308.11,700282854.33,360.00,180.00
2033-07-11T00:00:00.000Z,25,2033-07-09T00:00:00.000Z,Argentina,AL35,Argentina,Argentina,20243999549.00,GOB USD ARG Bonar (AL35),USD,USD,10.00%,40.00%,1.25,10.00,11.25,,,,1.00,5.00%,1.25%,253049994.36,2024399954.90,2277449949.26,360.00,180.00
2033-07-11T00:00:00.000Z,25,2033-07-09T00:00:00.000Z,Argentina,AL41,Argentina,Argentina,1542233749.00,GOB USD ARG Bonar (AL41),USD,USD,3.57%,57.14%,1.48,3.57,5.05,,,,1.00,4.88%,1.48%,22823680.72,55079776.75,77903457.47,360.00,180.00
2033-07-15T00:00:00.000Z,15,2033-07-15T00:00:00.000Z,Pan American Energy,PN43O,Nueva York,Estados Unidos,375000000.00,COR USD Pan American Energy C43 (PN43O),USD,USD,,100.00%,3.88,,3.88,,,,1.00,7.75%,3.88%,14531250.00,,14531250.00,360.00,180.00
2033-07-18T00:00:00.000Z,15,2033-07-17T00:00:00.000Z,YPF,Y134O,Nueva York,Estados Unidos,,COR USD YPF C34 Adicionales (Y134O),USD,USD,,40.00%,1.65,,1.65,,,,1.00,8.25%,1.65%,,,,360.00,180.00
2033-07-18T00:00:00.000Z,17,2033-07-17T00:00:00.000Z,YPF,YM34O,Nueva York,Estados Unidos,1650000000.00,COR USD YPF C34 (YM34O),USD,USD,,40.00%,1.65,,1.65,,,,1.00,8.25%,1.65%,27225000.00,,27225000.00,360.00,180.00
2033-07-20T00:00:00.000Z,15,2033-07-20T00:00:00.000Z,Telecom Argentina,TLCTO,Nueva York,Estados Unidos,600000000.00,COR USD Telecom Argentina C27 (TLCTO),USD,USD,,100.00%,4.25,,4.25,,,,1.00,8.50%,4.25%,25500000.00,,25500000.00,360.00,180.00
2033-08-01T00:00:00.000Z,16,2033-07-31T00:00:00.000Z,Arcor,RC1CO,Nueva York,Estados Unidos,350000000.00,COR USD Arcor C1 (RC1CO),USD,USD,34.00%,,1.29,34.00,35.29,,,,1.00,7.60%,1.29%,4522000.00,119000000.00,123522000.00,360.00,180.00
2033-09-30T00:00:00.000Z,59,2033-09-30T00:00:00.000Z,Argentina,PAP0,Argentina,Argentina,11245518.00,GOB ARS ARG Boncer (PAP0),ARS,ARS,5.00%,55.00%,398.43,2677.62,3076.05,CER,,535.52,1.00,2.48%,0.74%,44805500.50,301112239.07,345917739.57,360.00,180.00
2033-09-30T00:00:00.000Z,59,2033-09-30T00:00:00.000Z,Argentina,PARP,Argentina,Argentina,2858331172.00,GOB ARS ARG Boncer (PARP),ARS,ARS,5.00%,55.00%,398.43,2677.62,3076.05,CER,,535.52,1.00,2.48%,0.74%,11388444601.10,76535247127.71,87923691728.81,360.00,180.00
2033-09-30T00:00:00.000Z,49,2033-09-30T00:00:00.000Z,Argentina,PAY0,Nueva York,Estados Unidos,35014186.00,GOB USD ARG (PAY0),USD,USD,5.00%,55.00%,1.58,5.00,6.58,,,,1.00,5.25%,1.58%,551473.43,1750709.30,2302182.73,360.00,180.00
2033-09-30T00:00:00.000Z,17,2033-09-30T00:00:00.000Z,IRSA,IRCPO,Nueva York,Estados Unidos,480454198.00,COR USD IRSA C24 (IRCPO),USD,USD,,67.00%,2.68,,2.68,,,,1.00,8.00%,2.68%,12876172.51,,12876172.51,360.00,180.00
2033-09-30T00:00:00.000Z,26,2033-09-30T00:00:00.000Z,YPF,YMCJO,Nueva York,Estados Unidos,575649021.00,COR USD YPF C18 (YMCJO),USD,USD,25.00%,,0.88,25.00,25.88,,,,1.00,7.00%,0.88%,5036928.93,143912255.25,148949184.18,360.00,180.00
2033-10-11T00:00:00.000Z,15,2033-10-08T00:00:00.000Z,Vista Energy Argentina,VSCXO,Nueva York,Estados Unidos,500000000.00,COR USD Vista Energy Argentina C31 (VSCXO),USD,USD,,100.00%,3.94,,3.94,,,,1.00,7.88%,3.94%,19687500.00,,19687500.00,360.00,180.00
2033-11-14T00:00:00.000Z,15,2033-11-14T00:00:00.000Z,Pampa Energia,MG1RO,Nueva York,Estados Unidos,500000000.00,COR USD Pampa Energia C26 Adicionales (MG1RO),USD,USD,,100.00%,3.88,,3.88,,,,1.00,7.75%,3.88%,19375000.00,,19375000.00,360.00,180.00
2033-11-14T00:00:00.000Z,16,2033-11-14T00:00:00.000Z,Pampa Energia,MGCRO,Nueva York,Estados Unidos,450000000.00,COR USD Pampa Energia C26 (MGCRO),USD,USD,,100.00%,3.88,,3.88,,,,1.00,7.75%,3.88%,17437500.00,,17437500.00,360.00,180.00
2033-11-21T00:00:00.000Z,16,2033-11-20T00:00:00.000Z,Transportadora de Gas del Sur,TSC4O,Nueva York,Estados Unidos,500000000.00,COR USD Transportadora de Gas del Sur C4 (TSC4O),USD,USD,,100.00%,3.88,,3.88,,,,1.00,7.75%,3.88%,19375000.00,,19375000.00,360.00,180.00
2033-12-02T00:00:00.000Z,16,2033-12-02T00:00:00.000Z,Genneia,GN49O,Nueva York,Estados Unidos,400000000.00,COR USD Genneia C49 (GN49O),USD,USD,34.00%,,1.32,34.00,35.32,,,,1.00,7.75%,1.32%,5270000.00,136000000.00,141270000.00,360.00,180.00
2033-12-12T00:00:00.000Z,18,2033-12-10T00:00:00.000Z,Clisa,CLI1O,Nueva York,Estados Unidos,74985749.00,COR USD Clisa C1 (CLI1O),USD,USD,,100.00%,3.50,,3.50,,,,1.00,7.00%,3.50%,2624501.22,,2624501.22,360.00,180.00
2033-12-12T00:00:00.000Z,18,2033-12-10T00:00:00.000Z,Vista Energy Argentina,VSCTO,Nueva York,Estados Unidos,600000000.00,COR USD Vista Energy Argentina C27 (VSCTO),USD,USD,33.00%,67.00%,3.81,33.00,36.81,,,,1.00,7.63%,3.81%,22875000.00,198000000.00,220875000.00,360.00,180.00
2033-12-15T00:00:00.000Z,32,2033-12-15T00:00:00.000Z,YPF,YCANO,Nueva York,Estados Unidos,536612500.00,COR USD YPF 15-12-47,USD,USD,,100.00%,3.50,,3.50,,,,1.00,7.00%,3.50%,18781437.50,,18781437.50,360.00,180.00
2033-12-16T00:00:00.000Z,18,2033-12-16T00:00:00.000Z,Pampa Energia,MGCOO,Nueva York,Estados Unidos,700000000.00,COR USD Pampa Energia C23 (MGCOO),USD,USD,,100.00%,3.94,,3.94,,,,1.00,7.88%,3.94%,27562500.00,,27562500.00,360.00,180.00
2034-01-02T00:00:00.000Z,60,2033-12-31T00:00:00.000Z,Argentina,DICP,Argentina,Argentina,4243693957.00,GOB ARS ARG Boncer (DICP),ARS,ARS,5.00%,,99.12,3400.41,3499.53,CER,,535.52,1.27,5.83%,0.19%,4206426261.04,144302790834.65,148509217095.69,360.00,180.00
2034-01-02T00:00:00.000Z,60,2033-12-31T00:00:00.000Z,Argentina,DIP0,Argentina,Argentina,125510513.00,GOB ARS ARG Boncer (DIP0),ARS,ARS,5.00%,,99.12,3400.41,3499.53,CER,,535.52,1.27,5.83%,0.19%,124408292.23,4267866035.70,4392274327.93,360.00,180.00
2034-01-02T00:00:00.000Z,60,2033-12-31T00:00:00.000Z,Argentina,CUAP,Argentina,Argentina,23434050685.00,GOB ARS ARG (CUAP),ARS,ARS,,100.00%,1230.70,,1230.70,CER,,535.52,1.39,3.31%,2.30%,288402364978.42,,288402364978.42,360.00,180.00
2034-01-09T00:00:00.000Z,26,2034-01-09T00:00:00.000Z,Argentina,GD35,Nueva York,Estados Unidos,20436350000.00,GOB USD ARG Birad (GD35),USD,USD,10.00%,30.00%,1.00,10.00,11.00,,,,1.00,5.00%,1.00%,204363500.00,2043635000.00,2247998500.00,360.00,180.00
2034-01-09T00:00:00.000Z,26,2034-01-09T00:00:00.000Z,Argentina,GD38,Nueva York,Estados Unidos,10063292000.00,GOB USD ARG Birad (GD38),USD,USD,4.55%,36.36%,1.02,4.55,5.57,,,,1.00,5.00%,1.02%,102920016.95,457422363.64,560342380.59,360.00,180.00
2034-01-09T00:00:00.000Z,26,2034-01-09T00:00:00.000Z,Argentina,GD41,Nueva York,Estados Unidos,10482111279.00,GOB USD ARG Birad (GD41),USD,USD,3.57%,53.57%,1.39,3.57,4.96,,,,1.00,4.88%,1.39%,146000822.53,374361117.11,520361939.64,360.00,180.00
2034-01-09T00:00:00.000Z,26,2034-01-09T00:00:00.000Z,Argentina,GD46,Nueva York,Estados Unidos,2091997124.00,GOB USD ARG Birad (GD46),USD,USD,2.27%,56.82%,1.48,2.27,3.75,,,,1.00,5.00%,1.48%,30904505.54,47545389.18,78449894.72,360.00,180.00
2034-01-09T00:00:00.000Z,26,2034-01-09T00:00:00.000Z,Argentina,AE38,Argentina,Argentina,12324977546.00,GOB USD ARG Bonar (AE38),USD,USD,4.55%,36.36%,1.02,4.55,5.57,,,,1.00,5.00%,1.02%,126050888.51,560226308.11,686277196.63,360.00,180.00
2034-01-09T00:00:00.000Z,26,2034-01-09T00:00:00.000Z,Argentina,AL35,Argentina,Argentina,20243999549.00,GOB USD ARG Bonar (AL35),USD,USD,10.00%,30.00%,1.00,10.00,11.00,,,,1.00,5.00%,1.00%,202439995.49,2024399954.90,2226839950.39,360.00,180.00
2034-01-09T00:00:00.000Z,26,2034-01-09T00:00:00.000Z,Argentina,AL41,Argentina,Argentina,1542233749.00,GOB USD ARG Bonar (AL41),USD,USD,3.57%,53.57%,1.39,3.57,4.96,,,,1.00,4.88%,1.39%,21481111.00,55079776.75,76560887.75,360.00,180.00
2034-01-16T00:00:00.000Z,16,2034-01-15T00:00:00.000Z,Pan American Energy,PN43O,Nueva York,Estados Unidos,375000000.00,COR USD Pan American Energy C43 (PN43O),USD,USD,,100.00%,3.88,,3.88,,,,1.00,7.75%,3.88%,14531250.00,,14531250.00,360.00,180.00
2034-01-17T00:00:00.000Z,16,2034-01-17T00:00:00.000Z,YPF,Y134O,Nueva York,Estados Unidos,,COR USD YPF C34 Adicionales (Y134O),USD,USD,40.00%,,1.65,40.00,41.65,,,,1.00,8.25%,1.65%,,,,360.00,180.00
2034-01-17T00:00:00.000Z,18,2034-01-17T00:00:00.000Z,YPF,YM34O,Nueva York,Estados Unidos,1650000000.00,COR USD YPF C34 (YM34O),USD,USD,40.00%,,1.65,40.00,41.65,,,,1.00,8.25%,1.65%,27225000.00,660000000.00,687225000.00,360.00,180.00
2034-01-20T00:00:00.000Z,16,2034-01-20T00:00:00.000Z,Telecom Argentina,TLCTO,Nueva York,Estados Unidos,600000000.00,COR USD Telecom Argentina C27 (TLCTO),USD,USD,,100.00%,4.25,,4.25,,,,1.00,8.50%,4.25%,25500000.00,,25500000.00,360.00,180.00
2034-03-31T00:00:00.000Z,60,2034-03-31T00:00:00.000Z,Argentina,PAP0,Argentina,Argentina,11245518.00,GOB ARS ARG Boncer (PAP0),ARS,ARS,5.00%,50.00%,365.23,2677.62,3042.85,CER,,535.52,1.00,2.48%,0.68%,41071708.51,301112239.07,342183947.58,360.00,180.00
2034-03-31T00:00:00.000Z,60,2034-03-31T00:00:00.000Z,Argentina,PARP,Argentina,Argentina,2858331172.00,GOB ARS ARG Boncer (PARP),ARS,ARS,5.00%,50.00%,365.23,2677.62,3042.85,CER,,535.52,1.00,2.48%,0.68%,10439407479.55,76535247127.71,86974654607.26,360.00,180.00
2034-03-31T00:00:00.000Z,50,2034-03-31T00:00:00.000Z,Argentina,PAY0,Nueva York,Estados Unidos,35014186.00,GOB USD ARG (PAY0),USD,USD,5.00%,50.00%,1.44,5.00,6.44,,,,1.00,5.25%,1.44%,505517.31,1750709.30,2256226.61,360.00,180.00
2034-03-31T00:00:00.000Z,18,2034-03-31T00:00:00.000Z,IRSA,IRCPO,Nueva York,Estados Unidos,480454198.00,COR USD IRSA C24 (IRCPO),USD,USD,33.00%,34.00%,2.68,33.00,35.68,,,,1.00,8.00%,2.68%,12876172.51,158549885.34,171426057.85,360.00,180.00
2034-04-10T00:00:00.000Z,16,2034-04-08T00:00:00.000Z,Vista Energy Argentina,VSCXO,Nueva York,Estados Unidos,500000000.00,COR USD Vista Energy Argentina C31 (VSCXO),USD,USD,,100.00%,3.94,,3.94,,,,1.00,7.88%,3.94%,19687500.00,,19687500.00,360.00,180.00
2034-05-15T00:00:00.000Z,16,2034-05-14T00:00:00.000Z,Pampa Energia,MG1RO,Nueva York,Estados Unidos,500000000.00,COR USD Pampa Energia C26 Adicionales (MG1RO),USD,USD,,100.00%,3.88,,3.88,,,,1.00,7.75%,3.88%,19375000.00,,19375000.00,360.00,180.00
2034-05-15T00:00:00.000Z,17,2034-05-14T00:00:00.000Z,Pampa Energia,MGCRO,Nueva York,Estados Unidos,450000000.00,COR USD Pampa Energia C26 (MGCRO),USD,USD,,100.00%,3.88,,3.88,,,,1.00,7.75%,3.88%,17437500.00,,17437500.00,360.00,180.00
2034-05-22T00:00:00.000Z,17,2034-05-20T00:00:00.000Z,Transportadora de Gas del Sur,TSC4O,Nueva York,Estados Unidos,500000000.00,COR USD Transportadora de Gas del Sur C4 (TSC4O),USD,USD,,100.00%,3.88,,3.88,,,,1.00,7.75%,3.88%,19375000.00,,19375000.00,360.00,180.00
2034-06-12T00:00:00.000Z,19,2034-06-10T00:00:00.000Z,Clisa,CLI1O,Nueva York,Estados Unidos,74985749.00,COR USD Clisa C1 (CLI1O),USD,USD,,100.00%,3.50,,3.50,,,,1.00,7.00%,3.50%,2624501.22,,2624501.22,360.00,180.00
2034-06-12T00:00:00.000Z,19,2034-06-10T00:00:00.000Z,Vista Energy Argentina,VSCTO,Nueva York,Estados Unidos,600000000.00,COR USD Vista Energy Argentina C27 (VSCTO),USD,USD,,67.00%,2.55,,2.55,,,,1.00,7.63%,2.55%,15326250.00,,15326250.00,360.00,180.00
2034-06-15T00:00:00.000Z,33,2034-06-15T00:00:00.000Z,YPF,YCANO,Nueva York,Estados Unidos,536612500.00,COR USD YPF 15-12-47,USD,USD,,100.00%,3.50,,3.50,,,,1.00,7.00%,3.50%,18781437.50,,18781437.50,360.00,180.00
2034-06-16T00:00:00.000Z,19,2034-06-16T00:00:00.000Z,Pampa Energia,MGCOO,Nueva York,Estados Unidos,700000000.00,COR USD Pampa Energia C23 (MGCOO),USD,USD,,100.00%,3.94,,3.94,,,,1.00,7.88%,3.94%,27562500.00,,27562500.00,360.00,180.00
2034-06-30T00:00:00.000Z,61,2034-06-30T00:00:00.000Z,Argentina,CUAP,Argentina,Argentina,23434050685.00,GOB ARS ARG (CUAP),ARS,ARS,,100.00%,1230.70,,1230.70,CER,,535.52,1.39,3.31%,2.30%,288402364978.42,,288402364978.42,360.00,180.00
2034-07-10T00:00:00.000Z,27,2034-07-09T00:00:00.000Z,Argentina,GD35,Nueva York,Estados Unidos,20436350000.00,GOB USD ARG Birad (GD35),USD,USD,10.00%,20.00%,0.75,10.00,10.75,,,,1.00,5.00%,0.75%,153272625.00,2043635000.00,2196907625.00,360.00,180.00
2034-07-10T00:00:00.000Z,27,2034-07-09T00:00:00.000Z,Argentina,GD38,Nueva York,Estados Unidos,10063292000.00,GOB USD ARG Birad (GD38),USD,USD,4.55%,31.82%,0.91,4.55,5.45,,,,1.00,5.00%,0.91%,91484456.72,457422363.64,548906820.35,360.00,180.00
2034-07-10T00:00:00.000Z,27,2034-07-09T00:00:00.000Z,Argentina,GD41,Nueva York,Estados Unidos,10482111279.00,GOB USD ARG Birad (GD41),USD,USD,3.57%,50.00%,1.31,3.57,4.88,,,,1.00,4.88%,1.31%,136875769.21,374361117.11,511236886.31,360.00,180.00
2034-07-10T00:00:00.000Z,27,2034-07-09T00:00:00.000Z,Argentina,GD46,Nueva York,Estados Unidos,2091997124.00,GOB USD ARG Birad (GD46),USD,USD,2.27%,54.55%,1.42,2.27,3.69,,,,1.00,5.00%,1.42%,29715870.95,47545389.18,77261260.13,360.00,180.00
2034-07-10T00:00:00.000Z,27,2034-07-09T00:00:00.000Z,Argentina,AE38,Argentina,Argentina,12324977546.00,GOB USD ARG Bonar (AE38),USD,USD,4.55%,31.82%,0.91,4.55,5.45,,,,1.00,5.00%,0.91%,112045230.81,560226308.11,672271538.92,360.00,180.00
2034-07-10T00:00:00.000Z,27,2034-07-09T00:00:00.000Z,Argentina,AL35,Argentina,Argentina,20243999549.00,GOB USD ARG Bonar (AL35),USD,USD,10.00%,20.00%,0.75,10.00,10.75,,,,1.00,5.00%,0.75%,151829996.62,2024399954.90,2176229951.52,360.00,180.00
2034-07-10T00:00:00.000Z,27,2034-07-09T00:00:00.000Z,Argentina,AL41,Argentina,Argentina,1542233749.00,GOB USD ARG Bonar (AL41),USD,USD,3.57%,50.00%,1.31,3.57,4.88,,,,1.00,4.88%,1.31%,20138541.28,55079776.75,75218318.03,360.00,180.00
2034-07-17T00:00:00.000Z,17,2034-07-15T00:00:00.000Z,Pan American Energy,PN43O,Nueva York,Estados Unidos,375000000.00,COR USD Pan American Energy C43 (PN43O),USD,USD,,100.00%,3.88,,3.88,,,,1.00,7.75%,3.88%,14531250.00,,14531250.00,360.00,180.00
2034-07-20T00:00:00.000Z,17,2034-07-20T00:00:00.000Z,Telecom Argentina,TLCTO,Nueva York,Estados Unidos,600000000.00,COR USD Telecom Argentina C27 (TLCTO),USD,USD,,100.00%,4.25,,4.25,,,,1.00,8.50%,4.25%,25500000.00,,25500000.00,360.00,180.00
2034-10-02T00:00:00.000Z,61,2034-09-30T00:00:00.000Z,Argentina,PAP0,Argentina,Argentina,11245518.00,GOB ARS ARG Boncer (PAP0),ARS,ARS,5.00%,45.00%,332.02,2677.62,3009.64,CER,,535.52,1.00,2.48%,0.62%,37337917.64,301112239.07,338450156.72,360.00,180.00
2034-10-02T00:00:00.000Z,61,2034-09-30T00:00:00.000Z,Argentina,PARP,Argentina,Argentina,2858331172.00,GOB ARS ARG Boncer (PARP),ARS,ARS,5.00%,45.00%,332.02,2677.62,3009.64,CER,,535.52,1.00,2.48%,0.62%,9490370643.84,76535247127.71,86025617771.54,360.00,180.00
2034-10-02T00:00:00.000Z,51,2034-09-30T00:00:00.000Z,Argentina,PAY0,Nueva York,Estados Unidos,35014186.00,GOB USD ARG (PAY0),USD,USD,5.00%,45.00%,1.31,5.00,6.31,,,,1.00,5.25%,1.31%,459561.19,1750709.30,2210270.49,360.00,180.00
2034-10-02T00:00:00.000Z,19,2034-09-30T00:00:00.000Z,IRSA,IRCPO,Nueva York,Estados Unidos,480454198.00,COR USD IRSA C24 (IRCPO),USD,USD,,34.00%,1.36,,1.36,,,,1.00,8.00%,1.36%,6534177.09,,6534177.09,360.00,180.00
2034-10-09T00:00:00.000Z,17,2034-10-08T00:00:00.000Z,Vista Energy Argentina,VSCXO,Nueva York,Estados Unidos,500000000.00,COR USD Vista Energy Argentina C31 (VSCXO),USD,USD,,100.00%,3.94,,3.94,,,,1.00,7.88%,3.94%,19687500.00,,19687500.00,360.00,180.00
2034-11-14T00:00:00.000Z,17,2034-11-14T00:00:00.000Z,Pampa Energia,MG1RO,Nueva York,Estados Unidos,500000000.00,COR USD Pampa Energia C26 Adicionales (MG1RO),USD,USD,,100.00%,3.88,,3.88,,,,1.00,7.75%,3.88%,19375000.00,,19375000.00,360.00,180.00
2034-11-14T00:00:00.000Z,18,2034-11-14T00:00:00.000Z,Pampa Energia,MGCRO,Nueva York,Estados Unidos,450000000.00,COR USD Pampa Energia C26 (MGCRO),USD,USD,,100.00%,3.88,,3.88,,,,1.00,7.75%,3.88%,17437500.00,,17437500.00,360.00,180.00
2034-11-21T00:00:00.000Z,18,2034-11-20T00:00:00.000Z,Transportadora de Gas del Sur,TSC4O,Nueva York,Estados Unidos,500000000.00,COR USD Transportadora de Gas del Sur C4 (TSC4O),USD,USD,,100.00%,3.88,,3.88,,,,1.00,7.75%,3.88%,19375000.00,,19375000.00,360.00,180.00
2034-12-11T00:00:00.000Z,20,2034-12-10T00:00:00.000Z,Clisa,CLI1O,Nueva York,Estados Unidos,74985749.00,COR USD Clisa C1 (CLI1O),USD,USD,100.00%,,3.50,100.00,103.50,,,,1.00,7.00%,3.50%,2624501.22,74985749.00,77610250.22,360.00,180.00
2034-12-11T00:00:00.000Z,20,2034-12-10T00:00:00.000Z,Vista Energy Argentina,VSCTO,Nueva York,Estados Unidos,600000000.00,COR USD Vista Energy Argentina C27 (VSCTO),USD,USD,33.00%,34.00%,2.55,33.00,35.55,,,,1.00,7.63%,2.55%,15326250.00,198000000.00,213326250.00,360.00,180.00
2034-12-15T00:00:00.000Z,34,2034-12-15T00:00:00.000Z,YPF,YCANO,Nueva York,Estados Unidos,536612500.00,COR USD YPF 15-12-47,USD,USD,,100.00%,3.50,,3.50,,,,1.00,7.00%,3.50%,18781437.50,,18781437.50,360.00,180.00
2034-12-18T00:00:00.000Z,20,2034-12-16T00:00:00.000Z,Pampa Energia,MGCOO,Nueva York,Estados Unidos,700000000.00,COR USD Pampa Energia C23 (MGCOO),USD,USD,100.00%,,3.94,100.00,103.94,,,,1.00,7.88%,3.94%,27562500.00,700000000.00,727562500.00,360.00,180.00
2035-01-02T00:00:00.000Z,62,2034-12-31T00:00:00.000Z,Argentina,CUAP,Argentina,Argentina,23434050685.00,GOB ARS ARG (CUAP),ARS,ARS,,100.00%,1230.70,,1230.70,CER,,535.52,1.39,3.31%,2.30%,288402364978.42,,288402364978.42,360.00,180.00
2035-01-09T00:00:00.000Z,28,2035-01-09T00:00:00.000Z,Argentina,GD35,Nueva York,Estados Unidos,20436350000.00,GOB USD ARG Birad (GD35),USD,USD,10.00%,10.00%,0.50,10.00,10.50,,,,1.00,5.00%,0.50%,102181750.00,2043635000.00,2145816750.00,360.00,180.00
2035-01-09T00:00:00.000Z,28,2035-01-09T00:00:00.000Z,Argentina,GD38,Nueva York,Estados Unidos,10063292000.00,GOB USD ARG Birad (GD38),USD,USD,4.55%,27.27%,0.80,4.55,5.34,,,,1.00,5.00%,0.80%,80048896.48,457422363.64,537471260.12,360.00,180.00
2035-01-09T00:00:00.000Z,28,2035-01-09T00:00:00.000Z,Argentina,GD41,Nueva York,Estados Unidos,10482111279.00,GOB USD ARG Birad (GD41),USD,USD,3.57%,46.43%,1.22,3.57,4.79,,,,1.00,4.88%,1.22%,127750715.88,374361117.11,502111832.99,360.00,180.00
2035-01-09T00:00:00.000Z,28,2035-01-09T00:00:00.000Z,Argentina,GD46,Nueva York,Estados Unidos,2091997124.00,GOB USD ARG Birad (GD46),USD,USD,2.27%,52.27%,1.36,2.27,3.64,,,,1.00,5.00%,1.36%,28527236.36,47545389.18,76072625.54,360.00,180.00
2035-01-09T00:00:00.000Z,28,2035-01-09T00:00:00.000Z,Argentina,AE38,Argentina,Argentina,12324977546.00,GOB USD ARG Bonar (AE38),USD,USD,4.55%,27.27%,0.80,4.55,5.34,,,,1.00,5.00%,0.80%,98039573.11,560226308.11,658265881.22,360.00,180.00
2035-01-09T00:00:00.000Z,28,2035-01-09T00:00:00.000Z,Argentina,AL35,Argentina,Argentina,20243999549.00,GOB USD ARG Bonar (AL35),USD,USD,10.00%,10.00%,0.50,10.00,10.50,,,,1.00,5.00%,0.50%,101219997.75,2024399954.90,2125619952.65,360.00,180.00
2035-01-09T00:00:00.000Z,28,2035-01-09T00:00:00.000Z,Argentina,AL41,Argentina,Argentina,1542233749.00,GOB USD ARG Bonar (AL41),USD,USD,3.57%,46.43%,1.22,3.57,4.79,,,,1.00,4.88%,1.22%,18795971.56,55079776.75,73875748.31,360.00,180.00
2035-01-15T00:00:00.000Z,18,2035-01-15T00:00:00.000Z,Pan American Energy,PN43O,Nueva York,Estados Unidos,375000000.00,COR USD Pan American Energy C43 (PN43O),USD,USD,33.00%,67.00%,3.88,33.00,36.88,,,,1.00,7.75%,3.88%,14531250.00,123750000.00,138281250.00,360.00,180.00
2035-01-22T00:00:00.000Z,18,2035-01-20T00:00:00.000Z,Telecom Argentina,TLCTO,Nueva York,Estados Unidos,600000000.00,COR USD Telecom Argentina C27 (TLCTO),USD,USD,50.00%,50.00%,4.25,50.00,54.25,,,,1.00,8.50%,4.25%,25500000.00,300000000.00,325500000.00,360.00,180.00
2035-04-03T00:00:00.000Z,62,2035-03-31T00:00:00.000Z,Argentina,PAP0,Argentina,Argentina,11245518.00,GOB ARS ARG Boncer (PAP0),ARS,ARS,5.00%,40.00%,298.82,2677.62,2976.44,CER,,535.52,1.00,2.48%,0.56%,33604125.66,301112239.07,334716364.73,360.00,180.00
2035-04-03T00:00:00.000Z,62,2035-03-31T00:00:00.000Z,Argentina,PARP,Argentina,Argentina,2858331172.00,GOB ARS ARG Boncer (PARP),ARS,ARS,5.00%,40.00%,298.82,2677.62,2976.44,CER,,535.52,1.00,2.48%,0.56%,8541333522.29,76535247127.71,85076580649.99,360.00,180.00
2035-04-03T00:00:00.000Z,52,2035-03-31T00:00:00.000Z,Argentina,PAY0,Nueva York,Estados Unidos,35014186.00,GOB USD ARG (PAY0),USD,USD,5.00%,40.00%,1.18,5.00,6.18,,,,1.00,5.25%,1.18%,413605.07,1750709.30,2164314.37,360.00,180.00
2035-04-03T00:00:00.000Z,20,2035-03-31T00:00:00.000Z,IRSA,IRCPO,Nueva York,Estados Unidos,480454198.00,COR USD IRSA C24 (IRCPO),USD,USD,34.00%,,1.36,34.00,35.36,,,,1.00,8.00%,1.36%,6534177.09,163354427.32,169888604.41,360.00,180.00
2035-04-09T00:00:00.000Z,18,2035-04-08T00:00:00.000Z,Vista Energy Argentina,VSCXO,Nueva York,Estados Unidos,500000000.00,COR USD Vista Energy Argentina C31 (VSCXO),USD,USD,,100.00%,3.94,,3.94,,,,1.00,7.88%,3.94%,19687500.00,,19687500.00,360.00,180.00
2035-05-14T00:00:00.000Z,18,2035-05-14T00:00:00.000Z,Pampa Energia,MG1RO,Nueva York,Estados Unidos,500000000.00,COR USD Pampa Energia C26 Adicionales (MG1RO),USD,USD,,100.00%,3.88,,3.88,,,,1.00,7.75%,3.88%,19375000.00,,19375000.00,360.00,180.00
2035-05-14T00:00:00.000Z,19,2035-05-14T00:00:00.000Z,Pampa Energia,MGCRO,Nueva York,Estados Unidos,450000000.00,COR USD Pampa Energia C26 (MGCRO),USD,USD,,100.00%,3.88,,3.88,,,,1.00,7.75%,3.88%,17437500.00,,17437500.00,360.00,180.00
2035-05-21T00:00:00.000Z,19,2035-05-20T00:00:00.000Z,Transportadora de Gas del Sur,TSC4O,Nueva York,Estados Unidos,500000000.00,COR USD Transportadora de Gas del Sur C4 (TSC4O),USD,USD,,100.00%,3.88,,3.88,,,,1.00,7.75%,3.88%,19375000.00,,19375000.00,360.00,180.00
2035-06-11T00:00:00.000Z,21,2035-06-10T00:00:00.000Z,Vista Energy Argentina,VSCTO,Nueva York,Estados Unidos,600000000.00,COR USD Vista Energy Argentina C27 (VSCTO),USD,USD,,34.00%,1.30,,1.30,,,,1.00,7.63%,1.30%,7777500.00,,7777500.00,360.00,180.00
2035-06-15T00:00:00.000Z,35,2035-06-15T00:00:00.000Z,YPF,YCANO,Nueva York,Estados Unidos,536612500.00,COR USD YPF 15-12-47,USD,USD,,100.00%,3.50,,3.50,,,,1.00,7.00%,3.50%,18781437.50,,18781437.50,360.00,180.00
2035-07-02T00:00:00.000Z,63,2035-06-30T00:00:00.000Z,Argentina,CUAP,Argentina,Argentina,23434050685.00,GOB ARS ARG (CUAP),ARS,ARS,,100.00%,1230.70,,1230.70,CER,,535.52,1.39,3.31%,2.30%,288402364978.42,,288402364978.42,360.00,180.00
2035-07-10T00:00:00.000Z,29,2035-07-09T00:00:00.000Z,Argentina,GD35,Nueva York,Estados Unidos,20436350000.00,GOB USD ARG Birad (GD35),USD,USD,10.00%,,0.25,10.00,10.25,,,,1.00,5.00%,0.25%,51090875.00,2043635000.00,2094725875.00,360.00,180.00
2035-07-10T00:00:00.000Z,29,2035-07-09T00:00:00.000Z,Argentina,GD38,Nueva York,Estados Unidos,10063292000.00,GOB USD ARG Birad (GD38),USD,USD,4.55%,22.73%,0.68,4.55,5.23,,,,1.00,5.00%,0.68%,68613336.25,457422363.64,526035699.88,360.00,180.00
2035-07-10T00:00:00.000Z,29,2035-07-09T00:00:00.000Z,Argentina,GD41,Nueva York,Estados Unidos,10482111279.00,GOB USD ARG Birad (GD41),USD,USD,3.57%,42.86%,1.13,3.57,4.70,,,,1.00,4.88%,1.13%,118625662.56,374361117.11,492986779.67,360.00,180.00
2035-07-10T00:00:00.000Z,29,2035-07-09T00:00:00.000Z,Argentina,GD46,Nueva York,Estados Unidos,2091997124.00,GOB USD ARG Birad (GD46),USD,USD,2.27%,50.00%,1.31,2.27,3.58,,,,1.00,5.00%,1.31%,27338601.77,47545389.18,74883990.96,360.00,180.00
2035-07-10T00:00:00.000Z,29,2035-07-09T00:00:00.000Z,Argentina,AE38,Argentina,Argentina,12324977546.00,GOB USD ARG Bonar (AE38),USD,USD,4.55%,22.73%,0.68,4.55,5.23,,,,1.00,5.00%,0.68%,84033915.40,560226308.11,644260223.52,360.00,180.00
2035-07-10T00:00:00.000Z,29,2035-07-09T00:00:00.000Z,Argentina,AL35,Argentina,Argentina,20243999549.00,GOB USD ARG Bonar (AL35),USD,USD,10.00%,,0.25,10.00,10.25,,,,1.00,5.00%,0.25%,50609998.87,2024399954.90,2075009953.77,360.00,180.00
2035-07-10T00:00:00.000Z,29,2035-07-09T00:00:00.000Z,Argentina,AL41,Argentina,Argentina,1542233749.00,GOB USD ARG Bonar (AL41),USD,USD,3.57%,42.86%,1.13,3.57,4.70,,,,1.00,4.88%,1.13%,17453401.84,55079776.75,72533178.59,360.00,180.00
2035-07-16T00:00:00.000Z,19,2035-07-15T00:00:00.000Z,Pan American Energy,PN43O,Nueva York,Estados Unidos,375000000.00,COR USD Pan American Energy C43 (PN43O),USD,USD,,67.00%,2.60,,2.60,,,,1.00,7.75%,2.60%,9735937.50,,9735937.50,360.00,180.00
2035-07-20T00:00:00.000Z,19,2035-07-20T00:00:00.000Z,Telecom Argentina,TLCTO,Nueva York,Estados Unidos,600000000.00,COR USD Telecom Argentina C27 (TLCTO),USD,USD,,50.00%,2.13,,2.13,,,,1.00,8.50%,2.13%,12750000.00,,12750000.00,360.00,180.00
2035-10-01T00:00:00.000Z,63,2035-09-30T00:00:00.000Z,Argentina,PAP0,Argentina,Argentina,11245518.00,GOB ARS ARG Boncer (PAP0),ARS,ARS,5.00%,35.00%,265.62,2677.62,2943.24,CER,,535.52,1.00,2.48%,0.50%,29870333.67,301112239.07,330982572.74,360.00,180.00
2035-10-01T00:00:00.000Z,63,2035-09-30T00:00:00.000Z,Argentina,PARP,Argentina,Argentina,2858331172.00,GOB ARS ARG Boncer (PARP),ARS,ARS,5.00%,35.00%,265.62,2677.62,2943.24,CER,,535.52,1.00,2.48%,0.50%,7592296400.74,76535247127.71,84127543528.44,360.00,180.00
2035-10-01T00:00:00.000Z,53,2035-09-30T00:00:00.000Z,Argentina,PAY0,Nueva York,Estados Unidos,35014186.00,GOB USD ARG (PAY0),USD,USD,5.00%,35.00%,1.05,5.00,6.05,,,,1.00,5.25%,1.05%,367648.95,1750709.30,2118358.25,360.00,180.00
2035-10-08T00:00:00.000Z,19,2035-10-08T00:00:00.000Z,Vista Energy Argentina,VSCXO,Nueva York,Estados Unidos,500000000.00,COR USD Vista Energy Argentina C31 (VSCXO),USD,USD,,100.00%,3.94,,3.94,,,,1.00,7.88%,3.94%,19687500.00,,19687500.00,360.00,180.00
2035-11-14T00:00:00.000Z,19,2035-11-14T00:00:00.000Z,Pampa Energia,MG1RO,Nueva York,Estados Unidos,500000000.00,COR USD Pampa Energia C26 Adicionales (MG1RO),USD,USD,,100.00%,3.88,,3.88,,,,1.00,7.75%,3.88%,19375000.00,,19375000.00,360.00,180.00
2035-11-14T00:00:00.000Z,20,2035-11-14T00:00:00.000Z,Pampa Energia,MGCRO,Nueva York,Estados Unidos,450000000.00,COR USD Pampa Energia C26 (MGCRO),USD,USD,,100.00%,3.88,,3.88,,,,1.00,7.75%,3.88%,17437500.00,,17437500.00,360.00,180.00
2035-11-20T00:00:00.000Z,20,2035-11-20T00:00:00.000Z,Transportadora de Gas del Sur,TSC4O,Nueva York,Estados Unidos,500000000.00,COR USD Transportadora de Gas del Sur C4 (TSC4O),USD,USD,100.00%,,3.88,100.00,103.88,,,,1.00,7.75%,3.88%,19375000.00,500000000.00,519375000.00,360.00,180.00
2035-12-10T00:00:00.000Z,22,2035-12-10T00:00:00.000Z,Vista Energy Argentina,VSCTO,Nueva York,Estados Unidos,600000000.00,COR USD Vista Energy Argentina C27 (VSCTO),USD,USD,34.00%,,1.30,34.00,35.30,,,,1.00,7.63%,1.30%,7777500.00,204000000.00,211777500.00,360.00,180.00
2035-12-17T00:00:00.000Z,36,2035-12-15T00:00:00.000Z,YPF,YCANO,Nueva York,Estados Unidos,536612500.00,COR USD YPF 15-12-47,USD,USD,,100.00%,3.50,,3.50,,,,1.00,7.00%,3.50%,18781437.50,,18781437.50,360.00,180.00
2035-12-31T00:00:00.000Z,64,2035-12-31T00:00:00.000Z,Argentina,CUAP,Argentina,Argentina,23434050685.00,GOB ARS ARG (CUAP),ARS,ARS,,100.00%,1230.70,,1230.70,CER,,535.52,1.39,3.31%,2.30%,288402364978.42,,288402364978.42,360.00,180.00
2036-01-09T00:00:00.000Z,30,2036-01-09T00:00:00.000Z,Argentina,GD38,Nueva York,Estados Unidos,10063292000.00,GOB USD ARG Birad (GD38),USD,USD,4.55%,18.18%,0.57,4.55,5.11,,,,1.00,5.00%,0.57%,57177776.01,457422363.64,514600139.65,360.00,180.00
2036-01-09T00:00:00.000Z,30,2036-01-09T00:00:00.000Z,Argentina,GD41,Nueva York,Estados Unidos,10482111279.00,GOB USD ARG Birad (GD41),USD,USD,3.57%,39.29%,1.04,3.57,4.62,,,,1.00,4.88%,1.04%,109500609.23,374361117.11,483861726.34,360.00,180.00
2036-01-09T00:00:00.000Z,30,2036-01-09T00:00:00.000Z,Argentina,GD46,Nueva York,Estados Unidos,2091997124.00,GOB USD ARG Birad (GD46),USD,USD,2.27%,47.73%,1.25,2.27,3.52,,,,1.00,5.00%,1.25%,26149967.19,47545389.18,73695356.37,360.00,180.00
2036-01-09T00:00:00.000Z,30,2036-01-09T00:00:00.000Z,Argentina,AE38,Argentina,Argentina,12324977546.00,GOB USD ARG Bonar (AE38),USD,USD,4.55%,18.18%,0.57,4.55,5.11,,,,1.00,5.00%,0.57%,70028257.70,560226308.11,630254565.82,360.00,180.00
2036-01-09T00:00:00.000Z,30,2036-01-09T00:00:00.000Z,Argentina,AL41,Argentina,Argentina,1542233749.00,GOB USD ARG Bonar (AL41),USD,USD,3.57%,39.29%,1.04,3.57,4.62,,,,1.00,4.88%,1.04%,16110832.12,55079776.75,71190608.87,360.00,180.00
2036-01-15T00:00:00.000Z,20,2036-01-15T00:00:00.000Z,Pan American Energy,PN43O,Nueva York,Estados Unidos,375000000.00,COR USD Pan American Energy C43 (PN43O),USD,USD,33.00%,34.00%,2.60,33.00,35.60,,,,1.00,7.75%,2.60%,9735937.50,123750000.00,133485937.50,360.00,180.00
2036-01-21T00:00:00.000Z,20,2036-01-20T00:00:00.000Z,Telecom Argentina,TLCTO,Nueva York,Estados Unidos,600000000.00,COR USD Telecom Argentina C27 (TLCTO),USD,USD,50.00%,,2.13,50.00,52.13,,,,1.00,8.50%,2.13%,12750000.00,300000000.00,312750000.00,360.00,180.00
2036-03-31T00:00:00.000Z,64,2036-03-31T00:00:00.000Z,Argentina,PAP0,Argentina,Argentina,11245518.00,GOB ARS ARG Boncer (PAP0),ARS,ARS,5.00%,30.00%,232.42,2677.62,2910.04,CER,,535.52,1.00,2.48%,0.43%,26136541.68,301112239.07,327248780.75,360.00,180.00
2036-03-31T00:00:00.000Z,64,2036-03-31T00:00:00.000Z,Argentina,PARP,Argentina,Argentina,2858331172.00,GOB ARS ARG Boncer (PARP),ARS,ARS,5.00%,30.00%,232.42,2677.62,2910.04,CER,,535.52,1.00,2.48%,0.43%,6643259279.19,76535247127.71,83178506406.89,360.00,180.00
2036-03-31T00:00:00.000Z,54,2036-03-31T00:00:00.000Z,Argentina,PAY0,Nueva York,Estados Unidos,35014186.00,GOB USD ARG (PAY0),USD,USD,5.00%,30.00%,0.92,5.00,5.92,,,,1.00,5.25%,0.92%,321692.83,1750709.30,2072402.13,360.00,180.00
2036-04-08T00:00:00.000Z,20,2036-04-08T00:00:00.000Z,Vista Energy Argentina,VSCXO,Nueva York,Estados Unidos,500000000.00,COR USD Vista Energy Argentina C31 (VSCXO),USD,USD,33.00%,67.00%,3.94,33.00,36.94,,,,1.00,7.88%,3.94%,19687500.00,165000000.00,184687500.00,360.00,180.00
2036-05-14T00:00:00.000Z,20,2036-05-14T00:00:00.000Z,Pampa Energia,MG1RO,Nueva York,Estados Unidos,500000000.00,COR USD Pampa Energia C26 Adicionales (MG1RO),USD,USD,,100.00%,3.88,,3.88,,,,1.00,7.75%,3.88%,19375000.00,,19375000.00,360.00,180.00
2036-05-14T00:00:00.000Z,21,2036-05-14T00:00:00.000Z,Pampa Energia,MGCRO,Nueva York,Estados Unidos,450000000.00,COR USD Pampa Energia C26 (MGCRO),USD,USD,,100.00%,3.88,,3.88,,,,1.00,7.75%,3.88%,17437500.00,,17437500.00,360.00,180.00
2036-06-17T00:00:00.000Z,37,2036-06-15T00:00:00.000Z,YPF,YCANO,Nueva York,Estados Unidos,536612500.00,COR USD YPF 15-12-47,USD,USD,,100.00%,3.50,,3.50,,,,1.00,7.00%,3.50%,18781437.50,,18781437.50,360.00,180.00
2036-06-30T00:00:00.000Z,65,2036-06-30T00:00:00.000Z,Argentina,CUAP,Argentina,Argentina,23434050685.00,GOB ARS ARG (CUAP),ARS,ARS,5.00%,95.00%,1230.70,3718.12,4948.82,CER,,535.52,1.39,3.31%,2.30%,288402364978.42,871306275307.05,1159708640285.47,360.00,180.00
2036-07-10T00:00:00.000Z,31,2036-07-09T00:00:00.000Z,Argentina,GD38,Nueva York,Estados Unidos,10063292000.00,GOB USD ARG Birad (GD38),USD,USD,4.55%,13.64%,0.45,4.55,5.00,,,,1.00,5.00%,0.45%,45742215.78,457422363.64,503164579.42,360.00,180.00
2036-07-10T00:00:00.000Z,31,2036-07-09T00:00:00.000Z,Argentina,GD41,Nueva York,Estados Unidos,10482111279.00,GOB USD ARG Birad (GD41),USD,USD,3.57%,35.71%,0.96,3.57,4.53,,,,1.00,4.88%,0.96%,100375555.91,374361117.11,474736673.02,360.00,180.00
2036-07-10T00:00:00.000Z,31,2036-07-09T00:00:00.000Z,Argentina,GD46,Nueva York,Estados Unidos,2091997124.00,GOB USD ARG Birad (GD46),USD,USD,2.27%,45.45%,1.19,2.27,3.47,,,,1.00,5.00%,1.19%,24961332.60,47545389.18,72506721.78,360.00,180.00
2036-07-10T00:00:00.000Z,31,2036-07-09T00:00:00.000Z,Argentina,AE38,Argentina,Argentina,12324977546.00,GOB USD ARG Bonar (AE38),USD,USD,4.55%,13.64%,0.45,4.55,5.00,,,,1.00,5.00%,0.45%,56022600.00,560226308.11,616248908.11,360.00,180.00
2036-07-10T00:00:00.000Z,31,2036-07-09T00:00:00.000Z,Argentina,AL41,Argentina,Argentina,1542233749.00,GOB USD ARG Bonar (AL41),USD,USD,3.57%,35.71%,0.96,3.57,4.53,,,,1.00,4.88%,0.96%,14768262.40,55079776.75,69848039.15,360.00,180.00
2036-07-15T00:00:00.000Z,21,2036-07-15T00:00:00.000Z,Pan American Energy,PN43O,Nueva York,Estados Unidos,375000000.00,COR USD Pan American Energy C43 (PN43O),USD,USD,,34.00%,1.32,,1.32,,,,1.00,7.75%,1.32%,4940625.00,,4940625.00,360.00,180.00
2036-09-30T00:00:00.000Z,65,2036-09-30T00:00:00.000Z,Argentina,PAP0,Argentina,Argentina,11245518.00,GOB ARS ARG Boncer (PAP0),ARS,ARS,5.00%,25.00%,199.21,2677.62,2876.83,CER,,535.52,1.00,2.48%,0.37%,22402749.69,301112239.07,323514988.76,360.00,180.00
2036-09-30T00:00:00.000Z,65,2036-09-30T00:00:00.000Z,Argentina,PARP,Argentina,Argentina,2858331172.00,GOB ARS ARG Boncer (PARP),ARS,ARS,5.00%,25.00%,199.21,2677.62,2876.83,CER,,535.52,1.00,2.48%,0.37%,5694222157.63,76535247127.71,82229469285.34,360.00,180.00
2036-09-30T00:00:00.000Z,55,2036-09-30T00:00:00.000Z,Argentina,PAY0,Nueva York,Estados Unidos,35014186.00,GOB USD ARG (PAY0),USD,USD,5.00%,25.00%,0.79,5.00,5.79,,,,1.00,5.25%,0.79%,275736.71,1750709.30,2026446.01,360.00,180.00
2036-10-08T00:00:00.000Z,21,2036-10-08T00:00:00.000Z,Vista Energy Argentina,VSCXO,Nueva York,Estados Unidos,500000000.00,COR USD Vista Energy Argentina C31 (VSCXO),USD,USD,,67.00%,2.64,,2.64,,,,1.00,7.88%,2.64%,13190625.00,,13190625.00,360.00,180.00
2036-11-14T00:00:00.000Z,21,2036-11-14T00:00:00.000Z,Pampa Energia,MG1RO,Nueva York,Estados Unidos,500000000.00,COR USD Pampa Energia C26 Adicionales (MG1RO),USD,USD,,100.00%,3.88,,3.88,,,,1.00,7.75%,3.88%,19375000.00,,19375000.00,360.00,180.00
2036-11-14T00:00:00.000Z,22,2036-11-14T00:00:00.000Z,Pampa Energia,MGCRO,Nueva York,Estados Unidos,450000000.00,COR USD Pampa Energia C26 (MGCRO),USD,USD,,100.00%,3.88,,3.88,,,,1.00,7.75%,3.88%,17437500.00,,17437500.00,360.00,180.00
2036-12-15T00:00:00.000Z,38,2036-12-15T00:00:00.000Z,YPF,YCANO,Nueva York,Estados Unidos,536612500.00,COR USD YPF 15-12-47,USD,USD,,100.00%,3.50,,3.50,,,,1.00,7.00%,3.50%,18781437.50,,18781437.50,360.00,180.00
2036-12-31T00:00:00.000Z,66,2036-12-31T00:00:00.000Z,Argentina,CUAP,Argentina,Argentina,23434050685.00,GOB ARS ARG (CUAP),ARS,ARS,5.00%,90.00%,1169.16,3718.12,4887.28,CER,,535.52,1.39,3.31%,2.18%,273982240636.65,871306275307.05,1145288515943.69,360.00,180.00
2037-01-09T00:00:00.000Z,32,2037-01-09T00:00:00.000Z,Argentina,GD38,Nueva York,Estados Unidos,10063292000.00,GOB USD ARG Birad (GD38),USD,USD,4.55%,9.09%,0.34,4.55,4.89,,,,1.00,5.00%,0.34%,34306655.55,457422363.64,491729019.18,360.00,180.00
2037-01-09T00:00:00.000Z,32,2037-01-09T00:00:00.000Z,Argentina,GD41,Nueva York,Estados Unidos,10482111279.00,GOB USD ARG Birad (GD41),USD,USD,3.57%,32.14%,0.87,3.57,4.44,,,,1.00,4.88%,0.87%,91250502.58,374361117.11,465611619.69,360.00,180.00
2037-01-09T00:00:00.000Z,32,2037-01-09T00:00:00.000Z,Argentina,GD46,Nueva York,Estados Unidos,2091997124.00,GOB USD ARG Birad (GD46),USD,USD,2.27%,43.18%,1.14,2.27,3.41,,,,1.00,5.00%,1.14%,23772698.01,47545389.18,71318087.20,360.00,180.00
2037-01-09T00:00:00.000Z,32,2037-01-09T00:00:00.000Z,Argentina,AE38,Argentina,Argentina,12324977546.00,GOB USD ARG Bonar (AE38),USD,USD,4.55%,9.09%,0.34,4.55,4.89,,,,1.00,5.00%,0.34%,42016942.30,560226308.11,602243250.41,360.00,180.00
2037-01-09T00:00:00.000Z,32,2037-01-09T00:00:00.000Z,Argentina,AL41,Argentina,Argentina,1542233749.00,GOB USD ARG Bonar (AL41),USD,USD,3.57%,32.14%,0.87,3.57,4.44,,,,1.00,4.88%,0.87%,13425692.68,55079776.75,68505469.43,360.00,180.00
2037-01-15T00:00:00.000Z,22,2037-01-15T00:00:00.000Z,Pan American Energy,PN43O,Nueva York,Estados Unidos,375000000.00,COR USD Pan American Energy C43 (PN43O),USD,USD,34.00%,,1.32,34.00,35.32,,,,1.00,7.75%,1.32%,4940625.00,127500000.00,132440625.00,360.00,180.00
2037-03-31T00:00:00.000Z,66,2037-03-31T00:00:00.000Z,Argentina,PAP0,Argentina,Argentina,11245518.00,GOB ARS ARG Boncer (PAP0),ARS,ARS,5.00%,20.00%,166.01,2677.62,2843.63,CER,,535.52,1.00,2.48%,0.31%,18668958.82,301112239.07,319781197.89,360.00,180.00
2037-03-31T00:00:00.000Z,66,2037-03-31T00:00:00.000Z,Argentina,PARP,Argentina,Argentina,2858331172.00,GOB ARS ARG Boncer (PARP),ARS,ARS,5.00%,20.00%,166.01,2677.62,2843.63,CER,,535.52,1.00,2.48%,0.31%,4745185321.92,76535247127.71,81280432449.62,360.00,180.00
2037-03-31T00:00:00.000Z,56,2037-03-31T00:00:00.000Z,Argentina,PAY0,Nueva York,Estados Unidos,35014186.00,GOB USD ARG (PAY0),USD,USD,5.00%,20.00%,0.66,5.00,5.66,,,,1.00,5.25%,0.66%,229780.60,1750709.30,1980489.90,360.00,180.00
2037-04-08T00:00:00.000Z,22,2037-04-08T00:00:00.000Z,Vista Energy Argentina,VSCXO,Nueva York,Estados Unidos,500000000.00,COR USD Vista Energy Argentina C31 (VSCXO),USD,USD,33.00%,34.00%,2.64,33.00,35.64,,,,1.00,7.88%,2.64%,13190625.00,165000000.00,178190625.00,360.00,180.00
2037-05-14T00:00:00.000Z,22,2037-05-14T00:00:00.000Z,Pampa Energia,MG1RO,Nueva York,Estados Unidos,500000000.00,COR USD Pampa Energia C26 Adicionales (MG1RO),USD,USD,,100.00%,3.88,,3.88,,,,1.00,7.75%,3.88%,19375000.00,,19375000.00,360.00,180.00
2037-05-14T00:00:00.000Z,23,2037-05-14T00:00:00.000Z,Pampa Energia,MGCRO,Nueva York,Estados Unidos,450000000.00,COR USD Pampa Energia C26 (MGCRO),USD,USD,,100.00%,3.88,,3.88,,,,1.00,7.75%,3.88%,17437500.00,,17437500.00,360.00,180.00
2037-06-16T00:00:00.000Z,39,2037-06-15T00:00:00.000Z,YPF,YCANO,Nueva York,Estados Unidos,536612500.00,COR USD YPF 15-12-47,USD,USD,,100.00%,3.50,,3.50,,,,1.00,7.00%,3.50%,18781437.50,,18781437.50,360.00,180.00
2037-06-30T00:00:00.000Z,67,2037-06-30T00:00:00.000Z,Argentina,CUAP,Argentina,Argentina,23434050685.00,GOB ARS ARG (CUAP),ARS,ARS,5.00%,85.00%,1107.63,3718.12,4825.75,CER,,535.52,1.39,3.31%,2.07%,259562116294.87,871306275307.05,1130868391601.92,360.00,180.00
2037-07-10T00:00:00.000Z,33,2037-07-09T00:00:00.000Z,Argentina,GD38,Nueva York,Estados Unidos,10063292000.00,GOB USD ARG Birad (GD38),USD,USD,4.55%,4.55%,0.23,4.55,4.77,,,,1.00,5.00%,0.23%,22871095.31,457422363.64,480293458.95,360.00,180.00
2037-07-10T00:00:00.000Z,33,2037-07-09T00:00:00.000Z,Argentina,GD41,Nueva York,Estados Unidos,10482111279.00,GOB USD ARG Birad (GD41),USD,USD,3.57%,28.57%,0.78,3.57,4.35,,,,1.00,4.88%,0.78%,82125449.26,374361117.11,456486566.37,360.00,180.00
2037-07-10T00:00:00.000Z,33,2037-07-09T00:00:00.000Z,Argentina,GD46,Nueva York,Estados Unidos,2091997124.00,GOB USD ARG Birad (GD46),USD,USD,2.27%,40.91%,1.08,2.27,3.35,,,,1.00,5.00%,1.08%,22584063.43,47545389.18,70129452.61,360.00,180.00
2037-07-10T00:00:00.000Z,33,2037-07-09T00:00:00.000Z,Argentina,AE38,Argentina,Argentina,12324977546.00,GOB USD ARG Bonar (AE38),USD,USD,4.55%,4.55%,0.23,4.55,4.77,,,,1.00,5.00%,0.23%,28011284.59,560226308.11,588237592.71,360.00,180.00
2037-07-10T00:00:00.000Z,33,2037-07-09T00:00:00.000Z,Argentina,AL41,Argentina,Argentina,1542233749.00,GOB USD ARG Bonar (AL41),USD,USD,3.57%,28.57%,0.78,3.57,4.35,,,,1.00,4.88%,0.78%,12083122.96,55079776.75,67162899.71,360.00,180.00
2037-09-30T00:00:00.000Z,67,2037-09-30T00:00:00.000Z,Argentina,PAP0,Argentina,Argentina,11245518.00,GOB ARS ARG Boncer (PAP0),ARS,ARS,5.00%,15.00%,132.81,2677.62,2810.43,CER,,535.52,1.00,2.48%,0.25%,14935166.83,301112239.07,316047405.90,360.00,180.00
2037-09-30T00:00:00.000Z,67,2037-09-30T00:00:00.000Z,Argentina,PARP,Argentina,Argentina,2858331172.00,GOB ARS ARG Boncer (PARP),ARS,ARS,5.00%,15.00%,132.81,2677.62,2810.43,CER,,535.52,1.00,2.48%,0.25%,3796148200.37,76535247127.71,80331395328.07,360.00,180.00
2037-09-30T00:00:00.000Z,57,2037-09-30T00:00:00.000Z,Argentina,PAY0,Nueva York,Estados Unidos,35014186.00,GOB USD ARG (PAY0),USD,USD,5.00%,15.00%,0.53,5.00,5.53,,,,1.00,5.25%,0.53%,183824.48,1750709.30,1934533.78,360.00,180.00
2037-10-08T00:00:00.000Z,23,2037-10-08T00:00:00.000Z,Vista Energy Argentina,VSCXO,Nueva York,Estados Unidos,500000000.00,COR USD Vista Energy Argentina C31 (VSCXO),USD,USD,,34.00%,1.34,,1.34,,,,1.00,7.88%,1.34%,6693750.00,,6693750.00,360.00,180.00
2037-11-16T00:00:00.000Z,23,2037-11-14T00:00:00.000Z,Pampa Energia,MG1RO,Nueva York,Estados Unidos,500000000.00,COR USD Pampa Energia C26 Adicionales (MG1RO),USD,USD,100.00%,,3.88,100.00,103.88,,,,1.00,7.75%,3.88%,19375000.00,500000000.00,519375000.00,360.00,180.00
2037-11-16T00:00:00.000Z,24,2037-11-14T00:00:00.000Z,Pampa Energia,MGCRO,Nueva York,Estados Unidos,450000000.00,COR USD Pampa Energia C26 (MGCRO),USD,USD,100.00%,,3.88,100.00,103.88,,,,1.00,7.75%,3.88%,17437500.00,450000000.00,467437500.00,360.00,180.00
2037-12-15T00:00:00.000Z,40,2037-12-15T00:00:00.000Z,YPF,YCANO,Nueva York,Estados Unidos,536612500.00,COR USD YPF 15-12-47,USD,USD,,100.00%,3.50,,3.50,,,,1.00,7.00%,3.50%,18781437.50,,18781437.50,360.00,180.00
2037-12-31T00:00:00.000Z,68,2037-12-31T00:00:00.000Z,Argentina,CUAP,Argentina,Argentina,23434050685.00,GOB ARS ARG (CUAP),ARS,ARS,5.00%,80.00%,1046.09,3718.12,4764.21,CER,,535.52,1.39,3.31%,1.95%,245141991953.10,871306275307.05,1116448267260.14,360.00,180.00
2038-01-11T00:00:00.000Z,34,2038-01-09T00:00:00.000Z,Argentina,GD38,Nueva York,Estados Unidos,10063292000.00,GOB USD ARG Birad (GD38),USD,USD,4.55%,,0.11,4.55,4.66,,,,1.00,5.00%,0.11%,11435535.08,457421357.31,468856892.38,360.00,180.00
2038-01-11T00:00:00.000Z,34,2038-01-09T00:00:00.000Z,Argentina,GD41,Nueva York,Estados Unidos,10482111279.00,GOB USD ARG Birad (GD41),USD,USD,3.57%,25.00%,0.70,3.57,4.27,,,,1.00,4.88%,0.70%,73000395.94,374361117.11,447361513.04,360.00,180.00
2038-01-11T00:00:00.000Z,34,2038-01-09T00:00:00.000Z,Argentina,GD46,Nueva York,Estados Unidos,2091997124.00,GOB USD ARG Birad (GD46),USD,USD,2.27%,38.64%,1.02,2.27,3.30,,,,1.00,5.00%,1.02%,21395428.84,47545389.18,68940818.02,360.00,180.00
2038-01-11T00:00:00.000Z,34,2038-01-09T00:00:00.000Z,Argentina,AE38,Argentina,Argentina,12324977546.00,GOB USD ARG Bonar (AE38),USD,USD,4.55%,,0.11,4.55,4.66,,,,1.00,5.00%,0.11%,14005626.89,560225075.62,574230702.51,360.00,180.00
2038-01-11T00:00:00.000Z,34,2038-01-09T00:00:00.000Z,Argentina,AL41,Argentina,Argentina,1542233749.00,GOB USD ARG Bonar (AL41),USD,USD,3.57%,25.00%,0.70,3.57,4.27,,,,1.00,4.88%,0.70%,10740553.24,55079776.75,65820329.99,360.00,180.00
2038-03-31T00:00:00.000Z,68,2038-03-31T00:00:00.000Z,Argentina,PAP0,Argentina,Argentina,11245518.00,GOB ARS ARG Boncer (PAP0),ARS,ARS,5.00%,10.00%,99.61,2677.62,2777.23,CER,,535.52,1.00,2.48%,0.19%,11201374.84,301112239.07,312313613.92,360.00,180.00
2038-03-31T00:00:00.000Z,68,2038-03-31T00:00:00.000Z,Argentina,PARP,Argentina,Argentina,2858331172.00,GOB ARS ARG Boncer (PARP),ARS,ARS,5.00%,10.00%,99.61,2677.62,2777.23,CER,,535.52,1.00,2.48%,0.19%,2847111078.82,76535247127.71,79382358206.52,360.00,180.00
2038-03-31T00:00:00.000Z,58,2038-03-31T00:00:00.000Z,Argentina,PAY0,Nueva York,Estados Unidos,35014186.00,GOB USD ARG (PAY0),USD,USD,5.00%,10.00%,0.39,5.00,5.39,,,,1.00,5.25%,0.39%,137868.36,1750709.30,1888577.66,360.00,180.00
2038-04-08T00:00:00.000Z,24,2038-04-08T00:00:00.000Z,Vista Energy Argentina,VSCXO,Nueva York,Estados Unidos,500000000.00,COR USD Vista Energy Argentina C31 (VSCXO),USD,USD,34.00%,,1.34,34.00,35.34,,,,1.00,7.88%,1.34%,6693750.00,170000000.00,176693750.00,360.00,180.00
2038-06-15T00:00:00.000Z,41,2038-06-15T00:00:00.000Z,YPF,YCANO,Nueva York,Estados Unidos,536612500.00,COR USD YPF 15-12-47,USD,USD,,100.00%,3.50,,3.50,,,,1.00,7.00%,3.50%,18781437.50,,18781437.50,360.00,180.00
2038-06-30T00:00:00.000Z,69,2038-06-30T00:00:00.000Z,Argentina,CUAP,Argentina,Argentina,23434050685.00,GOB ARS ARG (CUAP),ARS,ARS,5.00%,75.00%,984.56,3718.12,4702.68,CER,,535.52,1.39,3.31%,1.84%,230721867611.32,871306275307.05,1102028142918.37,360.00,180.00
2038-07-12T00:00:00.000Z,35,2038-07-09T00:00:00.000Z,Argentina,GD41,Nueva York,Estados Unidos,10482111279.00,GOB USD ARG Birad (GD41),USD,USD,3.57%,21.43%,0.61,3.57,4.18,,,,1.00,4.88%,0.61%,63875342.61,374361117.11,438236459.72,360.00,180.00
2038-07-12T00:00:00.000Z,35,2038-07-09T00:00:00.000Z,Argentina,GD46,Nueva York,Estados Unidos,2091997124.00,GOB USD ARG Birad (GD46),USD,USD,2.27%,36.36%,0.97,2.27,3.24,,,,1.00,5.00%,0.97%,20206794.25,47545389.18,67752183.44,360.00,180.00
2038-07-12T00:00:00.000Z,35,2038-07-09T00:00:00.000Z,Argentina,AL41,Argentina,Argentina,1542233749.00,GOB USD ARG Bonar (AL41),USD,USD,3.57%,21.43%,0.61,3.57,4.18,,,,1.00,4.88%,0.61%,9397983.52,55079776.75,64477760.27,360.00,180.00
2038-09-30T00:00:00.000Z,69,2038-09-30T00:00:00.000Z,Argentina,PAP0,Argentina,Argentina,11245518.00,GOB ARS ARG Boncer (PAP0),ARS,ARS,5.00%,5.00%,66.40,2677.62,2744.02,CER,,535.52,1.00,2.48%,0.12%,7467582.85,301112239.07,308579821.93,360.00,180.00
2038-09-30T00:00:00.000Z,69,2038-09-30T00:00:00.000Z,Argentina,PARP,Argentina,Argentina,2858331172.00,GOB ARS ARG Boncer (PARP),ARS,ARS,5.00%,5.00%,66.40,2677.62,2744.02,CER,,535.52,1.00,2.48%,0.12%,1898073957.27,76535247127.71,78433321084.97,360.00,180.00
2038-09-30T00:00:00.000Z,59,2038-09-30T00:00:00.000Z,Argentina,PAY0,Nueva York,Estados Unidos,35014186.00,GOB USD ARG (PAY0),USD,USD,5.00%,5.00%,0.26,5.00,5.26,,,,1.00,5.25%,0.26%,91912.24,1750709.30,1842621.54,360.00,180.00
2038-12-15T00:00:00.000Z,42,2038-12-15T00:00:00.000Z,YPF,YCANO,Nueva York,Estados Unidos,536612500.00,COR USD YPF 15-12-47,USD,USD,,100.00%,3.50,,3.50,,,,1.00,7.00%,3.50%,18781437.50,,18781437.50,360.00,180.00
2038-12-31T00:00:00.000Z,70,2038-12-31T00:00:00.000Z,Argentina,PAP0,Argentina,Argentina,11245518.00,GOB ARS ARG Boncer (PAP0),ARS,ARS,5.00%,,16.60,2677.62,2694.22,CER,,535.52,1.00,2.48%,0.03%,1866895.43,301112239.07,302979134.50,360.00,90.00
2038-12-31T00:00:00.000Z,70,2038-12-31T00:00:00.000Z,Argentina,PARP,Argentina,Argentina,2858331172.00,GOB ARS ARG Boncer (PARP),ARS,ARS,5.00%,,16.60,2677.62,2694.22,CER,,535.52,1.00,2.48%,0.03%,474518417.86,76535247127.71,77009765545.56,360.00,90.00
2038-12-31T00:00:00.000Z,70,2038-12-31T00:00:00.000Z,Argentina,CUAP,Argentina,Argentina,23434050685.00,GOB ARS ARG (CUAP),ARS,ARS,5.00%,70.00%,923.02,3718.12,4641.14,CER,,535.52,1.39,3.31%,1.72%,216301743269.55,871306275307.05,1087608018576.60,360.00,180.00
2038-12-31T00:00:00.000Z,60,2038-12-31T00:00:00.000Z,Argentina,PAY0,Nueva York,Estados Unidos,35014186.00,GOB USD ARG (PAY0),USD,USD,5.00%,,0.07,5.00,5.07,,,,1.00,5.25%,0.07%,22978.06,1750709.30,1773687.36,360.00,90.00
2039-01-10T00:00:00.000Z,36,2039-01-09T00:00:00.000Z,Argentina,GD41,Nueva York,Estados Unidos,10482111279.00,GOB USD ARG Birad (GD41),USD,USD,3.57%,17.86%,0.52,3.57,4.09,,,,1.00,4.88%,0.52%,54750289.29,374361117.11,429111406.39,360.00,180.00
2039-01-10T00:00:00.000Z,36,2039-01-09T00:00:00.000Z,Argentina,GD46,Nueva York,Estados Unidos,2091997124.00,GOB USD ARG Birad (GD46),USD,USD,2.27%,34.09%,0.91,2.27,3.18,,,,1.00,5.00%,0.91%,19018159.67,47545389.18,66563548.85,360.00,180.00
2039-01-10T00:00:00.000Z,36,2039-01-09T00:00:00.000Z,Argentina,AL41,Argentina,Argentina,1542233749.00,GOB USD ARG Bonar (AL41),USD,USD,3.57%,17.86%,0.52,3.57,4.09,,,,1.00,4.88%,0.52%,8055413.81,55079776.75,63135190.56,360.00,180.00
2039-06-15T00:00:00.000Z,43,2039-06-15T00:00:00.000Z,YPF,YCANO,Nueva York,Estados Unidos,536612500.00,COR USD YPF 15-12-47,USD,USD,,100.00%,3.50,,3.50,,,,1.00,7.00%,3.50%,18781437.50,,18781437.50,360.00,180.00
2039-06-30T00:00:00.000Z,71,2039-06-30T00:00:00.000Z,Argentina,CUAP,Argentina,Argentina,23434050685.00,GOB ARS ARG (CUAP),ARS,ARS,5.00%,65.00%,861.49,3718.12,4579.61,CER,,535.52,1.39,3.31%,1.61%,201881616584.37,871306275307.05,1073187891891.42,360.00,180.00
2039-07-11T00:00:00.000Z,37,2039-07-09T00:00:00.000Z,Argentina,GD41,Nueva York,Estados Unidos,10482111279.00,GOB USD ARG Birad (GD41),USD,USD,3.57%,14.29%,0.44,3.57,4.01,,,,1.00,4.88%,0.44%,45625235.96,374361117.11,419986353.07,360.00,180.00
2039-07-11T00:00:00.000Z,37,2039-07-09T00:00:00.000Z,Argentina,GD46,Nueva York,Estados Unidos,2091997124.00,GOB USD ARG Birad (GD46),USD,USD,2.27%,31.82%,0.85,2.27,3.13,,,,1.00,5.00%,0.85%,17829525.08,47545389.18,65374914.26,360.00,180.00
2039-07-11T00:00:00.000Z,37,2039-07-09T00:00:00.000Z,Argentina,AL41,Argentina,Argentina,1542233749.00,GOB USD ARG Bonar (AL41),USD,USD,3.57%,14.29%,0.44,3.57,4.01,,,,1.00,4.88%,0.44%,6712844.09,55079776.75,61792620.84,360.00,180.00
2039-12-15T00:00:00.000Z,44,2039-12-15T00:00:00.000Z,YPF,YCANO,Nueva York,Estados Unidos,536612500.00,COR USD YPF 15-12-47,USD,USD,,100.00%,3.50,,3.50,,,,1.00,7.00%,3.50%,18781437.50,,18781437.50,360.00,180.00
2040-01-02T00:00:00.000Z,72,2039-12-31T00:00:00.000Z,Argentina,CUAP,Argentina,Argentina,23434050685.00,GOB ARS ARG (CUAP),ARS,ARS,5.00%,60.00%,799.95,3718.12,4518.07,CER,,535.52,1.39,3.31%,1.49%,187461492242.60,871306275307.05,1058767767549.64,360.00,180.00
2040-01-09T00:00:00.000Z,38,2040-01-09T00:00:00.000Z,Argentina,GD41,Nueva York,Estados Unidos,10482111279.00,GOB USD ARG Birad (GD41),USD,USD,3.57%,10.71%,0.35,3.57,3.92,,,,1.00,4.88%,0.35%,36500182.64,374361117.11,410861299.74,360.00,180.00
2040-01-09T00:00:00.000Z,38,2040-01-09T00:00:00.000Z,Argentina,GD46,Nueva York,Estados Unidos,2091997124.00,GOB USD ARG Birad (GD46),USD,USD,2.27%,29.55%,0.80,2.27,3.07,,,,1.00,5.00%,0.80%,16640890.49,47545389.18,64186279.67,360.00,180.00
2040-01-09T00:00:00.000Z,38,2040-01-09T00:00:00.000Z,Argentina,AL41,Argentina,Argentina,1542233749.00,GOB USD ARG Bonar (AL41),USD,USD,3.57%,10.71%,0.35,3.57,3.92,,,,1.00,4.88%,0.35%,5370274.37,55079776.75,60450051.12,360.00,180.00
2040-06-15T00:00:00.000Z,45,2040-06-15T00:00:00.000Z,YPF,YCANO,Nueva York,Estados Unidos,536612500.00,COR USD YPF 15-12-47,USD,USD,,100.00%,3.50,,3.50,,,,1.00,7.00%,3.50%,18781437.50,,18781437.50,360.00,180.00
2040-07-02T00:00:00.000Z,73,2040-06-30T00:00:00.000Z,Argentina,CUAP,Argentina,Argentina,23434050685.00,GOB ARS ARG (CUAP),ARS,ARS,5.00%,55.00%,738.42,3718.12,4456.54,CER,,535.52,1.39,3.31%,1.38%,173041367900.82,871306275307.05,1044347643207.87,360.00,180.00
2040-07-10T00:00:00.000Z,39,2040-07-09T00:00:00.000Z,Argentina,GD41,Nueva York,Estados Unidos,10482111279.00,GOB USD ARG Birad (GD41),USD,USD,3.57%,7.14%,0.26,3.57,3.83,,,,1.00,4.88%,0.26%,27375129.31,374361117.11,401736246.42,360.00,180.00
2040-07-10T00:00:00.000Z,39,2040-07-09T00:00:00.000Z,Argentina,GD46,Nueva York,Estados Unidos,2091997124.00,GOB USD ARG Birad (GD46),USD,USD,2.27%,27.27%,0.74,2.27,3.01,,,,1.00,5.00%,0.74%,15452255.91,47545389.18,62997645.09,360.00,180.00
2040-07-10T00:00:00.000Z,39,2040-07-09T00:00:00.000Z,Argentina,AL41,Argentina,Argentina,1542233749.00,GOB USD ARG Bonar (AL41),USD,USD,3.57%,7.14%,0.26,3.57,3.83,,,,1.00,4.88%,0.26%,4027704.65,55079776.75,59107481.40,360.00,180.00
2040-12-17T00:00:00.000Z,46,2040-12-15T00:00:00.000Z,YPF,YCANO,Nueva York,Estados Unidos,536612500.00,COR USD YPF 15-12-47,USD,USD,,100.00%,3.50,,3.50,,,,1.00,7.00%,3.50%,18781437.50,,18781437.50,360.00,180.00
2040-12-31T00:00:00.000Z,74,2040-12-31T00:00:00.000Z,Argentina,CUAP,Argentina,Argentina,23434050685.00,GOB ARS ARG (CUAP),ARS,ARS,5.00%,50.00%,676.88,3718.12,4395.00,CER,,535.52,1.39,3.31%,1.26%,158621370102.92,871306275307.05,1029927645409.97,360.00,180.00
2041-01-09T00:00:00.000Z,40,2041-01-09T00:00:00.000Z,Argentina,GD41,Nueva York,Estados Unidos,10482111279.00,GOB USD ARG Birad (GD41),USD,USD,3.57%,3.57%,0.17,3.57,3.75,,,,1.00,4.88%,0.17%,18250075.99,374361117.11,392611193.10,360.00,180.00
2041-01-09T00:00:00.000Z,40,2041-01-09T00:00:00.000Z,Argentina,GD46,Nueva York,Estados Unidos,2091997124.00,GOB USD ARG Birad (GD46),USD,USD,2.27%,25.00%,0.68,2.27,2.95,,,,1.00,5.00%,0.68%,14263621.32,47545389.18,61809010.50,360.00,180.00
2041-01-09T00:00:00.000Z,40,2041-01-09T00:00:00.000Z,Argentina,AL41,Argentina,Argentina,1542233749.00,GOB USD ARG Bonar (AL41),USD,USD,3.57%,3.57%,0.17,3.57,3.75,,,,1.00,4.88%,0.17%,2685134.93,55079776.75,57764911.68,360.00,180.00
2041-06-18T00:00:00.000Z,47,2041-06-15T00:00:00.000Z,YPF,YCANO,Nueva York,Estados Unidos,536612500.00,COR USD YPF 15-12-47,USD,USD,,100.00%,3.50,,3.50,,,,1.00,7.00%,3.50%,18781437.50,,18781437.50,360.00,180.00
2041-07-01T00:00:00.000Z,75,2041-06-30T00:00:00.000Z,Argentina,CUAP,Argentina,Argentina,23434050685.00,GOB ARS ARG (CUAP),ARS,ARS,5.00%,45.00%,615.35,3718.12,4333.47,CER,,535.52,1.39,3.31%,1.15%,144201245761.15,871306275307.05,1015507521068.19,360.00,180.00
2041-07-10T00:00:00.000Z,41,2041-07-09T00:00:00.000Z,Argentina,GD41,Nueva York,Estados Unidos,10482111279.00,GOB USD ARG Birad (GD41),USD,USD,3.57%,,0.09,3.57,3.66,,,,1.00,4.88%,0.09%,9125022.66,374359859.25,383484881.92,360.00,180.00
2041-07-10T00:00:00.000Z,41,2041-07-09T00:00:00.000Z,Argentina,GD46,Nueva York,Estados Unidos,2091997124.00,GOB USD ARG Birad (GD46),USD,USD,2.27%,22.73%,0.63,2.27,2.90,,,,1.00,5.00%,0.63%,13074986.73,47545389.18,60620375.91,360.00,180.00
2041-07-10T00:00:00.000Z,41,2041-07-09T00:00:00.000Z,Argentina,AL41,Argentina,Argentina,1542233749.00,GOB USD ARG Bonar (AL41),USD,USD,3.57%,,0.09,3.57,3.66,,,,1.00,4.88%,0.09%,1342565.21,55079591.68,56422156.89,360.00,180.00
2041-12-16T00:00:00.000Z,48,2041-12-15T00:00:00.000Z,YPF,YCANO,Nueva York,Estados Unidos,536612500.00,COR USD YPF 15-12-47,USD,USD,,100.00%,3.50,,3.50,,,,1.00,7.00%,3.50%,18781437.50,,18781437.50,360.00,180.00
2041-12-31T00:00:00.000Z,76,2041-12-31T00:00:00.000Z,Argentina,CUAP,Argentina,Argentina,23434050685.00,GOB ARS ARG (CUAP),ARS,ARS,5.00%,40.00%,553.81,3718.12,4271.93,CER,,535.52,1.39,3.31%,1.03%,129781121419.37,871306275307.05,1001087396726.42,360.00,180.00
2042-01-09T00:00:00.000Z,42,2042-01-09T00:00:00.000Z,Argentina,GD46,Nueva York,Estados Unidos,2091997124.00,GOB USD ARG Birad (GD46),USD,USD,2.27%,20.45%,0.57,2.27,2.84,,,,1.00,5.00%,0.57%,11886352.15,47545389.18,59431741.33,360.00,180.00
2042-06-17T00:00:00.000Z,49,2042-06-15T00:00:00.000Z,YPF,YCANO,Nueva York,Estados Unidos,536612500.00,COR USD YPF 15-12-47,USD,USD,,100.00%,3.50,,3.50,,,,1.00,7.00%,3.50%,18781437.50,,18781437.50,360.00,180.00
2042-06-30T00:00:00.000Z,77,2042-06-30T00:00:00.000Z,Argentina,CUAP,Argentina,Argentina,23434050685.00,GOB ARS ARG (CUAP),ARS,ARS,5.00%,35.00%,492.28,3718.12,4210.40,CER,,535.52,1.39,3.31%,0.92%,115360997077.60,871306275307.05,986667272384.65,360.00,180.00
2042-07-10T00:00:00.000Z,43,2042-07-09T00:00:00.000Z,Argentina,GD46,Nueva York,Estados Unidos,2091997124.00,GOB USD ARG Birad (GD46),USD,USD,2.27%,18.18%,0.51,2.27,2.78,,,,1.00,5.00%,0.51%,10697717.56,47545389.18,58243106.74,360.00,180.00
2042-12-15T00:00:00.000Z,50,2042-12-15T00:00:00.000Z,YPF,YCANO,Nueva York,Estados Unidos,536612500.00,COR USD YPF 15-12-47,USD,USD,,100.00%,3.50,,3.50,,,,1.00,7.00%,3.50%,18781437.50,,18781437.50,360.00,180.00
2042-12-31T00:00:00.000Z,78,2042-12-31T00:00:00.000Z,Argentina,CUAP,Argentina,Argentina,23434050685.00,GOB ARS ARG (CUAP),ARS,ARS,5.00%,30.00%,430.74,3718.12,4148.87,CER,,535.52,1.39,3.31%,0.80%,100940872735.82,871306275307.05,972247148042.87,360.00,180.00
2043-01-09T00:00:00.000Z,44,2043-01-09T00:00:00.000Z,Argentina,GD46,Nueva York,Estados Unidos,2091997124.00,GOB USD ARG Birad (GD46),USD,USD,2.27%,15.91%,0.45,2.27,2.73,,,,1.00,5.00%,0.45%,9509082.97,47545389.18,57054472.15,360.00,180.00
2043-06-16T00:00:00.000Z,51,2043-06-15T00:00:00.000Z,YPF,YCANO,Nueva York,Estados Unidos,536612500.00,COR USD YPF 15-12-47,USD,USD,,100.00%,3.50,,3.50,,,,1.00,7.00%,3.50%,18781437.50,,18781437.50,360.00,180.00
2043-06-30T00:00:00.000Z,79,2043-06-30T00:00:00.000Z,Argentina,CUAP,Argentina,Argentina,23434050685.00,GOB ARS ARG (CUAP),ARS,ARS,5.00%,25.00%,369.21,3718.12,4087.33,CER,,535.52,1.39,3.31%,0.69%,86520746050.65,871306275307.05,957827021357.69,360.00,180.00
2043-07-10T00:00:00.000Z,45,2043-07-09T00:00:00.000Z,Argentina,GD46,Nueva York,Estados Unidos,2091997124.00,GOB USD ARG Birad (GD46),USD,USD,2.27%,13.64%,0.40,2.27,2.67,,,,1.00,5.00%,0.40%,8320448.38,47545389.18,55865837.57,360.00,180.00
2043-12-15T00:00:00.000Z,52,2043-12-15T00:00:00.000Z,YPF,YCANO,Nueva York,Estados Unidos,536612500.00,COR USD YPF 15-12-47,USD,USD,,100.00%,3.50,,3.50,,,,1.00,7.00%,3.50%,18781437.50,,18781437.50,360.00,180.00
2043-12-31T00:00:00.000Z,80,2043-12-31T00:00:00.000Z,Argentina,CUAP,Argentina,Argentina,23434050685.00,GOB ARS ARG (CUAP),ARS,ARS,5.00%,20.00%,307.67,3718.12,4025.80,CER,,535.52,1.39,3.31%,0.57%,72100621708.87,871306275307.05,943406897015.92,360.00,180.00
2044-01-11T00:00:00.000Z,46,2044-01-09T00:00:00.000Z,Argentina,GD46,Nueva York,Estados Unidos,2091997124.00,GOB USD ARG Birad (GD46),USD,USD,2.27%,11.36%,0.34,2.27,2.61,,,,1.00,5.00%,0.34%,7131813.80,47545389.18,54677202.98,360.00,180.00
2044-06-15T00:00:00.000Z,53,2044-06-15T00:00:00.000Z,YPF,YCANO,Nueva York,Estados Unidos,536612500.00,COR USD YPF 15-12-47,USD,USD,,100.00%,3.50,,3.50,,,,1.00,7.00%,3.50%,18781437.50,,18781437.50,360.00,180.00
2044-06-30T00:00:00.000Z,81,2044-06-30T00:00:00.000Z,Argentina,CUAP,Argentina,Argentina,23434050685.00,GOB ARS ARG (CUAP),ARS,ARS,5.00%,15.00%,246.14,3718.12,3964.26,CER,,535.52,1.39,3.31%,0.46%,57680497367.10,871306275307.05,928986772674.14,360.00,180.00
2044-07-11T00:00:00.000Z,47,2044-07-09T00:00:00.000Z,Argentina,GD46,Nueva York,Estados Unidos,2091997124.00,GOB USD ARG Birad (GD46),USD,USD,2.27%,9.09%,0.28,2.27,2.56,,,,1.00,5.00%,0.28%,5943179.21,47545389.18,53488568.39,360.00,180.00
2044-12-15T00:00:00.000Z,54,2044-12-15T00:00:00.000Z,YPF,YCANO,Nueva York,Estados Unidos,536612500.00,COR USD YPF 15-12-47,USD,USD,,100.00%,3.50,,3.50,,,,1.00,7.00%,3.50%,18781437.50,,18781437.50,360.00,180.00
2045-01-02T00:00:00.000Z,82,2044-12-31T00:00:00.000Z,Argentina,CUAP,Argentina,Argentina,23434050685.00,GOB ARS ARG (CUAP),ARS,ARS,5.00%,10.00%,184.60,3718.12,3902.73,CER,,535.52,1.39,3.31%,0.34%,43260373025.32,871306275307.05,914566648332.37,360.00,180.00
2045-01-09T00:00:00.000Z,48,2045-01-09T00:00:00.000Z,Argentina,GD46,Nueva York,Estados Unidos,2091997124.00,GOB USD ARG Birad (GD46),USD,USD,2.27%,6.82%,0.23,2.27,2.50,,,,1.00,5.00%,0.23%,4754544.62,47545389.18,52299933.81,360.00,180.00
2045-06-15T00:00:00.000Z,55,2045-06-15T00:00:00.000Z,YPF,YCANO,Nueva York,Estados Unidos,536612500.00,COR USD YPF 15-12-47,USD,USD,,100.00%,3.50,,3.50,,,,1.00,7.00%,3.50%,18781437.50,,18781437.50,360.00,180.00
2045-06-30T00:00:00.000Z,83,2045-06-30T00:00:00.000Z,Argentina,CUAP,Argentina,Argentina,23434050685.00,GOB ARS ARG (CUAP),ARS,ARS,5.00%,5.00%,123.07,3718.12,3841.19,CER,,535.52,1.39,3.31%,0.23%,28840248683.55,871306275307.05,900146523990.59,360.00,180.00
2045-07-10T00:00:00.000Z,49,2045-07-09T00:00:00.000Z,Argentina,GD46,Nueva York,Estados Unidos,2091997124.00,GOB USD ARG Birad (GD46),USD,USD,2.27%,4.55%,0.17,2.27,2.44,,,,1.00,5.00%,0.17%,3565910.04,47545389.18,51111299.22,360.00,180.00
2045-12-15T00:00:00.000Z,56,2045-12-15T00:00:00.000Z,YPF,YCANO,Nueva York,Estados Unidos,536612500.00,COR USD YPF 15-12-47,USD,USD,,100.00%,3.50,,3.50,,,,1.00,7.00%,3.50%,18781437.50,,18781437.50,360.00,180.00
2046-01-02T00:00:00.000Z,84,2045-12-31T00:00:00.000Z,Argentina,CUAP,Argentina,Argentina,23434050685.00,GOB ARS ARG (CUAP),ARS,ARS,5.00%,,61.53,3718.12,3779.66,CER,,535.52,1.39,3.31%,0.11%,14420124341.77,871306275307.05,885726399648.82,360.00,180.00
2046-01-09T00:00:00.000Z,50,2046-01-09T00:00:00.000Z,Argentina,GD46,Nueva York,Estados Unidos,2091997124.00,GOB USD ARG Birad (GD46),USD,USD,2.27%,2.27%,0.11,2.27,2.39,,,,1.00,5.00%,0.11%,2377275.45,47545389.18,49922664.63,360.00,180.00
2046-06-15T00:00:00.000Z,57,2046-06-15T00:00:00.000Z,YPF,YCANO,Nueva York,Estados Unidos,536612500.00,COR USD YPF 15-12-47,USD,USD,,100.00%,3.50,,3.50,,,,1.00,7.00%,3.50%,18781437.50,,18781437.50,360.00,180.00
2046-07-10T00:00:00.000Z,51,2046-07-09T00:00:00.000Z,Argentina,GD46,Nueva York,Estados Unidos,2091997124.00,GOB USD ARG Birad (GD46),USD,USD,2.27%,,0.06,2.27,2.33,,,,1.00,5.00%,0.06%,1188640.86,47545640.22,48734281.08,360.00,180.00
2046-12-17T00:00:00.000Z,58,2046-12-15T00:00:00.000Z,YPF,YCANO,Nueva York,Estados Unidos,536612500.00,COR USD YPF 15-12-47,USD,USD,,100.00%,3.50,,3.50,,,,1.00,7.00%,3.50%,18781437.50,,18781437.50,360.00,180.00
2047-06-18T00:00:00.000Z,59,2047-06-15T00:00:00.000Z,YPF,YCANO,Nueva York,Estados Unidos,536612500.00,COR USD YPF 15-12-47,USD,USD,,100.00%,3.50,,3.50,,,,1.00,7.00%,3.50%,18781437.50,,18781437.50,360.00,180.00
2047-12-16T00:00:00.000Z,60,2047-12-15T00:00:00.000Z,YPF,YCANO,Nueva York,Estados Unidos,536612500.00,COR USD YPF 15-12-47,USD,USD,100.00%,,3.50,100.00,103.50,,,,1.00,7.00%,3.50%,18781437.50,536612500.00,555393937.50,360.00,180.00